symbol,archetype,history_years,data_readiness,economic_quality,earnings_durability,earnings_quality,balance_sheet,capital_allocation,dilution,accounting_consistency,critical_findings,high_findings,value_trap,compounder_class,decision_state
AAA,NORMAL_ENTERPRISE,15,READY,FAIL,PASS,UNKNOWN,PASS,PASS,PASS,PASS,0,1,HIGH_RISK,WEAK_BUSINESS,AVOID
AAH,NORMAL_ENTERPRISE,6,READY,FAIL,FAIL,UNKNOWN,PASS,WATCH,PASS,PASS,0,2,HIGH_RISK,WEAK_BUSINESS,AVOID
AAM,NORMAL_ENTERPRISE,10,READY,FAIL,FAIL,FAIL,PASS,WATCH,PASS,PASS,0,3,HIGH_RISK,DETERIORATING_BUSINESS,AVOID
AAN,NORMAL_ENTERPRISE,3,PARTIAL,FAIL,PASS,UNKNOWN,PASS,PASS,PASS,PASS,0,1,HIGH_RISK,WEAK_BUSINESS,AVOID
AAS,NORMAL_ENTERPRISE,15,READY,FAIL,WATCH,UNKNOWN,PASS,PASS,PASS,PASS,0,1,HIGH_RISK,WEAK_BUSINESS,AVOID
AAT,NORMAL_ENTERPRISE,10,READY,FAIL,FAIL,FAIL,WATCH,WATCH,PASS,PASS,0,3,HIGH_RISK,DETERIORATING_BUSINESS,AVOID
AAV,NORMAL_ENTERPRISE,12,READY,FAIL,FAIL,UNKNOWN,PASS,WATCH,PASS,PASS,0,2,HIGH_RISK,WEAK_BUSINESS,AVOID
ABB,BANK,15,READY,FAIL,FAIL,NOT_APPLICABLE,PASS,PASS,PASS,PASS,0,1,HIGH_RISK,WEAK_BUSINESS,AVOID
ABC,NORMAL_ENTERPRISE,10,READY,FAIL,FAIL,FAIL,PASS,WATCH,PASS,PASS,0,3,HIGH_RISK,DETERIORATING_BUSINESS,AVOID
ABI,NORMAL_ENTERPRISE,10,READY,PASS,PASS,PASS,FAIL,PASS,WATCH,PASS,0,1,HIGH_RISK,DETERIORATING_BUSINESS,AVOID
ABR,NORMAL_ENTERPRISE,10,READY,FAIL,PASS,FAIL,PASS,PASS,WATCH,PASS,0,2,HIGH_RISK,DETERIORATING_BUSINESS,AVOID
ABS,NORMAL_ENTERPRISE,10,READY,FAIL,WATCH,UNKNOWN,PASS,WATCH,PASS,PASS,0,1,HIGH_RISK,WEAK_BUSINESS,AVOID
ABT,NORMAL_ENTERPRISE,10,READY,WATCH,PASS,PASS,PASS,PASS,PASS,PASS,0,0,CLEAR,AVERAGE_BUSINESS,BUY
ABW,NORMAL_ENTERPRISE,15,READY,FAIL,PASS,UNKNOWN,FAIL,PASS,PASS,PASS,0,2,HIGH_RISK,DETERIORATING_BUSINESS,AVOID
ACB,BANK,15,READY,PASS,PASS,NOT_APPLICABLE,PASS,PASS,PASS,PASS,0,0,CLEAR,AVERAGE_BUSINESS,BUY
ACC,NORMAL_ENTERPRISE,15,READY,WATCH,PASS,UNKNOWN,PASS,WATCH,PASS,WATCH,0,1,HIGH_RISK,DETERIORATING_BUSINESS,AVOID
ACE,NORMAL_ENTERPRISE,10,READY,PASS,PASS,FAIL,WATCH,WATCH,PASS,PASS,0,1,HIGH_RISK,DETERIORATING_BUSINESS,AVOID
ACG,NORMAL_ENTERPRISE,7,READY,WATCH,PASS,WATCH,PASS,PASS,WATCH,PASS,0,0,WATCH,AVERAGE_BUSINESS,WAIT_FOR_MOS
ACL,NORMAL_ENTERPRISE,10,READY,FAIL,PASS,WATCH,WATCH,WATCH,WATCH,PASS,0,1,HIGH_RISK,WEAK_BUSINESS,AVOID
ACM,NORMAL_ENTERPRISE,10,READY,FAIL,FAIL,FAIL,PASS,WATCH,PASS,PASS,0,3,HIGH_RISK,DETERIORATING_BUSINESS,AVOID
ACS,NORMAL_ENTERPRISE,8,READY,FAIL,FAIL,FAIL,FAIL,WATCH,PASS,PASS,0,4,HIGH_RISK,DETERIORATING_BUSINESS,AVOID
ACV,NORMAL_ENTERPRISE,15,READY,WATCH,PASS,UNKNOWN,PASS,PASS,PASS,PASS,0,0,CLEAR,AVERAGE_BUSINESS,BUY
ADC,NORMAL_ENTERPRISE,10,READY,PASS,PASS,WATCH,WATCH,PASS,PASS,PASS,0,0,WATCH,AVERAGE_BUSINESS,WAIT_FOR_MOS
ADG,NORMAL_ENTERPRISE,9,READY,PASS,PASS,WATCH,PASS,WATCH,WATCH,PASS,0,0,WATCH,AVERAGE_BUSINESS,WAIT_FOR_MOS
ADP,NORMAL_ENTERPRISE,10,READY,PASS,PASS,PASS,PASS,WATCH,PASS,PASS,0,0,CLEAR,AVERAGE_BUSINESS,BUY
ADS,NORMAL_ENTERPRISE,15,READY,WATCH,PASS,UNKNOWN,WATCH,PASS,PASS,PASS,0,0,CLEAR,AVERAGE_BUSINESS,BUY
AFX,NORMAL_ENTERPRISE,15,READY,FAIL,WATCH,UNKNOWN,WATCH,WATCH,PASS,PASS,0,1,HIGH_RISK,WEAK_BUSINESS,AVOID
AG1,NORMAL_ENTERPRISE,1,INSUFFICIENT,FAIL,PASS,UNKNOWN,FAIL,WATCH,PASS,PASS,0,2,HIGH_RISK,INSUFFICIENT_DATA,AVOID
AGF,NORMAL_ENTERPRISE,10,READY,FAIL,FAIL,PASS,PASS,WATCH,PASS,PASS,0,2,HIGH_RISK,WEAK_BUSINESS,AVOID
AGG,NORMAL_ENTERPRISE,10,READY,PASS,PASS,UNKNOWN,PASS,PASS,PASS,PASS,0,0,CLEAR,POTENTIAL_COMPOUNDER,BUY
AGM,NORMAL_ENTERPRISE,10,READY,FAIL,FAIL,FAIL,PASS,WATCH,PASS,PASS,0,3,HIGH_RISK,DETERIORATING_BUSINESS,AVOID
AGP,NORMAL_ENTERPRISE,10,READY,WATCH,PASS,FAIL,FAIL,PASS,WATCH,PASS,0,2,HIGH_RISK,DETERIORATING_BUSINESS,AVOID
AGR,SECURITIES,15,READY,FAIL,FAIL,NOT_APPLICABLE,PASS,WATCH,WATCH,PASS,0,1,HIGH_RISK,WEAK_BUSINESS,AVOID
AGX,NORMAL_ENTERPRISE,10,READY,PASS,PASS,WATCH,PASS,PASS,PASS,PASS,0,0,WATCH,COMPOUNDER,WAIT_FOR_MOS
AIC,NORMAL_ENTERPRISE,8,READY,FAIL,PASS,PASS,FAIL,WATCH,PASS,PASS,0,2,HIGH_RISK,DETERIORATING_BUSINESS,AVOID
AIG,NORMAL_ENTERPRISE,8,READY,WATCH,PASS,UNKNOWN,PASS,PASS,PASS,PASS,0,0,CLEAR,AVERAGE_BUSINESS,BUY
ALC,NORMAL_ENTERPRISE,1,INSUFFICIENT,PASS,PASS,UNKNOWN,PASS,WATCH,PASS,PASS,0,0,CLEAR,INSUFFICIENT_DATA,REVIEW_BUSINESS
ALT,NORMAL_ENTERPRISE,10,READY,FAIL,PASS,PASS,PASS,PASS,PASS,PASS,0,1,HIGH_RISK,WEAK_BUSINESS,AVOID
ALV,NORMAL_ENTERPRISE,9,READY,FAIL,WATCH,FAIL,PASS,PASS,WATCH,PASS,0,2,HIGH_RISK,DETERIORATING_BUSINESS,AVOID
AMC,NORMAL_ENTERPRISE,10,READY,PASS,PASS,PASS,WATCH,WATCH,PASS,PASS,0,0,CLEAR,AVERAGE_BUSINESS,BUY
AME,NORMAL_ENTERPRISE,10,READY,FAIL,PASS,FAIL,FAIL,PASS,WATCH,PASS,0,3,HIGH_RISK,DETERIORATING_BUSINESS,AVOID
AMP,NORMAL_ENTERPRISE,10,READY,FAIL,PASS,FAIL,FAIL,WATCH,PASS,PASS,0,3,HIGH_RISK,DETERIORATING_BUSINESS,AVOID
AMS,NORMAL_ENTERPRISE,15,READY,FAIL,PASS,UNKNOWN,FAIL,PASS,PASS,PASS,0,2,HIGH_RISK,DETERIORATING_BUSINESS,AVOID
AMV,NORMAL_ENTERPRISE,15,READY,FAIL,FAIL,UNKNOWN,PASS,WATCH,PASS,PASS,0,2,HIGH_RISK,WEAK_BUSINESS,AVOID
ANI,NORMAL_ENTERPRISE,6,READY,PASS,PASS,FAIL,FAIL,PASS,PASS,PASS,0,2,HIGH_RISK,DETERIORATING_BUSINESS,AVOID
ANT,NORMAL_ENTERPRISE,15,READY,WATCH,WATCH,UNKNOWN,FAIL,PASS,PASS,PASS,0,1,HIGH_RISK,DETERIORATING_BUSINESS,AVOID
ANV,NORMAL_ENTERPRISE,15,READY,FAIL,PASS,UNKNOWN,PASS,PASS,PASS,WATCH,0,1,HIGH_RISK,WEAK_BUSINESS,AVOID
APC,NORMAL_ENTERPRISE,10,READY,FAIL,FAIL,WATCH,PASS,WATCH,PASS,PASS,0,2,HIGH_RISK,WEAK_BUSINESS,AVOID
APF,NORMAL_ENTERPRISE,15,READY,PASS,PASS,UNKNOWN,WATCH,PASS,PASS,PASS,0,0,CLEAR,AVERAGE_BUSINESS,BUY
APG,NORMAL_ENTERPRISE,15,READY,FAIL,FAIL,UNKNOWN,WATCH,WATCH,PASS,PASS,0,2,HIGH_RISK,WEAK_BUSINESS,AVOID
APH,NORMAL_ENTERPRISE,8,READY,FAIL,WATCH,UNKNOWN,PASS,WATCH,PASS,PASS,0,1,HIGH_RISK,WEAK_BUSINESS,AVOID
API,NORMAL_ENTERPRISE,15,READY,FAIL,FAIL,UNKNOWN,WATCH,WATCH,PASS,PASS,0,2,HIGH_RISK,WEAK_BUSINESS,AVOID
APL,NORMAL_ENTERPRISE,10,READY,WATCH,PASS,FAIL,FAIL,WATCH,PASS,PASS,0,2,HIGH_RISK,DETERIORATING_BUSINESS,AVOID
APP,NORMAL_ENTERPRISE,10,READY,FAIL,FAIL,FAIL,WATCH,WATCH,PASS,PASS,0,3,HIGH_RISK,DETERIORATING_BUSINESS,AVOID
APS,NORMAL_ENTERPRISE,15,READY,FAIL,FAIL,UNKNOWN,PASS,WATCH,PASS,PASS,0,2,HIGH_RISK,WEAK_BUSINESS,AVOID
APT,NORMAL_ENTERPRISE,10,READY,PASS,FAIL,UNKNOWN,PASS,WATCH,PASS,PASS,0,1,HIGH_RISK,WEAK_BUSINESS,AVOID
ARM,NORMAL_ENTERPRISE,10,READY,WATCH,PASS,FAIL,FAIL,WATCH,PASS,PASS,0,2,HIGH_RISK,DETERIORATING_BUSINESS,AVOID
ART,NORMAL_ENTERPRISE,10,READY,FAIL,FAIL,FAIL,PASS,WATCH,PASS,PASS,0,3,HIGH_RISK,DETERIORATING_BUSINESS,AVOID
ASM,NORMAL_ENTERPRISE,15,READY,FAIL,PASS,UNKNOWN,FAIL,WATCH,PASS,PASS,0,2,HIGH_RISK,DETERIORATING_BUSINESS,AVOID
ASP,NORMAL_ENTERPRISE,15,READY,FAIL,FAIL,UNKNOWN,WATCH,WATCH,PASS,WATCH,0,2,HIGH_RISK,WEAK_BUSINESS,AVOID
AST,NORMAL_ENTERPRISE,10,READY,PASS,FAIL,PASS,PASS,PASS,WATCH,PASS,0,1,HIGH_RISK,AVERAGE_BUSINESS,AVOID
ATA,NORMAL_ENTERPRISE,10,READY,PASS,FAIL,FAIL,PASS,WATCH,PASS,PASS,0,2,HIGH_RISK,DETERIORATING_BUSINESS,AVOID
ATG,NORMAL_ENTERPRISE,10,READY,FAIL,FAIL,FAIL,FAIL,WATCH,PASS,PASS,0,4,HIGH_RISK,DETERIORATING_BUSINESS,AVOID
ATS,NORMAL_ENTERPRISE,10,READY,FAIL,FAIL,FAIL,PASS,WATCH,PASS,PASS,0,3,HIGH_RISK,DETERIORATING_BUSINESS,AVOID
AVC,NORMAL_ENTERPRISE,10,READY,PASS,PASS,PASS,PASS,PASS,PASS,PASS,0,0,CLEAR,AVERAGE_BUSINESS,BUY
AVG,NORMAL_ENTERPRISE,4,PARTIAL,FAIL,PASS,UNKNOWN,PASS,PASS,PASS,PASS,0,1,HIGH_RISK,WEAK_BUSINESS,AVOID
BAB,BANK,10,READY,FAIL,FAIL,NOT_APPLICABLE,PASS,PASS,PASS,PASS,0,1,HIGH_RISK,WEAK_BUSINESS,AVOID
BAF,NORMAL_ENTERPRISE,10,READY,WATCH,FAIL,UNKNOWN,WATCH,WATCH,PASS,PASS,0,2,HIGH_RISK,DETERIORATING_BUSINESS,AVOID
BAL,NORMAL_ENTERPRISE,10,READY,FAIL,FAIL,WATCH,PASS,WATCH,PASS,PASS,0,2,HIGH_RISK,WEAK_BUSINESS,AVOID
BAX,NORMAL_ENTERPRISE,10,READY,PASS,PASS,PASS,FAIL,PASS,PASS,PASS,0,1,HIGH_RISK,DETERIORATING_BUSINESS,AVOID
BBH,NORMAL_ENTERPRISE,7,READY,FAIL,PASS,PASS,PASS,WATCH,PASS,PASS,0,1,HIGH_RISK,WEAK_BUSINESS,AVOID
BBM,NORMAL_ENTERPRISE,10,READY,FAIL,PASS,PASS,PASS,WATCH,PASS,PASS,0,1,HIGH_RISK,WEAK_BUSINESS,AVOID
BBS,NORMAL_ENTERPRISE,10,READY,FAIL,PASS,PASS,WATCH,WATCH,PASS,PASS,0,1,HIGH_RISK,WEAK_BUSINESS,AVOID
BBT,NORMAL_ENTERPRISE,10,READY,PASS,PASS,FAIL,PASS,WATCH,WATCH,PASS,0,1,HIGH_RISK,DETERIORATING_BUSINESS,AVOID
BCA,NORMAL_ENTERPRISE,6,READY,FAIL,FAIL,FAIL,FAIL,WATCH,WATCH,PASS,0,4,HIGH_RISK,DETERIORATING_BUSINESS,AVOID
BCB,NORMAL_ENTERPRISE,9,READY,PASS,PASS,PASS,FAIL,PASS,WATCH,PASS,0,1,HIGH_RISK,DETERIORATING_BUSINESS,AVOID
BCC,NORMAL_ENTERPRISE,10,READY,FAIL,FAIL,PASS,WATCH,WATCH,PASS,PASS,0,2,HIGH_RISK,WEAK_BUSINESS,AVOID
BCE,NORMAL_ENTERPRISE,15,READY,FAIL,WATCH,UNKNOWN,WATCH,WATCH,PASS,PASS,0,1,HIGH_RISK,WEAK_BUSINESS,AVOID
BCF,NORMAL_ENTERPRISE,8,READY,PASS,PASS,PASS,PASS,PASS,PASS,PASS,0,0,CLEAR,AVERAGE_BUSINESS,BUY
BCM,NORMAL_ENTERPRISE,13,READY,WATCH,PASS,UNKNOWN,WATCH,PASS,PASS,PASS,0,0,CLEAR,AVERAGE_BUSINESS,BUY
BCP,NORMAL_ENTERPRISE,10,READY,FAIL,FAIL,FAIL,FAIL,WATCH,PASS,PASS,0,4,HIGH_RISK,DETERIORATING_BUSINESS,AVOID
BCV,NORMAL_ENTERPRISE,7,READY,FAIL,FAIL,PASS,PASS,WATCH,PASS,PASS,0,2,HIGH_RISK,WEAK_BUSINESS,AVOID
BDG,NORMAL_ENTERPRISE,10,READY,PASS,PASS,WATCH,PASS,PASS,WATCH,PASS,0,0,WATCH,AVERAGE_BUSINESS,WAIT_FOR_MOS
BDT,NORMAL_ENTERPRISE,11,READY,WATCH,WATCH,UNKNOWN,PASS,WATCH,PASS,PASS,0,0,CLEAR,AVERAGE_BUSINESS,BUY
BDW,NORMAL_ENTERPRISE,10,READY,WATCH,PASS,PASS,PASS,PASS,PASS,PASS,0,0,CLEAR,AVERAGE_BUSINESS,BUY
BED,NORMAL_ENTERPRISE,10,READY,PASS,PASS,PASS,PASS,WATCH,PASS,PASS,0,0,CLEAR,AVERAGE_BUSINESS,BUY
BEL,NORMAL_ENTERPRISE,10,READY,FAIL,FAIL,PASS,PASS,WATCH,PASS,PASS,0,2,HIGH_RISK,WEAK_BUSINESS,AVOID
BFC,NORMAL_ENTERPRISE,15,READY,PASS,PASS,UNKNOWN,WATCH,PASS,PASS,WATCH,0,0,WATCH,POTENTIAL_COMPOUNDER,WAIT_FOR_MOS
BGE,NORMAL_ENTERPRISE,3,PARTIAL,FAIL,FAIL,PASS,WATCH,WATCH,WATCH,PASS,0,2,HIGH_RISK,WEAK_BUSINESS,AVOID
BGW,NORMAL_ENTERPRISE,10,READY,FAIL,PASS,FAIL,PASS,PASS,PASS,PASS,0,2,HIGH_RISK,DETERIORATING_BUSINESS,AVOID
BHA,NORMAL_ENTERPRISE,10,READY,WATCH,WATCH,WATCH,PASS,PASS,PASS,PASS,0,0,WATCH,AVERAGE_BUSINESS,WAIT_FOR_MOS
BHC,NORMAL_ENTERPRISE,10,READY,PASS,FAIL,FAIL,PASS,WATCH,PASS,PASS,0,2,HIGH_RISK,DETERIORATING_BUSINESS,AVOID
BHG,NORMAL_ENTERPRISE,10,READY,FAIL,WATCH,FAIL,WATCH,WATCH,WATCH,PASS,0,2,HIGH_RISK,DETERIORATING_BUSINESS,AVOID
BHH,NORMAL_ENTERPRISE,1,INSUFFICIENT,FAIL,PASS,UNKNOWN,WATCH,WATCH,PASS,PASS,0,1,HIGH_RISK,INSUFFICIENT_DATA,AVOID
BHI,NORMAL_ENTERPRISE,2,INSUFFICIENT,FAIL,PASS,FAIL,FAIL,PASS,PASS,PASS,0,3,HIGH_RISK,INSUFFICIENT_DATA,AVOID
BHK,NORMAL_ENTERPRISE,10,READY,WATCH,PASS,PASS,PASS,WATCH,PASS,PASS,0,0,CLEAR,AVERAGE_BUSINESS,BUY
BHN,NORMAL_ENTERPRISE,10,READY,FAIL,PASS,PASS,PASS,WATCH,PASS,PASS,0,1,HIGH_RISK,WEAK_BUSINESS,AVOID
BHP,NORMAL_ENTERPRISE,10,READY,FAIL,PASS,PASS,PASS,WATCH,PASS,PASS,0,1,HIGH_RISK,WEAK_BUSINESS,AVOID
BIC,NORMAL_ENTERPRISE,15,READY,WATCH,PASS,WATCH,PASS,PASS,PASS,PASS,0,0,WATCH,AVERAGE_BUSINESS,WAIT_FOR_MOS
BID,BANK,15,READY,PASS,PASS,NOT_APPLICABLE,WATCH,PASS,PASS,PASS,0,0,WATCH,AVERAGE_BUSINESS,WAIT_FOR_MOS
BIG,NORMAL_ENTERPRISE,7,READY,FAIL,PASS,UNKNOWN,PASS,PASS,PASS,PASS,0,1,HIGH_RISK,WEAK_BUSINESS,AVOID
BIO,NORMAL_ENTERPRISE,10,READY,FAIL,FAIL,PASS,PASS,WATCH,PASS,PASS,0,2,HIGH_RISK,WEAK_BUSINESS,AVOID
BKC,NORMAL_ENTERPRISE,10,READY,FAIL,FAIL,FAIL,PASS,PASS,WATCH,PASS,0,3,HIGH_RISK,DETERIORATING_BUSINESS,AVOID
BKG,NORMAL_ENTERPRISE,9,READY,FAIL,PASS,UNKNOWN,PASS,PASS,PASS,PASS,0,2,HIGH_RISK,DETERIORATING_BUSINESS,AVOID
BLF,NORMAL_ENTERPRISE,10,READY,FAIL,FAIL,FAIL,FAIL,WATCH,PASS,PASS,0,4,HIGH_RISK,DETERIORATING_BUSINESS,AVOID
BLI,NORMAL_ENTERPRISE,10,READY,FAIL,PASS,PASS,FAIL,PASS,PASS,PASS,0,2,HIGH_RISK,DETERIORATING_BUSINESS,AVOID
BLN,NORMAL_ENTERPRISE,10,READY,FAIL,FAIL,PASS,FAIL,PASS,PASS,PASS,0,3,HIGH_RISK,DETERIORATING_BUSINESS,AVOID
BLT,NORMAL_ENTERPRISE,9,READY,FAIL,PASS,FAIL,WATCH,WATCH,PASS,PASS,0,2,HIGH_RISK,DETERIORATING_BUSINESS,AVOID
BMC,NORMAL_ENTERPRISE,10,READY,FAIL,PASS,FAIL,PASS,WATCH,PASS,PASS,0,2,HIGH_RISK,DETERIORATING_BUSINESS,AVOID
BMD,NORMAL_ENTERPRISE,10,READY,PASS,PASS,FAIL,WATCH,PASS,PASS,PASS,0,1,HIGH_RISK,DETERIORATING_BUSINESS,AVOID
BMF,NORMAL_ENTERPRISE,10,READY,WATCH,PASS,FAIL,FAIL,WATCH,WATCH,PASS,0,2,HIGH_RISK,DETERIORATING_BUSINESS,AVOID
BMG,NORMAL_ENTERPRISE,10,READY,WATCH,PASS,FAIL,PASS,WATCH,PASS,PASS,0,1,HIGH_RISK,DETERIORATING_BUSINESS,AVOID
BMI,NORMAL_ENTERPRISE,15,READY,FAIL,PASS,FAIL,PASS,WATCH,PASS,WATCH,0,2,HIGH_RISK,DETERIORATING_BUSINESS,AVOID
BMJ,NORMAL_ENTERPRISE,10,READY,WATCH,PASS,FAIL,PASS,PASS,WATCH,PASS,0,1,HIGH_RISK,DETERIORATING_BUSINESS,AVOID
BMP,NORMAL_ENTERPRISE,15,READY,PASS,PASS,UNKNOWN,PASS,PASS,PASS,PASS,0,0,CLEAR,AVERAGE_BUSINESS,BUY
BMS,NORMAL_ENTERPRISE,15,READY,FAIL,WATCH,UNKNOWN,PASS,PASS,PASS,PASS,0,1,HIGH_RISK,WEAK_BUSINESS,AVOID
BMV,NORMAL_ENTERPRISE,10,READY,FAIL,WATCH,FAIL,PASS,WATCH,PASS,PASS,0,2,HIGH_RISK,DETERIORATING_BUSINESS,AVOID
BNA,NORMAL_ENTERPRISE,10,READY,FAIL,PASS,UNKNOWN,WATCH,PASS,PASS,PASS,0,1,HIGH_RISK,WEAK_BUSINESS,AVOID
BNW,NORMAL_ENTERPRISE,10,READY,FAIL,PASS,PASS,WATCH,PASS,PASS,PASS,0,1,HIGH_RISK,WEAK_BUSINESS,AVOID
BOT,NORMAL_ENTERPRISE,9,READY,FAIL,FAIL,UNKNOWN,PASS,WATCH,PASS,PASS,0,2,HIGH_RISK,WEAK_BUSINESS,AVOID
BPC,NORMAL_ENTERPRISE,10,READY,FAIL,PASS,PASS,WATCH,WATCH,PASS,PASS,0,1,HIGH_RISK,WEAK_BUSINESS,AVOID
BQB,NORMAL_ENTERPRISE,10,READY,FAIL,FAIL,PASS,PASS,WATCH,PASS,PASS,0,2,HIGH_RISK,WEAK_BUSINESS,AVOID
BQP,NORMAL_ENTERPRISE,1,INSUFFICIENT,WATCH,PASS,UNKNOWN,WATCH,WATCH,PASS,PASS,0,0,CLEAR,INSUFFICIENT_DATA,REVIEW_BUSINESS
BRC,NORMAL_ENTERPRISE,10,READY,FAIL,PASS,PASS,PASS,WATCH,PASS,PASS,0,1,HIGH_RISK,WEAK_BUSINESS,AVOID
BRR,NORMAL_ENTERPRISE,10,READY,FAIL,PASS,WATCH,PASS,PASS,PASS,PASS,0,1,HIGH_RISK,WEAK_BUSINESS,AVOID
BRS,NORMAL_ENTERPRISE,10,READY,PASS,PASS,PASS,WATCH,PASS,PASS,PASS,0,0,CLEAR,AVERAGE_BUSINESS,BUY
BSA,NORMAL_ENTERPRISE,10,READY,PASS,PASS,PASS,PASS,PASS,WATCH,PASS,0,0,WATCH,AVERAGE_BUSINESS,WAIT_FOR_MOS
BSD,NORMAL_ENTERPRISE,10,READY,WATCH,PASS,PASS,WATCH,WATCH,PASS,PASS,0,0,CLEAR,AVERAGE_BUSINESS,BUY
BSG,NORMAL_ENTERPRISE,10,READY,FAIL,FAIL,PASS,PASS,WATCH,PASS,PASS,0,2,HIGH_RISK,WEAK_BUSINESS,AVOID
BSH,NORMAL_ENTERPRISE,10,READY,PASS,PASS,PASS,PASS,WATCH,PASS,PASS,0,0,CLEAR,AVERAGE_BUSINESS,BUY
BSI,SECURITIES,15,READY,PASS,PASS,NOT_APPLICABLE,PASS,WATCH,WATCH,PASS,0,0,CLEAR,WEAK_BUSINESS,BUY
BSL,NORMAL_ENTERPRISE,10,READY,FAIL,PASS,PASS,PASS,WATCH,PASS,PASS,0,1,HIGH_RISK,WEAK_BUSINESS,AVOID
BSP,NORMAL_ENTERPRISE,10,READY,FAIL,PASS,FAIL,PASS,WATCH,PASS,PASS,0,2,HIGH_RISK,DETERIORATING_BUSINESS,AVOID
BSQ,NORMAL_ENTERPRISE,10,READY,PASS,PASS,PASS,PASS,WATCH,PASS,PASS,0,0,CLEAR,AVERAGE_BUSINESS,BUY
BSR,NORMAL_ENTERPRISE,14,READY,WATCH,FAIL,UNKNOWN,PASS,WATCH,PASS,PASS,0,1,HIGH_RISK,AVERAGE_BUSINESS,AVOID
BTB,NORMAL_ENTERPRISE,10,READY,FAIL,FAIL,PASS,PASS,WATCH,PASS,PASS,0,2,HIGH_RISK,WEAK_BUSINESS,AVOID
BTD,NORMAL_ENTERPRISE,10,READY,PASS,PASS,FAIL,FAIL,WATCH,PASS,PASS,0,2,HIGH_RISK,DETERIORATING_BUSINESS,AVOID
BTG,NORMAL_ENTERPRISE,10,READY,FAIL,FAIL,FAIL,PASS,WATCH,PASS,PASS,0,3,HIGH_RISK,DETERIORATING_BUSINESS,AVOID
BTH,NORMAL_ENTERPRISE,10,READY,FAIL,FAIL,FAIL,PASS,WATCH,PASS,PASS,0,3,HIGH_RISK,DETERIORATING_BUSINESS,AVOID
BTN,NORMAL_ENTERPRISE,10,READY,FAIL,FAIL,FAIL,FAIL,WATCH,PASS,PASS,0,4,HIGH_RISK,DETERIORATING_BUSINESS,AVOID
BTP,NORMAL_ENTERPRISE,10,READY,FAIL,PASS,PASS,PASS,WATCH,PASS,PASS,0,1,HIGH_RISK,WEAK_BUSINESS,AVOID
BTS,NORMAL_ENTERPRISE,10,READY,FAIL,FAIL,PASS,FAIL,WATCH,PASS,PASS,0,3,HIGH_RISK,DETERIORATING_BUSINESS,AVOID
BTT,NORMAL_ENTERPRISE,10,READY,WATCH,PASS,PASS,PASS,PASS,PASS,PASS,0,0,CLEAR,AVERAGE_BUSINESS,BUY
BTU,NORMAL_ENTERPRISE,10,READY,PASS,PASS,PASS,PASS,PASS,PASS,PASS,0,0,CLEAR,COMPOUNDER,BUY
BTV,NORMAL_ENTERPRISE,10,READY,FAIL,FAIL,FAIL,WATCH,WATCH,PASS,PASS,0,3,HIGH_RISK,DETERIORATING_BUSINESS,AVOID
BTW,NORMAL_ENTERPRISE,10,READY,PASS,PASS,PASS,PASS,PASS,PASS,PASS,0,0,CLEAR,COMPOUNDER,BUY
BVB,BANK,15,READY,FAIL,FAIL,NOT_APPLICABLE,WATCH,WATCH,WATCH,PASS,0,1,HIGH_RISK,WEAK_BUSINESS,AVOID
BVG,NORMAL_ENTERPRISE,9,READY,FAIL,FAIL,FAIL,PASS,WATCH,PASS,PASS,0,3,HIGH_RISK,DETERIORATING_BUSINESS,AVOID
BVH,NORMAL_ENTERPRISE,15,READY,FAIL,PASS,PASS,PASS,PASS,PASS,WATCH,0,1,HIGH_RISK,WEAK_BUSINESS,AVOID
BVL,NORMAL_ENTERPRISE,7,READY,FAIL,PASS,PASS,PASS,PASS,WATCH,PASS,0,1,HIGH_RISK,WEAK_BUSINESS,AVOID
BVN,NORMAL_ENTERPRISE,10,READY,FAIL,FAIL,FAIL,PASS,PASS,PASS,PASS,0,3,HIGH_RISK,DETERIORATING_BUSINESS,AVOID
BVS,NORMAL_ENTERPRISE,15,READY,FAIL,WATCH,UNKNOWN,FAIL,WATCH,PASS,PASS,0,2,HIGH_RISK,DETERIORATING_BUSINESS,AVOID
BWA,NORMAL_ENTERPRISE,9,READY,FAIL,WATCH,PASS,FAIL,WATCH,PASS,PASS,0,2,HIGH_RISK,DETERIORATING_BUSINESS,AVOID
BWE,NORMAL_ENTERPRISE,15,READY,FAIL,PASS,UNKNOWN,WATCH,PASS,PASS,PASS,0,1,HIGH_RISK,WEAK_BUSINESS,AVOID
BWS,NORMAL_ENTERPRISE,10,READY,PASS,PASS,PASS,PASS,PASS,WATCH,PASS,0,0,WATCH,AVERAGE_BUSINESS,WAIT_FOR_MOS
BXH,NORMAL_ENTERPRISE,10,READY,FAIL,PASS,PASS,PASS,WATCH,PASS,PASS,0,1,HIGH_RISK,WEAK_BUSINESS,AVOID
C21,NORMAL_ENTERPRISE,10,READY,FAIL,FAIL,FAIL,PASS,WATCH,PASS,PASS,0,3,HIGH_RISK,DETERIORATING_BUSINESS,AVOID
C32,NORMAL_ENTERPRISE,15,READY,PASS,WATCH,UNKNOWN,PASS,WATCH,PASS,PASS,0,0,CLEAR,AVERAGE_BUSINESS,BUY
C47,NORMAL_ENTERPRISE,10,READY,FAIL,FAIL,FAIL,FAIL,WATCH,PASS,PASS,0,4,HIGH_RISK,DETERIORATING_BUSINESS,AVOID
C4G,NORMAL_ENTERPRISE,15,READY,FAIL,PASS,UNKNOWN,PASS,PASS,PASS,WATCH,0,1,HIGH_RISK,WEAK_BUSINESS,AVOID
C69,NORMAL_ENTERPRISE,11,READY,FAIL,PASS,UNKNOWN,PASS,PASS,PASS,PASS,0,1,HIGH_RISK,WEAK_BUSINESS,AVOID
C92,NORMAL_ENTERPRISE,7,READY,FAIL,FAIL,FAIL,FAIL,WATCH,PASS,PASS,0,4,HIGH_RISK,DETERIORATING_BUSINESS,AVOID
CAD,NORMAL_ENTERPRISE,10,READY,PASS,FAIL,UNKNOWN,PASS,WATCH,PASS,PASS,0,1,HIGH_RISK,WEAK_BUSINESS,AVOID
CAG,NORMAL_ENTERPRISE,10,READY,FAIL,WATCH,PASS,PASS,WATCH,PASS,PASS,0,1,HIGH_RISK,WEAK_BUSINESS,AVOID
CAN,NORMAL_ENTERPRISE,10,READY,FAIL,FAIL,FAIL,FAIL,WATCH,PASS,PASS,0,4,HIGH_RISK,DETERIORATING_BUSINESS,AVOID
CAP,NORMAL_ENTERPRISE,15,READY,PASS,PASS,UNKNOWN,PASS,PASS,PASS,PASS,0,0,CLEAR,AVERAGE_BUSINESS,BUY
CAR,NORMAL_ENTERPRISE,4,PARTIAL,FAIL,PASS,FAIL,PASS,WATCH,WATCH,PASS,0,2,HIGH_RISK,DETERIORATING_BUSINESS,AVOID
CAT,NORMAL_ENTERPRISE,10,READY,PASS,PASS,PASS,FAIL,PASS,PASS,PASS,0,1,HIGH_RISK,DETERIORATING_BUSINESS,AVOID
CBI,NORMAL_ENTERPRISE,10,READY,FAIL,FAIL,PASS,FAIL,WATCH,PASS,PASS,0,3,HIGH_RISK,DETERIORATING_BUSINESS,AVOID
CBS,NORMAL_ENTERPRISE,6,READY,PASS,FAIL,PASS,PASS,PASS,WATCH,PASS,0,1,HIGH_RISK,AVERAGE_BUSINESS,AVOID
CCA,NORMAL_ENTERPRISE,9,READY,FAIL,PASS,FAIL,FAIL,PASS,PASS,PASS,0,3,HIGH_RISK,DETERIORATING_BUSINESS,AVOID
CCC,NORMAL_ENTERPRISE,3,PARTIAL,FAIL,PASS,FAIL,FAIL,PASS,WATCH,PASS,0,3,HIGH_RISK,DETERIORATING_BUSINESS,AVOID
CCI,NORMAL_ENTERPRISE,10,READY,WATCH,PASS,PASS,FAIL,PASS,PASS,PASS,0,1,HIGH_RISK,DETERIORATING_BUSINESS,AVOID
CCL,NORMAL_ENTERPRISE,10,READY,FAIL,PASS,FAIL,PASS,PASS,WATCH,PASS,0,2,HIGH_RISK,DETERIORATING_BUSINESS,AVOID
CCM,NORMAL_ENTERPRISE,10,READY,WATCH,PASS,PASS,PASS,PASS,PASS,PASS,0,0,CLEAR,AVERAGE_BUSINESS,BUY
CCP,NORMAL_ENTERPRISE,10,READY,FAIL,FAIL,FAIL,PASS,WATCH,PASS,PASS,0,3,HIGH_RISK,DETERIORATING_BUSINESS,AVOID
CCR,NORMAL_ENTERPRISE,10,READY,FAIL,PASS,PASS,PASS,PASS,PASS,PASS,0,1,HIGH_RISK,WEAK_BUSINESS,AVOID
CCS,NORMAL_ENTERPRISE,3,PARTIAL,WATCH,PASS,FAIL,PASS,WATCH,PASS,PASS,0,1,HIGH_RISK,DETERIORATING_BUSINESS,AVOID
CCT,NORMAL_ENTERPRISE,10,READY,FAIL,FAIL,PASS,PASS,WATCH,PASS,PASS,0,2,HIGH_RISK,WEAK_BUSINESS,AVOID
CCV,NORMAL_ENTERPRISE,10,READY,PASS,PASS,PASS,FAIL,PASS,PASS,PASS,0,1,HIGH_RISK,DETERIORATING_BUSINESS,AVOID
CDC,NORMAL_ENTERPRISE,15,READY,FAIL,PASS,UNKNOWN,FAIL,WATCH,PASS,PASS,0,2,HIGH_RISK,DETERIORATING_BUSINESS,AVOID
CDG,NORMAL_ENTERPRISE,10,READY,FAIL,PASS,PASS,PASS,PASS,PASS,PASS,0,1,HIGH_RISK,WEAK_BUSINESS,AVOID
CDN,NORMAL_ENTERPRISE,10,READY,PASS,PASS,PASS,PASS,PASS,PASS,PASS,0,0,CLEAR,POTENTIAL_COMPOUNDER,BUY
CDO,NORMAL_ENTERPRISE,10,READY,FAIL,FAIL,FAIL,PASS,WATCH,PASS,PASS,0,3,HIGH_RISK,DETERIORATING_BUSINESS,AVOID
CDP,NORMAL_ENTERPRISE,10,READY,WATCH,PASS,FAIL,FAIL,PASS,PASS,PASS,0,2,HIGH_RISK,DETERIORATING_BUSINESS,AVOID
CDR,NORMAL_ENTERPRISE,10,READY,FAIL,WATCH,FAIL,FAIL,WATCH,PASS,PASS,0,3,HIGH_RISK,DETERIORATING_BUSINESS,AVOID
CEN,NORMAL_ENTERPRISE,10,READY,FAIL,FAIL,FAIL,PASS,WATCH,PASS,PASS,0,3,HIGH_RISK,DETERIORATING_BUSINESS,AVOID
CEO,NORMAL_ENTERPRISE,14,READY,FAIL,WATCH,UNKNOWN,PASS,PASS,PASS,WATCH,0,1,HIGH_RISK,WEAK_BUSINESS,AVOID
CET,NORMAL_ENTERPRISE,10,READY,FAIL,FAIL,FAIL,PASS,WATCH,PASS,PASS,0,3,HIGH_RISK,DETERIORATING_BUSINESS,AVOID
CFM,NORMAL_ENTERPRISE,9,READY,FAIL,FAIL,FAIL,PASS,WATCH,PASS,PASS,0,3,HIGH_RISK,DETERIORATING_BUSINESS,AVOID
CGV,NORMAL_ENTERPRISE,9,READY,FAIL,FAIL,FAIL,PASS,WATCH,PASS,PASS,0,3,HIGH_RISK,DETERIORATING_BUSINESS,AVOID
CH5,NORMAL_ENTERPRISE,1,INSUFFICIENT,PASS,PASS,UNKNOWN,WATCH,WATCH,PASS,PASS,0,0,CLEAR,INSUFFICIENT_DATA,REVIEW_BUSINESS
CHC,NORMAL_ENTERPRISE,10,READY,PASS,WATCH,FAIL,PASS,WATCH,WATCH,PASS,0,1,HIGH_RISK,DETERIORATING_BUSINESS,AVOID
CHP,NORMAL_ENTERPRISE,10,READY,PASS,PASS,PASS,PASS,PASS,PASS,PASS,0,0,CLEAR,AVERAGE_BUSINESS,BUY
CHS,NORMAL_ENTERPRISE,10,READY,WATCH,PASS,FAIL,PASS,WATCH,PASS,PASS,0,1,HIGH_RISK,DETERIORATING_BUSINESS,AVOID
CIA,NORMAL_ENTERPRISE,10,READY,FAIL,FAIL,FAIL,PASS,WATCH,WATCH,PASS,0,3,HIGH_RISK,DETERIORATING_BUSINESS,AVOID
CID,NORMAL_ENTERPRISE,10,READY,WATCH,WATCH,FAIL,PASS,PASS,PASS,PASS,0,1,HIGH_RISK,DETERIORATING_BUSINESS,AVOID
CIG,NORMAL_ENTERPRISE,10,READY,FAIL,FAIL,FAIL,FAIL,PASS,WATCH,PASS,0,4,HIGH_RISK,DETERIORATING_BUSINESS,AVOID
CII,NORMAL_ENTERPRISE,15,READY,FAIL,WATCH,UNKNOWN,FAIL,WATCH,PASS,WATCH,0,2,HIGH_RISK,DETERIORATING_BUSINESS,AVOID
CIP,NORMAL_ENTERPRISE,10,READY,FAIL,FAIL,FAIL,FAIL,WATCH,PASS,PASS,0,4,HIGH_RISK,DETERIORATING_BUSINESS,AVOID
CJC,NORMAL_ENTERPRISE,10,READY,FAIL,FAIL,FAIL,WATCH,WATCH,WATCH,PASS,0,3,HIGH_RISK,DETERIORATING_BUSINESS,AVOID
CKA,NORMAL_ENTERPRISE,10,READY,PASS,PASS,FAIL,PASS,PASS,PASS,PASS,0,1,HIGH_RISK,DETERIORATING_BUSINESS,AVOID
CKD,NORMAL_ENTERPRISE,10,READY,PASS,PASS,FAIL,FAIL,PASS,PASS,PASS,0,2,HIGH_RISK,DETERIORATING_BUSINESS,AVOID
CKG,NORMAL_ENTERPRISE,10,READY,PASS,PASS,FAIL,WATCH,WATCH,WATCH,PASS,0,1,HIGH_RISK,DETERIORATING_BUSINESS,AVOID
CKV,NORMAL_ENTERPRISE,10,READY,FAIL,WATCH,PASS,WATCH,WATCH,PASS,PASS,0,1,HIGH_RISK,WEAK_BUSINESS,AVOID
CLC,NORMAL_ENTERPRISE,10,READY,PASS,PASS,FAIL,WATCH,PASS,WATCH,PASS,0,1,HIGH_RISK,DETERIORATING_BUSINESS,AVOID
CLH,NORMAL_ENTERPRISE,10,READY,PASS,PASS,PASS,PASS,WATCH,PASS,PASS,0,0,CLEAR,AVERAGE_BUSINESS,BUY
CLI,NORMAL_ENTERPRISE,1,INSUFFICIENT,FAIL,PASS,UNKNOWN,WATCH,WATCH,PASS,PASS,0,1,HIGH_RISK,INSUFFICIENT_DATA,AVOID
CLL,NORMAL_ENTERPRISE,10,READY,WATCH,PASS,PASS,PASS,WATCH,PASS,PASS,0,0,CLEAR,AVERAGE_BUSINESS,BUY
CLM,NORMAL_ENTERPRISE,10,READY,PASS,PASS,FAIL,WATCH,PASS,PASS,PASS,0,1,HIGH_RISK,DETERIORATING_BUSINESS,AVOID
CLW,NORMAL_ENTERPRISE,10,READY,WATCH,PASS,PASS,WATCH,PASS,PASS,PASS,0,0,CLEAR,AVERAGE_BUSINESS,BUY
CLX,NORMAL_ENTERPRISE,15,READY,WATCH,PASS,UNKNOWN,PASS,PASS,PASS,PASS,0,0,CLEAR,AVERAGE_BUSINESS,BUY
CMC,NORMAL_ENTERPRISE,10,READY,FAIL,FAIL,FAIL,WATCH,WATCH,PASS,PASS,0,3,HIGH_RISK,DETERIORATING_BUSINESS,AVOID
CMD,NORMAL_ENTERPRISE,10,READY,PASS,PASS,FAIL,WATCH,WATCH,PASS,PASS,0,1,HIGH_RISK,DETERIORATING_BUSINESS,AVOID
CMF,NORMAL_ENTERPRISE,10,READY,PASS,PASS,WATCH,PASS,PASS,PASS,PASS,0,0,WATCH,COMPOUNDER,WAIT_FOR_MOS
CMG,NORMAL_ENTERPRISE,15,READY,FAIL,FAIL,UNKNOWN,WATCH,WATCH,PASS,WATCH,0,2,HIGH_RISK,WEAK_BUSINESS,AVOID
CMI,NORMAL_ENTERPRISE,10,READY,FAIL,FAIL,FAIL,PASS,WATCH,PASS,PASS,0,3,HIGH_RISK,DETERIORATING_BUSINESS,AVOID
CMK,NORMAL_ENTERPRISE,10,READY,FAIL,WATCH,FAIL,FAIL,WATCH,PASS,PASS,0,3,HIGH_RISK,DETERIORATING_BUSINESS,AVOID
CMM,NORMAL_ENTERPRISE,6,READY,FAIL,PASS,FAIL,FAIL,PASS,WATCH,PASS,0,3,HIGH_RISK,DETERIORATING_BUSINESS,AVOID
CMN,NORMAL_ENTERPRISE,10,READY,PASS,PASS,FAIL,WATCH,WATCH,PASS,PASS,0,1,HIGH_RISK,DETERIORATING_BUSINESS,AVOID
CMP,NORMAL_ENTERPRISE,10,READY,FAIL,FAIL,PASS,WATCH,WATCH,PASS,PASS,0,2,HIGH_RISK,WEAK_BUSINESS,AVOID
CMS,NORMAL_ENTERPRISE,15,READY,FAIL,WATCH,UNKNOWN,PASS,PASS,PASS,PASS,0,1,HIGH_RISK,WEAK_BUSINESS,AVOID
CMT,NORMAL_ENTERPRISE,10,READY,FAIL,PASS,FAIL,WATCH,PASS,PASS,PASS,0,2,HIGH_RISK,DETERIORATING_BUSINESS,AVOID
CMV,NORMAL_ENTERPRISE,10,READY,FAIL,PASS,FAIL,WATCH,WATCH,PASS,PASS,0,2,HIGH_RISK,DETERIORATING_BUSINESS,AVOID
CMW,NORMAL_ENTERPRISE,10,READY,FAIL,PASS,PASS,WATCH,PASS,PASS,PASS,0,1,HIGH_RISK,WEAK_BUSINESS,AVOID
CMX,NORMAL_ENTERPRISE,10,READY,FAIL,WATCH,FAIL,FAIL,WATCH,PASS,PASS,0,3,HIGH_RISK,DETERIORATING_BUSINESS,AVOID
CNA,NORMAL_ENTERPRISE,6,READY,FAIL,FAIL,UNKNOWN,WATCH,WATCH,PASS,PASS,0,2,HIGH_RISK,WEAK_BUSINESS,AVOID
CNC,NORMAL_ENTERPRISE,10,READY,PASS,PASS,PASS,WATCH,WATCH,PASS,PASS,0,0,CLEAR,AVERAGE_BUSINESS,BUY
CNG,NORMAL_ENTERPRISE,10,READY,PASS,PASS,PASS,FAIL,WATCH,PASS,PASS,0,1,HIGH_RISK,DETERIORATING_BUSINESS,AVOID
CNN,NORMAL_ENTERPRISE,10,READY,WATCH,PASS,PASS,FAIL,PASS,WATCH,PASS,0,1,HIGH_RISK,DETERIORATING_BUSINESS,AVOID
CNT,NORMAL_ENTERPRISE,10,READY,PASS,FAIL,FAIL,PASS,WATCH,PASS,PASS,0,2,HIGH_RISK,DETERIORATING_BUSINESS,AVOID
COM,NORMAL_ENTERPRISE,10,READY,FAIL,PASS,PASS,PASS,WATCH,PASS,PASS,0,1,HIGH_RISK,WEAK_BUSINESS,AVOID
CPA,NORMAL_ENTERPRISE,10,READY,FAIL,FAIL,UNKNOWN,FAIL,WATCH,PASS,PASS,0,3,HIGH_RISK,DETERIORATING_BUSINESS,AVOID
CPC,NORMAL_ENTERPRISE,10,READY,WATCH,PASS,FAIL,PASS,WATCH,PASS,PASS,0,1,HIGH_RISK,DETERIORATING_BUSINESS,AVOID
CPH,NORMAL_ENTERPRISE,10,READY,PASS,PASS,PASS,FAIL,WATCH,PASS,PASS,0,1,HIGH_RISK,DETERIORATING_BUSINESS,AVOID
CPI,NORMAL_ENTERPRISE,10,READY,PASS,FAIL,FAIL,PASS,WATCH,PASS,PASS,0,2,HIGH_RISK,DETERIORATING_BUSINESS,AVOID
CQN,NORMAL_ENTERPRISE,12,READY,WATCH,PASS,UNKNOWN,PASS,PASS,PASS,PASS,0,0,CLEAR,AVERAGE_BUSINESS,BUY
CQT,NORMAL_ENTERPRISE,10,READY,FAIL,WATCH,PASS,PASS,WATCH,PASS,PASS,0,1,HIGH_RISK,WEAK_BUSINESS,AVOID
CRC,NORMAL_ENTERPRISE,12,READY,FAIL,PASS,UNKNOWN,PASS,PASS,PASS,PASS,0,1,HIGH_RISK,WEAK_BUSINESS,AVOID
CRE,NORMAL_ENTERPRISE,11,READY,WATCH,PASS,UNKNOWN,PASS,WATCH,PASS,PASS,0,1,HIGH_RISK,DETERIORATING_BUSINESS,AVOID
CRV,NORMAL_ENTERPRISE,5,READY,FAIL,PASS,PASS,PASS,PASS,PASS,PASS,0,1,HIGH_RISK,WEAK_BUSINESS,AVOID
CSC,NORMAL_ENTERPRISE,10,READY,WATCH,PASS,FAIL,WATCH,PASS,WATCH,PASS,0,1,HIGH_RISK,DETERIORATING_BUSINESS,AVOID
CSI,NORMAL_ENTERPRISE,10,READY,FAIL,FAIL,FAIL,PASS,WATCH,PASS,PASS,0,3,HIGH_RISK,DETERIORATING_BUSINESS,AVOID
CSM,NORMAL_ENTERPRISE,15,READY,FAIL,PASS,UNKNOWN,WATCH,WATCH,PASS,PASS,0,1,HIGH_RISK,WEAK_BUSINESS,AVOID
CST,NORMAL_ENTERPRISE,7,READY,WATCH,PASS,PASS,WATCH,WATCH,WATCH,PASS,0,0,WATCH,AVERAGE_BUSINESS,WAIT_FOR_MOS
CSV,NORMAL_ENTERPRISE,14,READY,PASS,PASS,UNKNOWN,PASS,PASS,PASS,WATCH,0,0,WATCH,AVERAGE_BUSINESS,WAIT_FOR_MOS
CT6,NORMAL_ENTERPRISE,10,READY,FAIL,FAIL,PASS,FAIL,WATCH,PASS,PASS,0,3,HIGH_RISK,DETERIORATING_BUSINESS,AVOID
CTB,NORMAL_ENTERPRISE,10,READY,PASS,PASS,FAIL,WATCH,PASS,WATCH,PASS,0,1,HIGH_RISK,DETERIORATING_BUSINESS,AVOID
CTD,NORMAL_ENTERPRISE,15,READY,WATCH,PASS,UNKNOWN,PASS,PASS,PASS,WATCH,0,0,WATCH,AVERAGE_BUSINESS,WAIT_FOR_MOS
CTF,NORMAL_ENTERPRISE,12,READY,FAIL,PASS,UNKNOWN,FAIL,WATCH,PASS,PASS,0,2,HIGH_RISK,DETERIORATING_BUSINESS,AVOID
CTG,BANK,15,READY,PASS,PASS,NOT_APPLICABLE,PASS,PASS,PASS,PASS,0,0,CLEAR,POTENTIAL_COMPOUNDER,BUY
CTI,NORMAL_ENTERPRISE,15,READY,FAIL,WATCH,UNKNOWN,WATCH,PASS,PASS,WATCH,0,1,HIGH_RISK,WEAK_BUSINESS,AVOID
CTP,NORMAL_ENTERPRISE,12,READY,FAIL,PASS,UNKNOWN,PASS,WATCH,PASS,PASS,0,1,HIGH_RISK,WEAK_BUSINESS,AVOID
CTR,NORMAL_ENTERPRISE,15,READY,PASS,PASS,UNKNOWN,WATCH,PASS,PASS,PASS,0,0,CLEAR,POTENTIAL_COMPOUNDER,BUY
CTS,SECURITIES,15,READY,PASS,PASS,NOT_APPLICABLE,PASS,PASS,PASS,PASS,0,0,CLEAR,WEAK_BUSINESS,BUY
CTT,NORMAL_ENTERPRISE,10,READY,PASS,PASS,PASS,FAIL,PASS,PASS,PASS,0,1,HIGH_RISK,DETERIORATING_BUSINESS,AVOID
CTW,NORMAL_ENTERPRISE,10,READY,WATCH,PASS,PASS,PASS,PASS,PASS,PASS,0,0,CLEAR,AVERAGE_BUSINESS,BUY
CTX,NORMAL_ENTERPRISE,10,READY,FAIL,FAIL,WATCH,WATCH,PASS,WATCH,PASS,0,2,HIGH_RISK,WEAK_BUSINESS,AVOID
CVN,NORMAL_ENTERPRISE,15,READY,FAIL,FAIL,UNKNOWN,PASS,WATCH,PASS,PASS,0,2,HIGH_RISK,WEAK_BUSINESS,AVOID
CVT,NORMAL_ENTERPRISE,10,READY,PASS,PASS,PASS,FAIL,WATCH,WATCH,PASS,0,1,HIGH_RISK,DETERIORATING_BUSINESS,AVOID
CX8,NORMAL_ENTERPRISE,10,READY,FAIL,FAIL,FAIL,FAIL,WATCH,PASS,PASS,0,4,HIGH_RISK,DETERIORATING_BUSINESS,AVOID
D11,NORMAL_ENTERPRISE,10,READY,WATCH,PASS,FAIL,WATCH,PASS,PASS,PASS,0,1,HIGH_RISK,DETERIORATING_BUSINESS,AVOID
D2D,NORMAL_ENTERPRISE,15,READY,WATCH,PASS,UNKNOWN,PASS,PASS,PASS,WATCH,0,0,WATCH,AVERAGE_BUSINESS,WAIT_FOR_MOS
DAC,NORMAL_ENTERPRISE,10,READY,FAIL,FAIL,PASS,PASS,PASS,PASS,PASS,0,2,HIGH_RISK,WEAK_BUSINESS,AVOID
DAD,NORMAL_ENTERPRISE,10,READY,PASS,PASS,WATCH,WATCH,WATCH,PASS,PASS,0,0,WATCH,AVERAGE_BUSINESS,WAIT_FOR_MOS
DAE,NORMAL_ENTERPRISE,10,READY,WATCH,PASS,PASS,PASS,WATCH,PASS,PASS,0,0,CLEAR,AVERAGE_BUSINESS,BUY
DAG,NORMAL_ENTERPRISE,9,READY,FAIL,FAIL,FAIL,PASS,WATCH,PASS,PASS,0,3,HIGH_RISK,DETERIORATING_BUSINESS,AVOID
DAH,NORMAL_ENTERPRISE,10,READY,FAIL,FAIL,FAIL,PASS,WATCH,PASS,PASS,0,3,HIGH_RISK,DETERIORATING_BUSINESS,AVOID
DAN,NORMAL_ENTERPRISE,6,READY,FAIL,PASS,WATCH,FAIL,PASS,PASS,PASS,0,2,HIGH_RISK,DETERIORATING_BUSINESS,AVOID
DAS,NORMAL_ENTERPRISE,10,READY,FAIL,FAIL,FAIL,FAIL,WATCH,PASS,PASS,0,4,HIGH_RISK,DETERIORATING_BUSINESS,AVOID
DAT,NORMAL_ENTERPRISE,10,READY,FAIL,PASS,FAIL,PASS,PASS,WATCH,PASS,0,2,HIGH_RISK,DETERIORATING_BUSINESS,AVOID
DBC,NORMAL_ENTERPRISE,15,READY,WATCH,PASS,UNKNOWN,PASS,PASS,PASS,PASS,0,0,CLEAR,AVERAGE_BUSINESS,BUY
DBD,NORMAL_ENTERPRISE,14,READY,PASS,PASS,UNKNOWN,PASS,PASS,PASS,PASS,0,0,CLEAR,POTENTIAL_COMPOUNDER,BUY
DBM,NORMAL_ENTERPRISE,10,READY,WATCH,PASS,FAIL,PASS,WATCH,PASS,PASS,0,1,HIGH_RISK,DETERIORATING_BUSINESS,AVOID
DBT,NORMAL_ENTERPRISE,10,READY,FAIL,PASS,FAIL,FAIL,WATCH,WATCH,PASS,0,3,HIGH_RISK,DETERIORATING_BUSINESS,AVOID
DC1,NORMAL_ENTERPRISE,1,INSUFFICIENT,FAIL,PASS,UNKNOWN,FAIL,WATCH,PASS,PASS,0,2,HIGH_RISK,INSUFFICIENT_DATA,AVOID
DC2,NORMAL_ENTERPRISE,10,READY,FAIL,FAIL,FAIL,FAIL,WATCH,WATCH,PASS,0,4,HIGH_RISK,DETERIORATING_BUSINESS,AVOID
DC4,NORMAL_ENTERPRISE,15,READY,FAIL,WATCH,UNKNOWN,PASS,PASS,PASS,PASS,0,1,HIGH_RISK,WEAK_BUSINESS,AVOID
DCF,NORMAL_ENTERPRISE,10,READY,FAIL,FAIL,FAIL,FAIL,PASS,WATCH,PASS,0,4,HIGH_RISK,DETERIORATING_BUSINESS,AVOID
DCG,NORMAL_ENTERPRISE,10,READY,PASS,PASS,WATCH,FAIL,WATCH,PASS,PASS,0,1,HIGH_RISK,DETERIORATING_BUSINESS,AVOID
DCH,NORMAL_ENTERPRISE,10,READY,FAIL,FAIL,FAIL,PASS,WATCH,PASS,PASS,0,3,HIGH_RISK,DETERIORATING_BUSINESS,AVOID
DCL,NORMAL_ENTERPRISE,15,READY,FAIL,WATCH,UNKNOWN,PASS,WATCH,PASS,WATCH,0,1,HIGH_RISK,WEAK_BUSINESS,AVOID
DCM,NORMAL_ENTERPRISE,14,READY,WATCH,PASS,UNKNOWN,PASS,PASS,PASS,PASS,0,0,WATCH,AVERAGE_BUSINESS,WAIT_FOR_MOS
DCR,NORMAL_ENTERPRISE,9,READY,FAIL,FAIL,FAIL,FAIL,WATCH,PASS,PASS,0,4,HIGH_RISK,DETERIORATING_BUSINESS,AVOID
DCS,NORMAL_ENTERPRISE,10,READY,FAIL,FAIL,FAIL,PASS,WATCH,PASS,PASS,0,3,HIGH_RISK,DETERIORATING_BUSINESS,AVOID
DCT,NORMAL_ENTERPRISE,10,READY,PASS,FAIL,FAIL,PASS,WATCH,PASS,PASS,0,2,HIGH_RISK,DETERIORATING_BUSINESS,AVOID
DCV,NORMAL_ENTERPRISE,3,PARTIAL,PASS,PASS,PASS,PASS,WATCH,PASS,PASS,0,0,CLEAR,AVERAGE_BUSINESS,WAIT_FOR_MOS
DDB,NORMAL_ENTERPRISE,5,READY,FAIL,PASS,UNKNOWN,PASS,WATCH,PASS,PASS,0,1,HIGH_RISK,WEAK_BUSINESS,AVOID
DDG,NORMAL_ENTERPRISE,10,READY,FAIL,FAIL,FAIL,FAIL,WATCH,PASS,PASS,0,4,HIGH_RISK,DETERIORATING_BUSINESS,AVOID
DDH,NORMAL_ENTERPRISE,9,READY,FAIL,WATCH,FAIL,PASS,PASS,PASS,PASS,0,2,HIGH_RISK,DETERIORATING_BUSINESS,AVOID
DDM,NORMAL_ENTERPRISE,10,READY,PASS,FAIL,PASS,PASS,WATCH,PASS,PASS,0,1,HIGH_RISK,WEAK_BUSINESS,AVOID
DDN,NORMAL_ENTERPRISE,10,READY,FAIL,PASS,PASS,FAIL,WATCH,WATCH,PASS,0,2,HIGH_RISK,DETERIORATING_BUSINESS,AVOID
DDV,NORMAL_ENTERPRISE,15,READY,FAIL,WATCH,UNKNOWN,PASS,WATCH,PASS,PASS,0,1,HIGH_RISK,WEAK_BUSINESS,AVOID
DFC,NORMAL_ENTERPRISE,10,READY,PASS,WATCH,PASS,WATCH,WATCH,WATCH,PASS,0,0,WATCH,AVERAGE_BUSINESS,WAIT_FOR_MOS
DFF,NORMAL_ENTERPRISE,6,READY,FAIL,FAIL,FAIL,PASS,WATCH,PASS,PASS,0,3,HIGH_RISK,DETERIORATING_BUSINESS,AVOID
DGC,NORMAL_ENTERPRISE,15,READY,PASS,PASS,UNKNOWN,PASS,PASS,PASS,WATCH,0,0,WATCH,POTENTIAL_COMPOUNDER,WAIT_FOR_MOS
DGT,NORMAL_ENTERPRISE,15,READY,FAIL,FAIL,UNKNOWN,PASS,WATCH,PASS,PASS,0,2,HIGH_RISK,WEAK_BUSINESS,AVOID
DGW,NORMAL_ENTERPRISE,14,READY,PASS,PASS,UNKNOWN,WATCH,PASS,PASS,PASS,0,0,CLEAR,POTENTIAL_COMPOUNDER,BUY
DHA,NORMAL_ENTERPRISE,15,READY,WATCH,PASS,UNKNOWN,PASS,PASS,PASS,PASS,0,0,CLEAR,AVERAGE_BUSINESS,BUY
DHB,NORMAL_ENTERPRISE,15,READY,FAIL,FAIL,UNKNOWN,FAIL,WATCH,PASS,PASS,0,3,HIGH_RISK,DETERIORATING_BUSINESS,AVOID
DHC,NORMAL_ENTERPRISE,15,READY,PASS,WATCH,UNKNOWN,PASS,PASS,PASS,WATCH,0,0,WATCH,POTENTIAL_COMPOUNDER,WAIT_FOR_MOS
DHD,NORMAL_ENTERPRISE,10,READY,FAIL,PASS,PASS,WATCH,WATCH,WATCH,PASS,0,1,HIGH_RISK,WEAK_BUSINESS,AVOID
DHG,NORMAL_ENTERPRISE,15,READY,PASS,PASS,UNKNOWN,PASS,PASS,PASS,PASS,0,0,CLEAR,AVERAGE_BUSINESS,BUY
DHM,NORMAL_ENTERPRISE,10,READY,FAIL,WATCH,FAIL,FAIL,WATCH,PASS,PASS,0,3,HIGH_RISK,DETERIORATING_BUSINESS,AVOID
DHN,NORMAL_ENTERPRISE,10,READY,WATCH,PASS,PASS,PASS,PASS,PASS,PASS,0,0,CLEAR,AVERAGE_BUSINESS,BUY
DHP,NORMAL_ENTERPRISE,10,READY,FAIL,PASS,PASS,PASS,WATCH,PASS,PASS,0,1,HIGH_RISK,WEAK_BUSINESS,AVOID
DHT,NORMAL_ENTERPRISE,10,READY,PASS,PASS,PASS,PASS,WATCH,WATCH,PASS,0,0,WATCH,AVERAGE_BUSINESS,WAIT_FOR_MOS
DIC,NORMAL_ENTERPRISE,10,READY,FAIL,FAIL,PASS,PASS,WATCH,PASS,PASS,0,2,HIGH_RISK,WEAK_BUSINESS,AVOID
DID,NORMAL_ENTERPRISE,10,READY,FAIL,FAIL,WATCH,PASS,WATCH,WATCH,PASS,0,2,HIGH_RISK,WEAK_BUSINESS,AVOID
DIG,NORMAL_ENTERPRISE,15,READY,FAIL,PASS,UNKNOWN,PASS,PASS,PASS,WATCH,0,1,HIGH_RISK,WEAK_BUSINESS,AVOID
DIH,NORMAL_ENTERPRISE,10,READY,FAIL,PASS,FAIL,FAIL,PASS,WATCH,PASS,0,3,HIGH_RISK,DETERIORATING_BUSINESS,AVOID
DKC,NORMAL_ENTERPRISE,8,READY,WATCH,PASS,PASS,PASS,PASS,PASS,PASS,0,0,CLEAR,AVERAGE_BUSINESS,BUY
DKG,NORMAL_ENTERPRISE,3,PARTIAL,FAIL,FAIL,PASS,PASS,WATCH,PASS,PASS,0,2,HIGH_RISK,WEAK_BUSINESS,AVOID
DL1,NORMAL_ENTERPRISE,15,READY,FAIL,PASS,UNKNOWN,PASS,WATCH,PASS,PASS,0,1,HIGH_RISK,WEAK_BUSINESS,AVOID
DLD,NORMAL_ENTERPRISE,10,READY,FAIL,FAIL,UNKNOWN,PASS,WATCH,PASS,PASS,0,2,HIGH_RISK,WEAK_BUSINESS,AVOID
DLG,NORMAL_ENTERPRISE,15,READY,FAIL,FAIL,UNKNOWN,FAIL,PASS,PASS,WATCH,0,3,HIGH_RISK,DETERIORATING_BUSINESS,AVOID
DLR,NORMAL_ENTERPRISE,10,READY,FAIL,FAIL,FAIL,FAIL,WATCH,PASS,PASS,0,4,HIGH_RISK,DETERIORATING_BUSINESS,AVOID
DLT,NORMAL_ENTERPRISE,10,READY,WATCH,PASS,FAIL,FAIL,WATCH,PASS,PASS,0,2,HIGH_RISK,DETERIORATING_BUSINESS,AVOID
DMC,NORMAL_ENTERPRISE,10,READY,WATCH,PASS,WATCH,PASS,WATCH,PASS,PASS,0,0,WATCH,AVERAGE_BUSINESS,WAIT_FOR_MOS
DMN,NORMAL_ENTERPRISE,6,READY,FAIL,PASS,PASS,FAIL,PASS,PASS,PASS,0,2,HIGH_RISK,DETERIORATING_BUSINESS,AVOID
DMX,NORMAL_ENTERPRISE,1,INSUFFICIENT,FAIL,PASS,UNKNOWN,FAIL,WATCH,PASS,PASS,0,2,HIGH_RISK,INSUFFICIENT_DATA,AVOID
DNA,NORMAL_ENTERPRISE,10,READY,WATCH,PASS,PASS,WATCH,PASS,PASS,PASS,0,0,CLEAR,AVERAGE_BUSINESS,BUY
DNC,NORMAL_ENTERPRISE,10,READY,PASS,PASS,PASS,PASS,PASS,WATCH,PASS,0,0,WATCH,POTENTIAL_COMPOUNDER,WAIT_FOR_MOS
DND,NORMAL_ENTERPRISE,10,READY,FAIL,FAIL,FAIL,PASS,WATCH,PASS,PASS,0,3,HIGH_RISK,DETERIORATING_BUSINESS,AVOID
DNE,NORMAL_ENTERPRISE,10,READY,WATCH,PASS,WATCH,WATCH,WATCH,PASS,PASS,0,0,WATCH,AVERAGE_BUSINESS,WAIT_FOR_MOS
DNH,NORMAL_ENTERPRISE,10,READY,PASS,PASS,PASS,PASS,PASS,PASS,PASS,0,0,CLEAR,AVERAGE_BUSINESS,BUY
DNL,NORMAL_ENTERPRISE,10,READY,WATCH,PASS,PASS,PASS,PASS,PASS,PASS,0,0,CLEAR,AVERAGE_BUSINESS,BUY
DNM,NORMAL_ENTERPRISE,10,READY,WATCH,FAIL,FAIL,FAIL,WATCH,PASS,PASS,0,3,HIGH_RISK,DETERIORATING_BUSINESS,AVOID
DNN,NORMAL_ENTERPRISE,10,READY,PASS,PASS,WATCH,PASS,PASS,PASS,PASS,0,0,WATCH,COMPOUNDER,WAIT_FOR_MOS
DNP,NORMAL_ENTERPRISE,10,READY,FAIL,PASS,PASS,FAIL,PASS,WATCH,PASS,0,2,HIGH_RISK,DETERIORATING_BUSINESS,AVOID
DNT,NORMAL_ENTERPRISE,10,READY,WATCH,WATCH,WATCH,PASS,WATCH,PASS,PASS,0,0,WATCH,AVERAGE_BUSINESS,WAIT_FOR_MOS
DNW,NORMAL_ENTERPRISE,10,READY,WATCH,PASS,PASS,PASS,PASS,PASS,PASS,0,0,CLEAR,AVERAGE_BUSINESS,BUY
DOC,NORMAL_ENTERPRISE,10,READY,FAIL,PASS,FAIL,PASS,WATCH,PASS,PASS,0,2,HIGH_RISK,DETERIORATING_BUSINESS,AVOID
DOP,NORMAL_ENTERPRISE,9,READY,WATCH,PASS,PASS,PASS,WATCH,PASS,PASS,0,0,CLEAR,AVERAGE_BUSINESS,BUY
DP1,NORMAL_ENTERPRISE,9,READY,FAIL,PASS,FAIL,FAIL,PASS,PASS,PASS,0,3,HIGH_RISK,DETERIORATING_BUSINESS,AVOID
DP2,NORMAL_ENTERPRISE,9,READY,FAIL,FAIL,FAIL,FAIL,WATCH,PASS,PASS,0,4,HIGH_RISK,DETERIORATING_BUSINESS,AVOID
DP3,NORMAL_ENTERPRISE,10,READY,FAIL,WATCH,FAIL,PASS,PASS,WATCH,PASS,0,2,HIGH_RISK,DETERIORATING_BUSINESS,AVOID
DPC,NORMAL_ENTERPRISE,10,READY,FAIL,FAIL,PASS,WATCH,WATCH,PASS,PASS,0,2,HIGH_RISK,WEAK_BUSINESS,AVOID
DPG,NORMAL_ENTERPRISE,15,READY,PASS,PASS,UNKNOWN,WATCH,PASS,PASS,WATCH,0,0,WATCH,POTENTIAL_COMPOUNDER,WAIT_FOR_MOS
DPH,NORMAL_ENTERPRISE,10,READY,WATCH,PASS,WATCH,PASS,PASS,PASS,PASS,0,0,WATCH,AVERAGE_BUSINESS,WAIT_FOR_MOS
DPM,NORMAL_ENTERPRISE,15,READY,WATCH,PASS,UNKNOWN,PASS,WATCH,PASS,PASS,0,0,CLEAR,AVERAGE_BUSINESS,BUY
DPP,NORMAL_ENTERPRISE,10,READY,PASS,PASS,WATCH,WATCH,PASS,PASS,PASS,0,0,WATCH,AVERAGE_BUSINESS,WAIT_FOR_MOS
DPR,NORMAL_ENTERPRISE,15,READY,FAIL,PASS,UNKNOWN,PASS,WATCH,PASS,WATCH,0,1,HIGH_RISK,WEAK_BUSINESS,AVOID
DQC,NORMAL_ENTERPRISE,10,READY,FAIL,FAIL,FAIL,PASS,WATCH,PASS,PASS,0,3,HIGH_RISK,DETERIORATING_BUSINESS,AVOID
DRC,NORMAL_ENTERPRISE,15,READY,PASS,PASS,UNKNOWN,PASS,WATCH,PASS,PASS,0,0,CLEAR,AVERAGE_BUSINESS,BUY
DRG,NORMAL_ENTERPRISE,8,READY,FAIL,PASS,PASS,PASS,PASS,PASS,PASS,0,1,HIGH_RISK,WEAK_BUSINESS,AVOID
DRH,NORMAL_ENTERPRISE,15,READY,FAIL,FAIL,UNKNOWN,PASS,WATCH,PASS,PASS,0,3,HIGH_RISK,DETERIORATING_BUSINESS,AVOID
DRI,NORMAL_ENTERPRISE,11,READY,WATCH,WATCH,UNKNOWN,PASS,WATCH,PASS,PASS,0,0,WATCH,AVERAGE_BUSINESS,WAIT_FOR_MOS
DRL,NORMAL_ENTERPRISE,10,READY,PASS,PASS,PASS,PASS,WATCH,PASS,PASS,0,0,CLEAR,AVERAGE_BUSINESS,BUY
DSC,NORMAL_ENTERPRISE,10,READY,FAIL,FAIL,FAIL,WATCH,WATCH,PASS,PASS,0,3,HIGH_RISK,DETERIORATING_BUSINESS,AVOID
DSD,NORMAL_ENTERPRISE,5,READY,FAIL,WATCH,PASS,PASS,WATCH,PASS,PASS,0,1,HIGH_RISK,WEAK_BUSINESS,AVOID
DSE,NORMAL_ENTERPRISE,15,READY,FAIL,WATCH,UNKNOWN,FAIL,PASS,PASS,PASS,0,2,HIGH_RISK,DETERIORATING_BUSINESS,AVOID
DSG,NORMAL_ENTERPRISE,10,READY,FAIL,FAIL,UNKNOWN,PASS,WATCH,PASS,PASS,0,2,HIGH_RISK,WEAK_BUSINESS,AVOID
DSH,NORMAL_ENTERPRISE,3,PARTIAL,PASS,PASS,UNKNOWN,WATCH,PASS,PASS,PASS,0,0,CLEAR,POTENTIAL_COMPOUNDER,WAIT_FOR_MOS
DSN,NORMAL_ENTERPRISE,10,READY,PASS,PASS,WATCH,PASS,WATCH,PASS,PASS,0,0,WATCH,AVERAGE_BUSINESS,WAIT_FOR_MOS
DSP,NORMAL_ENTERPRISE,10,READY,FAIL,FAIL,FAIL,PASS,WATCH,PASS,PASS,0,3,HIGH_RISK,DETERIORATING_BUSINESS,AVOID
DST,NORMAL_ENTERPRISE,15,READY,FAIL,FAIL,UNKNOWN,PASS,PASS,PASS,PASS,0,2,HIGH_RISK,WEAK_BUSINESS,AVOID
DTA,NORMAL_ENTERPRISE,10,READY,FAIL,FAIL,FAIL,FAIL,WATCH,PASS,PASS,0,4,HIGH_RISK,DETERIORATING_BUSINESS,AVOID
DTC,NORMAL_ENTERPRISE,10,READY,WATCH,FAIL,PASS,PASS,WATCH,PASS,PASS,0,1,HIGH_RISK,AVERAGE_BUSINESS,AVOID
DTD,NORMAL_ENTERPRISE,11,READY,PASS,PASS,UNKNOWN,PASS,PASS,PASS,PASS,0,0,CLEAR,POTENTIAL_COMPOUNDER,BUY
DTG,NORMAL_ENTERPRISE,10,READY,WATCH,PASS,PASS,PASS,WATCH,WATCH,PASS,0,0,WATCH,AVERAGE_BUSINESS,WAIT_FOR_MOS
DTI,NORMAL_ENTERPRISE,10,READY,FAIL,FAIL,FAIL,FAIL,WATCH,PASS,PASS,0,4,HIGH_RISK,DETERIORATING_BUSINESS,AVOID
DTK,NORMAL_ENTERPRISE,10,READY,FAIL,PASS,PASS,PASS,WATCH,PASS,PASS,0,1,HIGH_RISK,WEAK_BUSINESS,AVOID
DTL,NORMAL_ENTERPRISE,10,READY,FAIL,FAIL,FAIL,FAIL,WATCH,PASS,PASS,0,4,HIGH_RISK,DETERIORATING_BUSINESS,AVOID
DTT,NORMAL_ENTERPRISE,10,READY,FAIL,PASS,PASS,PASS,PASS,PASS,PASS,0,1,HIGH_RISK,WEAK_BUSINESS,AVOID
DUS,NORMAL_ENTERPRISE,9,READY,PASS,FAIL,FAIL,FAIL,WATCH,PASS,PASS,0,3,HIGH_RISK,DETERIORATING_BUSINESS,AVOID
DVC,NORMAL_ENTERPRISE,10,READY,FAIL,PASS,PASS,PASS,PASS,WATCH,PASS,0,1,HIGH_RISK,WEAK_BUSINESS,AVOID
DVG,NORMAL_ENTERPRISE,6,READY,FAIL,WATCH,PASS,PASS,WATCH,PASS,PASS,0,1,HIGH_RISK,WEAK_BUSINESS,AVOID
DVM,NORMAL_ENTERPRISE,8,READY,FAIL,PASS,UNKNOWN,PASS,PASS,PASS,PASS,0,1,HIGH_RISK,WEAK_BUSINESS,AVOID
DVN,NORMAL_ENTERPRISE,13,READY,FAIL,PASS,UNKNOWN,PASS,PASS,PASS,PASS,0,1,HIGH_RISK,WEAK_BUSINESS,AVOID
DVP,NORMAL_ENTERPRISE,15,READY,PASS,PASS,UNKNOWN,PASS,PASS,PASS,PASS,0,0,CLEAR,AVERAGE_BUSINESS,BUY
DVW,NORMAL_ENTERPRISE,10,READY,PASS,PASS,PASS,PASS,WATCH,PASS,PASS,0,0,CLEAR,AVERAGE_BUSINESS,BUY
DWS,NORMAL_ENTERPRISE,9,READY,WATCH,PASS,PASS,FAIL,PASS,PASS,PASS,0,1,HIGH_RISK,DETERIORATING_BUSINESS,AVOID
DXG,NORMAL_ENTERPRISE,15,READY,WATCH,WATCH,UNKNOWN,PASS,PASS,PASS,WATCH,0,1,HIGH_RISK,DETERIORATING_BUSINESS,AVOID
DXL,NORMAL_ENTERPRISE,9,READY,FAIL,FAIL,FAIL,PASS,WATCH,PASS,PASS,0,3,HIGH_RISK,DETERIORATING_BUSINESS,AVOID
DXP,NORMAL_ENTERPRISE,15,READY,WATCH,PASS,UNKNOWN,PASS,PASS,PASS,PASS,0,0,CLEAR,AVERAGE_BUSINESS,BUY
DXS,NORMAL_ENTERPRISE,8,READY,FAIL,WATCH,UNKNOWN,PASS,WATCH,PASS,PASS,0,2,HIGH_RISK,DETERIORATING_BUSINESS,AVOID
DXV,NORMAL_ENTERPRISE,10,READY,FAIL,FAIL,FAIL,PASS,WATCH,PASS,PASS,0,3,HIGH_RISK,DETERIORATING_BUSINESS,AVOID
E12,NORMAL_ENTERPRISE,6,READY,FAIL,FAIL,UNKNOWN,FAIL,WATCH,PASS,PASS,0,3,HIGH_RISK,DETERIORATING_BUSINESS,AVOID
E29,NORMAL_ENTERPRISE,2,INSUFFICIENT,FAIL,FAIL,PASS,FAIL,WATCH,PASS,PASS,0,3,HIGH_RISK,INSUFFICIENT_DATA,AVOID
EBS,NORMAL_ENTERPRISE,10,READY,FAIL,PASS,FAIL,PASS,WATCH,PASS,PASS,0,2,HIGH_RISK,DETERIORATING_BUSINESS,AVOID
ECI,NORMAL_ENTERPRISE,10,READY,FAIL,FAIL,PASS,PASS,WATCH,PASS,PASS,0,2,HIGH_RISK,WEAK_BUSINESS,AVOID
ECO,NORMAL_ENTERPRISE,3,PARTIAL,FAIL,PASS,FAIL,WATCH,WATCH,PASS,PASS,0,2,HIGH_RISK,DETERIORATING_BUSINESS,AVOID
EFI,NORMAL_ENTERPRISE,10,READY,FAIL,FAIL,FAIL,PASS,WATCH,PASS,PASS,0,3,HIGH_RISK,DETERIORATING_BUSINESS,AVOID
EGL,NORMAL_ENTERPRISE,4,PARTIAL,PASS,PASS,PASS,PASS,PASS,PASS,PASS,0,0,CLEAR,AVERAGE_BUSINESS,WAIT_FOR_MOS
EIB,BANK,15,READY,FAIL,FAIL,NOT_APPLICABLE,PASS,WATCH,WATCH,PASS,0,1,HIGH_RISK,WEAK_BUSINESS,AVOID
EIC,NORMAL_ENTERPRISE,10,READY,WATCH,PASS,FAIL,PASS,PASS,PASS,PASS,0,1,HIGH_RISK,DETERIORATING_BUSINESS,AVOID
EID,NORMAL_ENTERPRISE,10,READY,PASS,PASS,PASS,PASS,PASS,PASS,PASS,0,0,CLEAR,AVERAGE_BUSINESS,BUY
EIN,NORMAL_ENTERPRISE,10,READY,FAIL,FAIL,PASS,FAIL,WATCH,PASS,PASS,0,3,HIGH_RISK,DETERIORATING_BUSINESS,AVOID
ELC,NORMAL_ENTERPRISE,15,READY,FAIL,PASS,UNKNOWN,PASS,WATCH,PASS,PASS,0,1,HIGH_RISK,WEAK_BUSINESS,AVOID
EME,NORMAL_ENTERPRISE,10,READY,FAIL,FAIL,FAIL,FAIL,PASS,PASS,PASS,0,4,HIGH_RISK,DETERIORATING_BUSINESS,AVOID
EMG,NORMAL_ENTERPRISE,10,READY,WATCH,PASS,WATCH,PASS,WATCH,PASS,PASS,0,0,WATCH,AVERAGE_BUSINESS,WAIT_FOR_MOS
EMS,NORMAL_ENTERPRISE,10,READY,PASS,PASS,WATCH,WATCH,PASS,WATCH,PASS,0,0,WATCH,AVERAGE_BUSINESS,WAIT_FOR_MOS
EVE,NORMAL_ENTERPRISE,10,READY,FAIL,WATCH,PASS,PASS,WATCH,PASS,PASS,0,1,HIGH_RISK,WEAK_BUSINESS,AVOID
EVF,NORMAL_ENTERPRISE,15,READY,FAIL,PASS,UNKNOWN,PASS,PASS,PASS,PASS,0,1,HIGH_RISK,WEAK_BUSINESS,AVOID
EVG,NORMAL_ENTERPRISE,13,READY,FAIL,PASS,UNKNOWN,PASS,PASS,PASS,PASS,0,2,HIGH_RISK,DETERIORATING_BUSINESS,AVOID
EVS,NORMAL_ENTERPRISE,15,READY,FAIL,FAIL,UNKNOWN,PASS,WATCH,PASS,PASS,0,2,HIGH_RISK,WEAK_BUSINESS,AVOID
F88,NORMAL_ENTERPRISE,6,READY,PASS,WATCH,UNKNOWN,WATCH,PASS,PASS,PASS,0,0,CLEAR,POTENTIAL_COMPOUNDER,BUY
FBC,NORMAL_ENTERPRISE,10,READY,PASS,PASS,PASS,FAIL,PASS,PASS,PASS,0,1,HIGH_RISK,DETERIORATING_BUSINESS,AVOID
FCC,NORMAL_ENTERPRISE,10,READY,FAIL,FAIL,FAIL,PASS,WATCH,PASS,PASS,0,3,HIGH_RISK,DETERIORATING_BUSINESS,AVOID
FCM,NORMAL_ENTERPRISE,10,READY,FAIL,PASS,PASS,PASS,WATCH,PASS,PASS,0,1,HIGH_RISK,WEAK_BUSINESS,AVOID
FCN,NORMAL_ENTERPRISE,15,READY,WATCH,WATCH,UNKNOWN,WATCH,WATCH,PASS,WATCH,0,0,WATCH,AVERAGE_BUSINESS,WAIT_FOR_MOS
FCS,NORMAL_ENTERPRISE,10,READY,FAIL,FAIL,FAIL,FAIL,WATCH,PASS,PASS,0,4,HIGH_RISK,DETERIORATING_BUSINESS,AVOID
FDC,NORMAL_ENTERPRISE,10,READY,FAIL,FAIL,PASS,PASS,WATCH,PASS,PASS,0,2,HIGH_RISK,WEAK_BUSINESS,AVOID
FGL,NORMAL_ENTERPRISE,10,READY,FAIL,FAIL,UNKNOWN,FAIL,WATCH,PASS,PASS,0,3,HIGH_RISK,DETERIORATING_BUSINESS,AVOID
FHN,NORMAL_ENTERPRISE,10,READY,FAIL,PASS,FAIL,PASS,WATCH,PASS,PASS,0,2,HIGH_RISK,DETERIORATING_BUSINESS,AVOID
FHS,NORMAL_ENTERPRISE,10,READY,PASS,WATCH,FAIL,FAIL,PASS,PASS,PASS,0,2,HIGH_RISK,DETERIORATING_BUSINESS,AVOID
FIC,NORMAL_ENTERPRISE,10,READY,FAIL,PASS,PASS,PASS,WATCH,PASS,PASS,0,1,HIGH_RISK,WEAK_BUSINESS,AVOID
FID,NORMAL_ENTERPRISE,14,READY,FAIL,FAIL,UNKNOWN,PASS,WATCH,PASS,WATCH,0,2,HIGH_RISK,WEAK_BUSINESS,AVOID
FIR,NORMAL_ENTERPRISE,10,READY,WATCH,WATCH,UNKNOWN,PASS,PASS,PASS,PASS,0,0,CLEAR,AVERAGE_BUSINESS,BUY
FIT,NORMAL_ENTERPRISE,15,READY,FAIL,WATCH,UNKNOWN,PASS,PASS,PASS,WATCH,0,1,HIGH_RISK,WEAK_BUSINESS,AVOID
FMC,NORMAL_ENTERPRISE,15,READY,PASS,PASS,UNKNOWN,PASS,PASS,PASS,PASS,0,0,CLEAR,POTENTIAL_COMPOUNDER,BUY
FOC,NORMAL_ENTERPRISE,15,READY,PASS,PASS,UNKNOWN,PASS,WATCH,PASS,WATCH,0,0,WATCH,AVERAGE_BUSINESS,WAIT_FOR_MOS
FOX,NORMAL_ENTERPRISE,15,READY,PASS,PASS,UNKNOWN,PASS,PASS,PASS,WATCH,0,0,WATCH,POTENTIAL_COMPOUNDER,WAIT_FOR_MOS
FPT,NORMAL_ENTERPRISE,15,READY,PASS,PASS,UNKNOWN,PASS,PASS,PASS,WATCH,0,0,WATCH,POTENTIAL_COMPOUNDER,WAIT_FOR_MOS
FRC,NORMAL_ENTERPRISE,10,READY,PASS,WATCH,WATCH,WATCH,PASS,PASS,PASS,0,0,WATCH,COMPOUNDER,WAIT_FOR_MOS
FRM,NORMAL_ENTERPRISE,10,READY,FAIL,WATCH,FAIL,PASS,WATCH,PASS,PASS,0,2,HIGH_RISK,DETERIORATING_BUSINESS,AVOID
FRT,NORMAL_ENTERPRISE,13,READY,PASS,FAIL,UNKNOWN,FAIL,WATCH,PASS,PASS,0,2,HIGH_RISK,DETERIORATING_BUSINESS,AVOID
FSO,NORMAL_ENTERPRISE,10,READY,FAIL,FAIL,FAIL,PASS,WATCH,PASS,PASS,0,3,HIGH_RISK,DETERIORATING_BUSINESS,AVOID
FTI,NORMAL_ENTERPRISE,10,READY,FAIL,FAIL,FAIL,PASS,WATCH,PASS,PASS,0,3,HIGH_RISK,DETERIORATING_BUSINESS,AVOID
FTM,NORMAL_ENTERPRISE,10,READY,FAIL,FAIL,FAIL,PASS,WATCH,PASS,PASS,0,3,HIGH_RISK,DETERIORATING_BUSINESS,AVOID
FTS,SECURITIES,15,READY,PASS,PASS,NOT_APPLICABLE,PASS,WATCH,WATCH,PASS,0,0,CLEAR,AVERAGE_BUSINESS,BUY
G20,NORMAL_ENTERPRISE,3,PARTIAL,FAIL,FAIL,PASS,FAIL,WATCH,PASS,PASS,0,3,HIGH_RISK,DETERIORATING_BUSINESS,AVOID
G36,NORMAL_ENTERPRISE,15,READY,FAIL,WATCH,UNKNOWN,WATCH,WATCH,PASS,PASS,0,1,HIGH_RISK,WEAK_BUSINESS,AVOID
GAS,NORMAL_ENTERPRISE,15,READY,PASS,PASS,UNKNOWN,PASS,WATCH,PASS,WATCH,0,0,WATCH,AVERAGE_BUSINESS,WAIT_FOR_MOS
GCB,NORMAL_ENTERPRISE,10,READY,FAIL,WATCH,FAIL,FAIL,WATCH,PASS,PASS,0,3,HIGH_RISK,DETERIORATING_BUSINESS,AVOID
GCF,NORMAL_ENTERPRISE,5,READY,FAIL,PASS,UNKNOWN,PASS,PASS,PASS,PASS,0,1,HIGH_RISK,WEAK_BUSINESS,AVOID
GDH,NORMAL_ENTERPRISE,2,INSUFFICIENT,PASS,PASS,PASS,FAIL,PASS,PASS,PASS,0,1,HIGH_RISK,INSUFFICIENT_DATA,AVOID
GDT,NORMAL_ENTERPRISE,10,READY,PASS,PASS,PASS,PASS,WATCH,WATCH,PASS,0,0,WATCH,AVERAGE_BUSINESS,WAIT_FOR_MOS
GDW,NORMAL_ENTERPRISE,10,READY,WATCH,PASS,PASS,WATCH,PASS,PASS,PASS,0,0,CLEAR,AVERAGE_BUSINESS,BUY
GEE,NORMAL_ENTERPRISE,7,READY,PASS,PASS,UNKNOWN,PASS,PASS,PASS,PASS,0,0,CLEAR,POTENTIAL_COMPOUNDER,BUY
GEG,NORMAL_ENTERPRISE,15,READY,FAIL,PASS,UNKNOWN,WATCH,PASS,PASS,WATCH,0,1,HIGH_RISK,WEAK_BUSINESS,AVOID
GEL,NORMAL_ENTERPRISE,4,PARTIAL,FAIL,PASS,UNKNOWN,WATCH,WATCH,PASS,PASS,0,2,HIGH_RISK,DETERIORATING_BUSINESS,AVOID
GER,NORMAL_ENTERPRISE,10,READY,FAIL,FAIL,FAIL,PASS,WATCH,PASS,PASS,0,3,HIGH_RISK,DETERIORATING_BUSINESS,AVOID
GEX,NORMAL_ENTERPRISE,15,READY,WATCH,PASS,UNKNOWN,WATCH,PASS,PASS,WATCH,0,0,WATCH,AVERAGE_BUSINESS,WAIT_FOR_MOS
GGG,NORMAL_ENTERPRISE,10,READY,PASS,FAIL,UNKNOWN,PASS,WATCH,PASS,PASS,0,1,HIGH_RISK,WEAK_BUSINESS,AVOID
GHC,NORMAL_ENTERPRISE,10,READY,PASS,PASS,PASS,PASS,PASS,WATCH,PASS,0,0,WATCH,AVERAGE_BUSINESS,WAIT_FOR_MOS
GIC,NORMAL_ENTERPRISE,6,READY,FAIL,PASS,PASS,PASS,WATCH,PASS,PASS,0,1,HIGH_RISK,WEAK_BUSINESS,AVOID
GIL,NORMAL_ENTERPRISE,15,READY,PASS,PASS,UNKNOWN,PASS,WATCH,PASS,WATCH,0,1,HIGH_RISK,DETERIORATING_BUSINESS,AVOID
GKM,NORMAL_ENTERPRISE,10,READY,FAIL,WATCH,FAIL,PASS,WATCH,PASS,PASS,0,2,HIGH_RISK,DETERIORATING_BUSINESS,AVOID
GLC,NORMAL_ENTERPRISE,10,READY,FAIL,FAIL,FAIL,PASS,WATCH,PASS,PASS,0,3,HIGH_RISK,DETERIORATING_BUSINESS,AVOID
GLT,NORMAL_ENTERPRISE,10,READY,PASS,PASS,FAIL,PASS,WATCH,PASS,PASS,0,1,HIGH_RISK,DETERIORATING_BUSINESS,AVOID
GLW,NORMAL_ENTERPRISE,10,READY,FAIL,FAIL,PASS,PASS,PASS,PASS,PASS,0,2,HIGH_RISK,WEAK_BUSINESS,AVOID
GMA,NORMAL_ENTERPRISE,8,READY,FAIL,WATCH,PASS,FAIL,PASS,WATCH,PASS,0,2,HIGH_RISK,DETERIORATING_BUSINESS,AVOID
GMC,NORMAL_ENTERPRISE,10,READY,FAIL,FAIL,FAIL,PASS,WATCH,PASS,PASS,0,3,HIGH_RISK,DETERIORATING_BUSINESS,AVOID
GMD,NORMAL_ENTERPRISE,15,READY,FAIL,PASS,UNKNOWN,PASS,PASS,PASS,WATCH,0,1,HIGH_RISK,WEAK_BUSINESS,AVOID
GMH,NORMAL_ENTERPRISE,5,READY,FAIL,PASS,PASS,PASS,WATCH,PASS,PASS,0,1,HIGH_RISK,WEAK_BUSINESS,AVOID
GMX,NORMAL_ENTERPRISE,10,READY,PASS,PASS,PASS,PASS,WATCH,WATCH,PASS,0,0,WATCH,AVERAGE_BUSINESS,WAIT_FOR_MOS
GND,NORMAL_ENTERPRISE,10,READY,PASS,PASS,WATCH,PASS,WATCH,PASS,PASS,0,0,WATCH,AVERAGE_BUSINESS,WAIT_FOR_MOS
GPC,NORMAL_ENTERPRISE,6,READY,FAIL,WATCH,FAIL,PASS,WATCH,PASS,PASS,0,2,HIGH_RISK,DETERIORATING_BUSINESS,AVOID
GSM,NORMAL_ENTERPRISE,10,READY,WATCH,PASS,PASS,PASS,PASS,PASS,PASS,0,0,CLEAR,AVERAGE_BUSINESS,BUY
GSP,NORMAL_ENTERPRISE,15,READY,WATCH,PASS,UNKNOWN,PASS,PASS,PASS,WATCH,0,0,WATCH,AVERAGE_BUSINESS,WAIT_FOR_MOS
GTA,NORMAL_ENTERPRISE,10,READY,FAIL,PASS,FAIL,WATCH,WATCH,PASS,PASS,0,2,HIGH_RISK,DETERIORATING_BUSINESS,AVOID
GTD,NORMAL_ENTERPRISE,10,READY,FAIL,FAIL,UNKNOWN,PASS,WATCH,PASS,PASS,0,2,HIGH_RISK,WEAK_BUSINESS,AVOID
GTS,NORMAL_ENTERPRISE,10,READY,WATCH,PASS,PASS,FAIL,WATCH,PASS,PASS,0,1,HIGH_RISK,DETERIORATING_BUSINESS,AVOID
GTT,NORMAL_ENTERPRISE,5,READY,PASS,FAIL,UNKNOWN,PASS,WATCH,PASS,PASS,0,1,HIGH_RISK,WEAK_BUSINESS,AVOID
GVR,NORMAL_ENTERPRISE,14,READY,FAIL,PASS,UNKNOWN,PASS,WATCH,PASS,WATCH,0,1,HIGH_RISK,WEAK_BUSINESS,AVOID
GVT,NORMAL_ENTERPRISE,10,READY,PASS,PASS,WATCH,PASS,PASS,WATCH,PASS,0,0,WATCH,COMPOUNDER,WAIT_FOR_MOS
HAC,NORMAL_ENTERPRISE,10,READY,FAIL,FAIL,FAIL,PASS,PASS,PASS,PASS,0,3,HIGH_RISK,DETERIORATING_BUSINESS,AVOID
HAD,NORMAL_ENTERPRISE,10,READY,WATCH,PASS,PASS,PASS,WATCH,PASS,PASS,0,0,CLEAR,AVERAGE_BUSINESS,BUY
HAF,NORMAL_ENTERPRISE,10,READY,FAIL,FAIL,FAIL,WATCH,WATCH,PASS,PASS,0,3,HIGH_RISK,DETERIORATING_BUSINESS,AVOID
HAG,NORMAL_ENTERPRISE,15,READY,FAIL,FAIL,UNKNOWN,PASS,WATCH,PASS,WATCH,0,2,HIGH_RISK,WEAK_BUSINESS,AVOID
HAH,NORMAL_ENTERPRISE,15,READY,PASS,PASS,UNKNOWN,PASS,PASS,PASS,PASS,0,0,WATCH,POTENTIAL_COMPOUNDER,WAIT_FOR_MOS
HAM,NORMAL_ENTERPRISE,10,READY,PASS,PASS,FAIL,FAIL,PASS,WATCH,PASS,0,2,HIGH_RISK,DETERIORATING_BUSINESS,AVOID
HAN,NORMAL_ENTERPRISE,10,READY,FAIL,PASS,FAIL,FAIL,WATCH,PASS,PASS,0,3,HIGH_RISK,DETERIORATING_BUSINESS,AVOID
HAP,NORMAL_ENTERPRISE,10,READY,FAIL,WATCH,FAIL,PASS,WATCH,PASS,PASS,0,2,HIGH_RISK,DETERIORATING_BUSINESS,AVOID
HAR,NORMAL_ENTERPRISE,15,READY,FAIL,WATCH,UNKNOWN,PASS,PASS,PASS,WATCH,0,1,HIGH_RISK,WEAK_BUSINESS,AVOID
HAS,NORMAL_ENTERPRISE,10,READY,FAIL,FAIL,FAIL,PASS,WATCH,PASS,PASS,0,3,HIGH_RISK,DETERIORATING_BUSINESS,AVOID
HAT,NORMAL_ENTERPRISE,10,READY,PASS,PASS,FAIL,FAIL,WATCH,PASS,PASS,0,2,HIGH_RISK,DETERIORATING_BUSINESS,AVOID
HAV,NORMAL_ENTERPRISE,3,PARTIAL,PASS,PASS,UNKNOWN,PASS,WATCH,PASS,PASS,0,0,CLEAR,WEAK_BUSINESS,WAIT_FOR_MOS
HAX,NORMAL_ENTERPRISE,15,READY,PASS,FAIL,UNKNOWN,PASS,WATCH,PASS,PASS,0,1,HIGH_RISK,AVERAGE_BUSINESS,AVOID
HBC,NORMAL_ENTERPRISE,15,READY,WATCH,FAIL,UNKNOWN,FAIL,WATCH,PASS,PASS,0,3,HIGH_RISK,DETERIORATING_BUSINESS,AVOID
HBD,NORMAL_ENTERPRISE,9,READY,WATCH,PASS,FAIL,PASS,WATCH,PASS,PASS,0,1,HIGH_RISK,DETERIORATING_BUSINESS,AVOID
HBH,NORMAL_ENTERPRISE,10,READY,FAIL,FAIL,PASS,PASS,WATCH,PASS,PASS,0,2,HIGH_RISK,WEAK_BUSINESS,AVOID
HBS,NORMAL_ENTERPRISE,10,READY,FAIL,PASS,FAIL,PASS,PASS,PASS,PASS,0,2,HIGH_RISK,DETERIORATING_BUSINESS,AVOID
HC3,NORMAL_ENTERPRISE,9,READY,FAIL,PASS,FAIL,PASS,WATCH,PASS,PASS,0,2,HIGH_RISK,DETERIORATING_BUSINESS,AVOID
HCC,NORMAL_ENTERPRISE,10,READY,PASS,WATCH,PASS,PASS,WATCH,PASS,PASS,0,0,CLEAR,AVERAGE_BUSINESS,BUY
HCD,NORMAL_ENTERPRISE,10,READY,FAIL,PASS,FAIL,PASS,WATCH,WATCH,PASS,0,2,HIGH_RISK,DETERIORATING_BUSINESS,AVOID
HCI,NORMAL_ENTERPRISE,10,READY,FAIL,FAIL,FAIL,FAIL,WATCH,PASS,PASS,0,4,HIGH_RISK,DETERIORATING_BUSINESS,AVOID
HCM,SECURITIES,15,READY,PASS,PASS,NOT_APPLICABLE,PASS,PASS,PASS,PASS,0,0,CLEAR,AVERAGE_BUSINESS,BUY
HCT,NORMAL_ENTERPRISE,10,READY,FAIL,FAIL,PASS,PASS,WATCH,PASS,PASS,0,2,HIGH_RISK,WEAK_BUSINESS,AVOID
HD6,NORMAL_ENTERPRISE,8,READY,FAIL,PASS,FAIL,WATCH,WATCH,PASS,PASS,0,2,HIGH_RISK,DETERIORATING_BUSINESS,AVOID
HDA,NORMAL_ENTERPRISE,10,READY,FAIL,WATCH,FAIL,PASS,PASS,WATCH,PASS,0,2,HIGH_RISK,DETERIORATING_BUSINESS,AVOID
HDB,BANK,15,READY,PASS,PASS,NOT_APPLICABLE,PASS,PASS,PASS,PASS,0,0,CLEAR,POTENTIAL_COMPOUNDER,BUY
HDC,NORMAL_ENTERPRISE,15,READY,WATCH,PASS,UNKNOWN,PASS,PASS,PASS,PASS,0,0,CLEAR,AVERAGE_BUSINESS,BUY
HDG,NORMAL_ENTERPRISE,15,READY,WATCH,PASS,UNKNOWN,PASS,PASS,PASS,WATCH,0,0,WATCH,AVERAGE_BUSINESS,WAIT_FOR_MOS
HDM,NORMAL_ENTERPRISE,10,READY,PASS,PASS,PASS,FAIL,PASS,WATCH,PASS,0,1,HIGH_RISK,DETERIORATING_BUSINESS,AVOID
HDP,NORMAL_ENTERPRISE,10,READY,FAIL,PASS,PASS,WATCH,PASS,WATCH,PASS,0,1,HIGH_RISK,WEAK_BUSINESS,AVOID
HDW,NORMAL_ENTERPRISE,10,READY,WATCH,PASS,PASS,WATCH,PASS,PASS,PASS,0,0,CLEAR,AVERAGE_BUSINESS,BUY
HEC,NORMAL_ENTERPRISE,10,READY,PASS,PASS,FAIL,PASS,PASS,PASS,PASS,0,1,HIGH_RISK,DETERIORATING_BUSINESS,AVOID
HEJ,NORMAL_ENTERPRISE,10,READY,FAIL,FAIL,FAIL,FAIL,WATCH,PASS,PASS,0,4,HIGH_RISK,DETERIORATING_BUSINESS,AVOID
HEP,NORMAL_ENTERPRISE,10,READY,FAIL,PASS,FAIL,PASS,PASS,PASS,PASS,0,2,HIGH_RISK,DETERIORATING_BUSINESS,AVOID
HES,NORMAL_ENTERPRISE,10,READY,FAIL,FAIL,PASS,PASS,PASS,PASS,PASS,0,2,HIGH_RISK,WEAK_BUSINESS,AVOID
HEV,NORMAL_ENTERPRISE,10,READY,WATCH,FAIL,FAIL,PASS,WATCH,PASS,PASS,0,2,HIGH_RISK,DETERIORATING_BUSINESS,AVOID
HFB,NORMAL_ENTERPRISE,10,READY,FAIL,PASS,FAIL,FAIL,PASS,PASS,PASS,0,3,HIGH_RISK,DETERIORATING_BUSINESS,AVOID
HFC,NORMAL_ENTERPRISE,9,READY,FAIL,WATCH,FAIL,WATCH,PASS,WATCH,PASS,0,2,HIGH_RISK,DETERIORATING_BUSINESS,AVOID
HFX,NORMAL_ENTERPRISE,9,READY,PASS,FAIL,UNKNOWN,PASS,WATCH,PASS,PASS,0,1,HIGH_RISK,WEAK_BUSINESS,AVOID
HGM,NORMAL_ENTERPRISE,10,READY,PASS,PASS,PASS,PASS,PASS,PASS,PASS,0,0,CLEAR,COMPOUNDER,BUY
HGT,NORMAL_ENTERPRISE,6,READY,FAIL,FAIL,FAIL,PASS,WATCH,PASS,PASS,0,3,HIGH_RISK,DETERIORATING_BUSINESS,AVOID
HHB,NORMAL_ENTERPRISE,1,INSUFFICIENT,WATCH,PASS,UNKNOWN,PASS,WATCH,PASS,PASS,0,0,CLEAR,INSUFFICIENT_DATA,REVIEW_BUSINESS
HHC,NORMAL_ENTERPRISE,10,READY,FAIL,PASS,FAIL,PASS,WATCH,PASS,PASS,0,2,HIGH_RISK,DETERIORATING_BUSINESS,AVOID
HHG,NORMAL_ENTERPRISE,10,READY,FAIL,FAIL,FAIL,FAIL,WATCH,PASS,PASS,0,4,HIGH_RISK,DETERIORATING_BUSINESS,AVOID
HHN,NORMAL_ENTERPRISE,9,READY,FAIL,FAIL,PASS,PASS,WATCH,PASS,PASS,0,2,HIGH_RISK,WEAK_BUSINESS,AVOID
HHP,NORMAL_ENTERPRISE,10,READY,FAIL,PASS,UNKNOWN,FAIL,PASS,PASS,PASS,0,2,HIGH_RISK,DETERIORATING_BUSINESS,AVOID
HHS,NORMAL_ENTERPRISE,15,READY,FAIL,PASS,UNKNOWN,PASS,PASS,PASS,PASS,0,2,HIGH_RISK,DETERIORATING_BUSINESS,AVOID
HHV,NORMAL_ENTERPRISE,12,READY,FAIL,PASS,UNKNOWN,FAIL,PASS,PASS,PASS,0,2,HIGH_RISK,DETERIORATING_BUSINESS,AVOID
HII,NORMAL_ENTERPRISE,12,READY,FAIL,WATCH,UNKNOWN,PASS,PASS,PASS,PASS,0,1,HIGH_RISK,WEAK_BUSINESS,AVOID
HIO,NORMAL_ENTERPRISE,4,PARTIAL,FAIL,PASS,WATCH,PASS,PASS,PASS,PASS,0,1,HIGH_RISK,WEAK_BUSINESS,AVOID
HJC,NORMAL_ENTERPRISE,10,READY,FAIL,WATCH,FAIL,FAIL,PASS,PASS,PASS,0,3,HIGH_RISK,DETERIORATING_BUSINESS,AVOID
HJS,NORMAL_ENTERPRISE,10,READY,PASS,PASS,PASS,PASS,PASS,PASS,PASS,0,0,CLEAR,AVERAGE_BUSINESS,BUY
HKB,NORMAL_ENTERPRISE,10,READY,FAIL,FAIL,PASS,FAIL,WATCH,PASS,PASS,0,3,HIGH_RISK,DETERIORATING_BUSINESS,AVOID
HKT,NORMAL_ENTERPRISE,10,READY,FAIL,FAIL,FAIL,PASS,WATCH,WATCH,PASS,0,3,HIGH_RISK,DETERIORATING_BUSINESS,AVOID
HLA,NORMAL_ENTERPRISE,5,READY,PASS,FAIL,UNKNOWN,PASS,WATCH,PASS,PASS,0,1,HIGH_RISK,WEAK_BUSINESS,AVOID
HLB,NORMAL_ENTERPRISE,10,READY,PASS,PASS,PASS,PASS,PASS,PASS,PASS,0,0,CLEAR,COMPOUNDER,BUY
HLC,NORMAL_ENTERPRISE,10,READY,PASS,PASS,PASS,FAIL,PASS,PASS,PASS,0,1,HIGH_RISK,DETERIORATING_BUSINESS,AVOID
HLD,NORMAL_ENTERPRISE,10,READY,FAIL,PASS,FAIL,FAIL,WATCH,WATCH,PASS,0,3,HIGH_RISK,DETERIORATING_BUSINESS,AVOID
HLO,NORMAL_ENTERPRISE,4,PARTIAL,WATCH,PASS,WATCH,PASS,PASS,WATCH,PASS,0,0,WATCH,AVERAGE_BUSINESS,WAIT_FOR_MOS
HLS,NORMAL_ENTERPRISE,10,READY,PASS,PASS,PASS,PASS,PASS,WATCH,PASS,0,0,WATCH,AVERAGE_BUSINESS,WAIT_FOR_MOS
HLT,NORMAL_ENTERPRISE,9,READY,FAIL,FAIL,FAIL,PASS,WATCH,PASS,PASS,0,3,HIGH_RISK,DETERIORATING_BUSINESS,AVOID
HLY,NORMAL_ENTERPRISE,10,READY,FAIL,FAIL,FAIL,PASS,WATCH,PASS,PASS,0,3,HIGH_RISK,DETERIORATING_BUSINESS,AVOID
HMC,NORMAL_ENTERPRISE,10,READY,PASS,PASS,FAIL,FAIL,WATCH,PASS,PASS,0,2,HIGH_RISK,DETERIORATING_BUSINESS,AVOID
HMD,NORMAL_ENTERPRISE,2,INSUFFICIENT,PASS,FAIL,PASS,WATCH,WATCH,PASS,PASS,0,1,HIGH_RISK,INSUFFICIENT_DATA,AVOID
HMH,NORMAL_ENTERPRISE,10,READY,FAIL,PASS,FAIL,PASS,WATCH,PASS,PASS,0,2,HIGH_RISK,DETERIORATING_BUSINESS,AVOID
HMR,NORMAL_ENTERPRISE,6,READY,FAIL,PASS,FAIL,PASS,WATCH,WATCH,PASS,0,2,HIGH_RISK,DETERIORATING_BUSINESS,AVOID
HMS,NORMAL_ENTERPRISE,10,READY,PASS,PASS,FAIL,FAIL,PASS,PASS,PASS,0,2,HIGH_RISK,DETERIORATING_BUSINESS,AVOID
HNA,NORMAL_ENTERPRISE,10,READY,FAIL,WATCH,PASS,PASS,WATCH,PASS,PASS,0,1,HIGH_RISK,WEAK_BUSINESS,AVOID
HNB,NORMAL_ENTERPRISE,10,READY,FAIL,WATCH,PASS,PASS,WATCH,PASS,PASS,0,1,HIGH_RISK,WEAK_BUSINESS,AVOID
HND,NORMAL_ENTERPRISE,10,READY,FAIL,PASS,PASS,PASS,WATCH,PASS,PASS,0,1,HIGH_RISK,WEAK_BUSINESS,AVOID
HNF,NORMAL_ENTERPRISE,10,READY,WATCH,PASS,PASS,FAIL,PASS,WATCH,PASS,0,1,HIGH_RISK,DETERIORATING_BUSINESS,AVOID
HNG,NORMAL_ENTERPRISE,15,READY,FAIL,FAIL,UNKNOWN,FAIL,WATCH,PASS,PASS,0,3,HIGH_RISK,DETERIORATING_BUSINESS,AVOID
HNI,NORMAL_ENTERPRISE,10,READY,PASS,PASS,PASS,PASS,WATCH,WATCH,PASS,0,0,WATCH,AVERAGE_BUSINESS,WAIT_FOR_MOS
HNM,NORMAL_ENTERPRISE,15,READY,FAIL,WATCH,UNKNOWN,PASS,PASS,PASS,PASS,0,1,HIGH_RISK,WEAK_BUSINESS,AVOID
HNP,NORMAL_ENTERPRISE,10,READY,FAIL,PASS,PASS,PASS,WATCH,PASS,PASS,0,1,HIGH_RISK,WEAK_BUSINESS,AVOID
HNR,NORMAL_ENTERPRISE,10,READY,FAIL,FAIL,UNKNOWN,PASS,WATCH,PASS,PASS,0,2,HIGH_RISK,WEAK_BUSINESS,AVOID
HOM,NORMAL_ENTERPRISE,10,READY,FAIL,FAIL,PASS,PASS,WATCH,PASS,PASS,0,2,HIGH_RISK,WEAK_BUSINESS,AVOID
HOT,NORMAL_ENTERPRISE,10,READY,WATCH,FAIL,FAIL,PASS,PASS,PASS,PASS,0,2,HIGH_RISK,DETERIORATING_BUSINESS,AVOID
HPA,NORMAL_ENTERPRISE,4,PARTIAL,PASS,PASS,UNKNOWN,PASS,PASS,PASS,PASS,0,0,CLEAR,POTENTIAL_COMPOUNDER,WAIT_FOR_MOS
HPB,NORMAL_ENTERPRISE,9,READY,FAIL,PASS,WATCH,PASS,WATCH,PASS,PASS,0,1,HIGH_RISK,WEAK_BUSINESS,AVOID
HPD,NORMAL_ENTERPRISE,10,READY,PASS,PASS,PASS,PASS,PASS,PASS,PASS,0,0,CLEAR,COMPOUNDER,BUY
HPG,NORMAL_ENTERPRISE,15,READY,PASS,PASS,UNKNOWN,PASS,PASS,PASS,WATCH,0,0,WATCH,POTENTIAL_COMPOUNDER,WAIT_FOR_MOS
HPH,NORMAL_ENTERPRISE,10,READY,FAIL,FAIL,PASS,PASS,WATCH,PASS,PASS,0,2,HIGH_RISK,WEAK_BUSINESS,AVOID
HPI,NORMAL_ENTERPRISE,10,READY,WATCH,FAIL,FAIL,FAIL,WATCH,PASS,PASS,0,3,HIGH_RISK,DETERIORATING_BUSINESS,AVOID
HPP,NORMAL_ENTERPRISE,10,READY,PASS,PASS,FAIL,WATCH,PASS,PASS,PASS,0,1,HIGH_RISK,DETERIORATING_BUSINESS,AVOID
HPT,NORMAL_ENTERPRISE,10,READY,PASS,PASS,WATCH,FAIL,PASS,PASS,PASS,0,1,HIGH_RISK,DETERIORATING_BUSINESS,AVOID
HPW,NORMAL_ENTERPRISE,10,READY,FAIL,PASS,PASS,WATCH,PASS,PASS,PASS,0,1,HIGH_RISK,WEAK_BUSINESS,AVOID
HPX,NORMAL_ENTERPRISE,11,READY,FAIL,WATCH,UNKNOWN,PASS,WATCH,PASS,PASS,0,1,HIGH_RISK,WEAK_BUSINESS,AVOID
HQC,NORMAL_ENTERPRISE,15,READY,FAIL,PASS,UNKNOWN,PASS,PASS,PASS,WATCH,0,2,HIGH_RISK,DETERIORATING_BUSINESS,AVOID
HRB,NORMAL_ENTERPRISE,10,READY,PASS,PASS,WATCH,PASS,WATCH,PASS,PASS,0,0,WATCH,AVERAGE_BUSINESS,WAIT_FOR_MOS
HRC,NORMAL_ENTERPRISE,10,READY,FAIL,PASS,FAIL,PASS,PASS,PASS,PASS,0,2,HIGH_RISK,DETERIORATING_BUSINESS,AVOID
HSA,NORMAL_ENTERPRISE,10,READY,FAIL,FAIL,FAIL,PASS,WATCH,PASS,PASS,0,3,HIGH_RISK,DETERIORATING_BUSINESS,AVOID
HSG,NORMAL_ENTERPRISE,15,READY,PASS,WATCH,UNKNOWN,PASS,PASS,PASS,PASS,0,0,CLEAR,AVERAGE_BUSINESS,BUY
HSL,NORMAL_ENTERPRISE,11,READY,FAIL,PASS,UNKNOWN,PASS,WATCH,PASS,PASS,0,1,HIGH_RISK,WEAK_BUSINESS,AVOID
HSM,NORMAL_ENTERPRISE,10,READY,FAIL,FAIL,PASS,FAIL,WATCH,PASS,PASS,0,3,HIGH_RISK,DETERIORATING_BUSINESS,AVOID
HSP,NORMAL_ENTERPRISE,10,READY,FAIL,PASS,PASS,PASS,WATCH,PASS,PASS,0,1,HIGH_RISK,WEAK_BUSINESS,AVOID
HSV,NORMAL_ENTERPRISE,8,READY,FAIL,WATCH,FAIL,FAIL,PASS,WATCH,PASS,0,3,HIGH_RISK,DETERIORATING_BUSINESS,AVOID
HT1,NORMAL_ENTERPRISE,15,READY,FAIL,WATCH,UNKNOWN,PASS,WATCH,PASS,PASS,0,1,HIGH_RISK,WEAK_BUSINESS,AVOID
HTC,NORMAL_ENTERPRISE,10,READY,WATCH,PASS,FAIL,WATCH,WATCH,PASS,PASS,0,1,HIGH_RISK,DETERIORATING_BUSINESS,AVOID
HTE,NORMAL_ENTERPRISE,10,READY,FAIL,FAIL,FAIL,PASS,WATCH,PASS,PASS,0,3,HIGH_RISK,DETERIORATING_BUSINESS,AVOID
HTG,NORMAL_ENTERPRISE,10,READY,PASS,PASS,PASS,FAIL,PASS,WATCH,PASS,0,1,HIGH_RISK,DETERIORATING_BUSINESS,AVOID
HTI,NORMAL_ENTERPRISE,15,READY,WATCH,PASS,UNKNOWN,PASS,PASS,PASS,PASS,0,0,CLEAR,AVERAGE_BUSINESS,BUY
HTL,NORMAL_ENTERPRISE,10,READY,WATCH,PASS,PASS,WATCH,WATCH,PASS,PASS,0,0,CLEAR,AVERAGE_BUSINESS,BUY
HTM,NORMAL_ENTERPRISE,10,READY,FAIL,FAIL,FAIL,PASS,WATCH,PASS,PASS,0,3,HIGH_RISK,DETERIORATING_BUSINESS,AVOID
HTN,NORMAL_ENTERPRISE,11,READY,PASS,PASS,UNKNOWN,WATCH,WATCH,PASS,PASS,0,0,CLEAR,AVERAGE_BUSINESS,BUY
HTP,NORMAL_ENTERPRISE,10,READY,FAIL,FAIL,FAIL,FAIL,WATCH,PASS,PASS,0,4,HIGH_RISK,DETERIORATING_BUSINESS,AVOID
HTT,NORMAL_ENTERPRISE,10,READY,FAIL,FAIL,FAIL,PASS,WATCH,PASS,PASS,0,3,HIGH_RISK,DETERIORATING_BUSINESS,AVOID
HTV,NORMAL_ENTERPRISE,10,READY,FAIL,PASS,WATCH,PASS,WATCH,PASS,PASS,0,1,HIGH_RISK,WEAK_BUSINESS,AVOID
HU1,NORMAL_ENTERPRISE,10,READY,FAIL,FAIL,FAIL,FAIL,WATCH,PASS,PASS,0,4,HIGH_RISK,DETERIORATING_BUSINESS,AVOID
HU3,NORMAL_ENTERPRISE,8,READY,FAIL,FAIL,FAIL,WATCH,WATCH,PASS,PASS,0,3,HIGH_RISK,DETERIORATING_BUSINESS,AVOID
HU4,NORMAL_ENTERPRISE,10,READY,FAIL,WATCH,FAIL,FAIL,WATCH,PASS,PASS,0,3,HIGH_RISK,DETERIORATING_BUSINESS,AVOID
HUB,NORMAL_ENTERPRISE,10,READY,PASS,PASS,WATCH,PASS,PASS,WATCH,PASS,0,0,WATCH,AVERAGE_BUSINESS,WAIT_FOR_MOS
HUG,NORMAL_ENTERPRISE,10,READY,PASS,PASS,WATCH,WATCH,WATCH,PASS,PASS,0,0,WATCH,AVERAGE_BUSINESS,WAIT_FOR_MOS
HUT,NORMAL_ENTERPRISE,15,READY,FAIL,WATCH,UNKNOWN,WATCH,PASS,PASS,PASS,0,1,HIGH_RISK,WEAK_BUSINESS,AVOID
HVA,NORMAL_ENTERPRISE,13,READY,FAIL,FAIL,UNKNOWN,PASS,PASS,PASS,PASS,0,2,HIGH_RISK,WEAK_BUSINESS,AVOID
HVH,NORMAL_ENTERPRISE,12,READY,FAIL,PASS,UNKNOWN,PASS,PASS,PASS,PASS,0,1,HIGH_RISK,WEAK_BUSINESS,AVOID
HVN,NORMAL_ENTERPRISE,15,READY,FAIL,FAIL,UNKNOWN,FAIL,PASS,PASS,PASS,0,3,HIGH_RISK,DETERIORATING_BUSINESS,AVOID
HVT,NORMAL_ENTERPRISE,10,READY,PASS,PASS,PASS,PASS,PASS,WATCH,PASS,0,0,WATCH,POTENTIAL_COMPOUNDER,WAIT_FOR_MOS
HVX,NORMAL_ENTERPRISE,10,READY,FAIL,FAIL,PASS,WATCH,WATCH,PASS,PASS,0,2,HIGH_RISK,WEAK_BUSINESS,AVOID
HWS,NORMAL_ENTERPRISE,10,READY,WATCH,PASS,WATCH,PASS,PASS,WATCH,PASS,0,0,WATCH,AVERAGE_BUSINESS,WAIT_FOR_MOS
IBD,NORMAL_ENTERPRISE,6,READY,FAIL,PASS,WATCH,PASS,WATCH,PASS,PASS,0,1,HIGH_RISK,WEAK_BUSINESS,AVOID
ICC,NORMAL_ENTERPRISE,9,READY,FAIL,PASS,FAIL,WATCH,WATCH,PASS,PASS,0,2,HIGH_RISK,DETERIORATING_BUSINESS,AVOID
ICF,NORMAL_ENTERPRISE,10,READY,FAIL,FAIL,UNKNOWN,WATCH,WATCH,PASS,PASS,0,2,HIGH_RISK,WEAK_BUSINESS,AVOID
ICG,NORMAL_ENTERPRISE,10,READY,FAIL,FAIL,FAIL,FAIL,PASS,PASS,PASS,0,4,HIGH_RISK,DETERIORATING_BUSINESS,AVOID
ICI,NORMAL_ENTERPRISE,9,READY,FAIL,FAIL,FAIL,FAIL,WATCH,PASS,PASS,0,4,HIGH_RISK,DETERIORATING_BUSINESS,AVOID
ICN,NORMAL_ENTERPRISE,10,READY,PASS,PASS,FAIL,WATCH,PASS,WATCH,PASS,0,1,HIGH_RISK,DETERIORATING_BUSINESS,AVOID
ICT,NORMAL_ENTERPRISE,9,READY,FAIL,PASS,FAIL,FAIL,WATCH,PASS,PASS,0,3,HIGH_RISK,DETERIORATING_BUSINESS,AVOID
IDC,NORMAL_ENTERPRISE,12,READY,WATCH,PASS,UNKNOWN,PASS,PASS,PASS,PASS,0,0,CLEAR,AVERAGE_BUSINESS,BUY
IDI,NORMAL_ENTERPRISE,15,READY,FAIL,PASS,UNKNOWN,FAIL,PASS,PASS,PASS,0,2,HIGH_RISK,DETERIORATING_BUSINESS,AVOID
IDJ,NORMAL_ENTERPRISE,15,READY,FAIL,FAIL,UNKNOWN,PASS,WATCH,PASS,PASS,0,2,HIGH_RISK,WEAK_BUSINESS,AVOID
IDP,NORMAL_ENTERPRISE,8,READY,PASS,WATCH,PASS,WATCH,WATCH,PASS,PASS,0,0,CLEAR,AVERAGE_BUSINESS,BUY
IDV,NORMAL_ENTERPRISE,10,READY,PASS,PASS,FAIL,WATCH,WATCH,WATCH,PASS,0,1,HIGH_RISK,DETERIORATING_BUSINESS,AVOID
IFS,NORMAL_ENTERPRISE,10,READY,PASS,PASS,WATCH,PASS,PASS,PASS,PASS,0,0,WATCH,COMPOUNDER,WAIT_FOR_MOS
IJC,NORMAL_ENTERPRISE,15,READY,WATCH,PASS,UNKNOWN,PASS,WATCH,PASS,PASS,0,0,CLEAR,AVERAGE_BUSINESS,BUY
ILA,NORMAL_ENTERPRISE,10,READY,FAIL,FAIL,FAIL,PASS,WATCH,PASS,PASS,0,3,HIGH_RISK,DETERIORATING_BUSINESS,AVOID
ILB,NORMAL_ENTERPRISE,8,READY,PASS,PASS,PASS,WATCH,PASS,WATCH,PASS,0,0,WATCH,AVERAGE_BUSINESS,WAIT_FOR_MOS
ILC,NORMAL_ENTERPRISE,10,READY,PASS,WATCH,FAIL,PASS,WATCH,PASS,PASS,0,1,HIGH_RISK,DETERIORATING_BUSINESS,AVOID
ILS,NORMAL_ENTERPRISE,15,READY,FAIL,FAIL,UNKNOWN,PASS,WATCH,PASS,PASS,0,2,HIGH_RISK,WEAK_BUSINESS,AVOID
IME,NORMAL_ENTERPRISE,10,READY,WATCH,WATCH,FAIL,WATCH,WATCH,PASS,PASS,0,1,HIGH_RISK,DETERIORATING_BUSINESS,AVOID
IMP,NORMAL_ENTERPRISE,15,READY,WATCH,PASS,UNKNOWN,PASS,PASS,PASS,PASS,0,0,CLEAR,AVERAGE_BUSINESS,BUY
INC,NORMAL_ENTERPRISE,10,READY,FAIL,WATCH,PASS,PASS,WATCH,WATCH,PASS,0,1,HIGH_RISK,WEAK_BUSINESS,AVOID
INN,NORMAL_ENTERPRISE,10,READY,PASS,PASS,PASS,PASS,PASS,WATCH,PASS,0,0,WATCH,AVERAGE_BUSINESS,WAIT_FOR_MOS
IPA,NORMAL_ENTERPRISE,15,READY,FAIL,PASS,UNKNOWN,WATCH,PASS,PASS,WATCH,0,1,HIGH_RISK,WEAK_BUSINESS,AVOID
IRC,NORMAL_ENTERPRISE,10,READY,FAIL,PASS,FAIL,PASS,PASS,PASS,PASS,0,2,HIGH_RISK,DETERIORATING_BUSINESS,AVOID
ISG,NORMAL_ENTERPRISE,10,READY,PASS,FAIL,PASS,PASS,WATCH,PASS,PASS,0,1,HIGH_RISK,WEAK_BUSINESS,AVOID
ISH,NORMAL_ENTERPRISE,10,READY,PASS,PASS,PASS,PASS,PASS,PASS,PASS,0,0,CLEAR,COMPOUNDER,BUY
IST,NORMAL_ENTERPRISE,10,READY,PASS,PASS,PASS,WATCH,PASS,PASS,PASS,0,0,CLEAR,AVERAGE_BUSINESS,BUY
ITA,NORMAL_ENTERPRISE,10,READY,FAIL,WATCH,FAIL,PASS,PASS,PASS,PASS,0,2,HIGH_RISK,DETERIORATING_BUSINESS,AVOID
ITC,NORMAL_ENTERPRISE,15,READY,FAIL,FAIL,UNKNOWN,PASS,WATCH,PASS,PASS,0,2,HIGH_RISK,WEAK_BUSINESS,AVOID
ITQ,NORMAL_ENTERPRISE,10,READY,FAIL,WATCH,PASS,PASS,PASS,PASS,PASS,0,1,HIGH_RISK,WEAK_BUSINESS,AVOID
ITS,NORMAL_ENTERPRISE,10,READY,FAIL,WATCH,FAIL,FAIL,PASS,WATCH,PASS,0,3,HIGH_RISK,DETERIORATING_BUSINESS,AVOID
IVS,NORMAL_ENTERPRISE,15,READY,FAIL,WATCH,UNKNOWN,PASS,PASS,PASS,PASS,0,1,HIGH_RISK,WEAK_BUSINESS,AVOID
JOS,NORMAL_ENTERPRISE,10,READY,PASS,FAIL,UNKNOWN,PASS,WATCH,PASS,PASS,0,1,HIGH_RISK,WEAK_BUSINESS,AVOID
JVC,NORMAL_ENTERPRISE,15,READY,FAIL,FAIL,UNKNOWN,PASS,WATCH,PASS,PASS,0,2,HIGH_RISK,WEAK_BUSINESS,AVOID
KBC,NORMAL_ENTERPRISE,15,READY,FAIL,WATCH,UNKNOWN,WATCH,PASS,PASS,WATCH,0,1,HIGH_RISK,WEAK_BUSINESS,AVOID
KCB,NORMAL_ENTERPRISE,10,READY,FAIL,FAIL,FAIL,PASS,WATCH,PASS,PASS,0,3,HIGH_RISK,DETERIORATING_BUSINESS,AVOID
KDC,NORMAL_ENTERPRISE,15,READY,FAIL,PASS,UNKNOWN,PASS,WATCH,PASS,PASS,0,1,HIGH_RISK,WEAK_BUSINESS,AVOID
KDH,NORMAL_ENTERPRISE,15,READY,FAIL,FAIL,UNKNOWN,PASS,PASS,PASS,WATCH,0,2,HIGH_RISK,WEAK_BUSINESS,AVOID
KDM,NORMAL_ENTERPRISE,10,READY,FAIL,FAIL,FAIL,PASS,WATCH,PASS,PASS,0,3,HIGH_RISK,DETERIORATING_BUSINESS,AVOID
KGM,NORMAL_ENTERPRISE,10,READY,FAIL,PASS,FAIL,WATCH,WATCH,PASS,PASS,0,2,HIGH_RISK,DETERIORATING_BUSINESS,AVOID
KHD,NORMAL_ENTERPRISE,10,READY,WATCH,FAIL,PASS,PASS,PASS,WATCH,PASS,0,1,HIGH_RISK,AVERAGE_BUSINESS,AVOID
KHG,NORMAL_ENTERPRISE,8,READY,FAIL,PASS,UNKNOWN,PASS,PASS,PASS,PASS,0,1,HIGH_RISK,WEAK_BUSINESS,AVOID
KHP,NORMAL_ENTERPRISE,10,READY,FAIL,PASS,PASS,FAIL,WATCH,PASS,PASS,0,2,HIGH_RISK,DETERIORATING_BUSINESS,AVOID
KHS,NORMAL_ENTERPRISE,10,READY,WATCH,WATCH,FAIL,PASS,PASS,WATCH,PASS,0,1,HIGH_RISK,DETERIORATING_BUSINESS,AVOID
KHW,NORMAL_ENTERPRISE,10,READY,WATCH,PASS,PASS,PASS,PASS,PASS,PASS,0,0,CLEAR,AVERAGE_BUSINESS,BUY
KHX,NORMAL_ENTERPRISE,1,INSUFFICIENT,FAIL,PASS,UNKNOWN,WATCH,WATCH,PASS,PASS,0,1,HIGH_RISK,INSUFFICIENT_DATA,AVOID
KIP,NORMAL_ENTERPRISE,10,READY,FAIL,PASS,FAIL,PASS,WATCH,WATCH,PASS,0,2,HIGH_RISK,DETERIORATING_BUSINESS,AVOID
KKC,NORMAL_ENTERPRISE,10,READY,WATCH,FAIL,FAIL,WATCH,WATCH,PASS,PASS,0,2,HIGH_RISK,DETERIORATING_BUSINESS,AVOID
KLB,NORMAL_ENTERPRISE,15,READY,FAIL,PASS,UNKNOWN,PASS,PASS,PASS,PASS,0,1,HIGH_RISK,WEAK_BUSINESS,AVOID
KMR,NORMAL_ENTERPRISE,10,READY,FAIL,WATCH,FAIL,PASS,WATCH,PASS,PASS,0,2,HIGH_RISK,DETERIORATING_BUSINESS,AVOID
KMT,NORMAL_ENTERPRISE,10,READY,FAIL,PASS,FAIL,FAIL,WATCH,PASS,PASS,0,3,HIGH_RISK,DETERIORATING_BUSINESS,AVOID
KOS,NORMAL_ENTERPRISE,10,READY,FAIL,PASS,UNKNOWN,WATCH,WATCH,PASS,PASS,0,2,HIGH_RISK,DETERIORATING_BUSINESS,AVOID
KPF,NORMAL_ENTERPRISE,10,READY,FAIL,FAIL,FAIL,PASS,WATCH,PASS,PASS,0,3,HIGH_RISK,DETERIORATING_BUSINESS,AVOID
KSB,NORMAL_ENTERPRISE,15,READY,PASS,PASS,UNKNOWN,PASS,WATCH,PASS,PASS,0,0,CLEAR,AVERAGE_BUSINESS,BUY
KSD,NORMAL_ENTERPRISE,10,READY,FAIL,FAIL,PASS,PASS,WATCH,PASS,PASS,0,2,HIGH_RISK,WEAK_BUSINESS,AVOID
KSF,NORMAL_ENTERPRISE,8,READY,FAIL,WATCH,UNKNOWN,WATCH,WATCH,PASS,PASS,0,2,HIGH_RISK,DETERIORATING_BUSINESS,AVOID
KSQ,NORMAL_ENTERPRISE,10,READY,FAIL,FAIL,FAIL,PASS,PASS,PASS,PASS,0,3,HIGH_RISK,DETERIORATING_BUSINESS,AVOID
KST,NORMAL_ENTERPRISE,10,READY,WATCH,PASS,PASS,FAIL,PASS,WATCH,PASS,0,1,HIGH_RISK,DETERIORATING_BUSINESS,AVOID
KSV,NORMAL_ENTERPRISE,13,READY,FAIL,WATCH,UNKNOWN,PASS,PASS,PASS,WATCH,0,1,HIGH_RISK,WEAK_BUSINESS,AVOID
KTC,NORMAL_ENTERPRISE,9,READY,FAIL,PASS,FAIL,FAIL,WATCH,PASS,PASS,0,3,HIGH_RISK,DETERIORATING_BUSINESS,AVOID
KTL,NORMAL_ENTERPRISE,10,READY,WATCH,PASS,FAIL,WATCH,WATCH,PASS,PASS,0,1,HIGH_RISK,DETERIORATING_BUSINESS,AVOID
KTS,NORMAL_ENTERPRISE,10,READY,FAIL,PASS,FAIL,WATCH,WATCH,PASS,PASS,0,2,HIGH_RISK,DETERIORATING_BUSINESS,AVOID
KTT,NORMAL_ENTERPRISE,8,READY,FAIL,FAIL,FAIL,FAIL,WATCH,PASS,PASS,0,4,HIGH_RISK,DETERIORATING_BUSINESS,AVOID
KVC,NORMAL_ENTERPRISE,10,READY,FAIL,FAIL,FAIL,PASS,WATCH,PASS,PASS,0,3,HIGH_RISK,DETERIORATING_BUSINESS,AVOID
L10,NORMAL_ENTERPRISE,10,READY,FAIL,PASS,FAIL,FAIL,PASS,PASS,PASS,0,3,HIGH_RISK,DETERIORATING_BUSINESS,AVOID
L12,NORMAL_ENTERPRISE,2,INSUFFICIENT,FAIL,FAIL,FAIL,FAIL,WATCH,PASS,PASS,0,4,HIGH_RISK,INSUFFICIENT_DATA,AVOID
L14,NORMAL_ENTERPRISE,15,READY,WATCH,PASS,UNKNOWN,PASS,PASS,PASS,PASS,0,0,CLEAR,AVERAGE_BUSINESS,BUY
L18,NORMAL_ENTERPRISE,10,READY,FAIL,FAIL,FAIL,FAIL,PASS,WATCH,PASS,0,4,HIGH_RISK,DETERIORATING_BUSINESS,AVOID
L35,NORMAL_ENTERPRISE,10,READY,FAIL,FAIL,FAIL,FAIL,WATCH,PASS,PASS,0,4,HIGH_RISK,DETERIORATING_BUSINESS,AVOID
L43,NORMAL_ENTERPRISE,9,READY,FAIL,FAIL,UNKNOWN,FAIL,WATCH,PASS,PASS,0,3,HIGH_RISK,DETERIORATING_BUSINESS,AVOID
L45,NORMAL_ENTERPRISE,1,INSUFFICIENT,PASS,PASS,UNKNOWN,FAIL,WATCH,PASS,PASS,0,1,HIGH_RISK,INSUFFICIENT_DATA,AVOID
L61,NORMAL_ENTERPRISE,9,READY,FAIL,FAIL,FAIL,PASS,WATCH,PASS,PASS,0,3,HIGH_RISK,DETERIORATING_BUSINESS,AVOID
L62,NORMAL_ENTERPRISE,9,READY,FAIL,FAIL,FAIL,PASS,WATCH,PASS,PASS,0,3,HIGH_RISK,DETERIORATING_BUSINESS,AVOID
LAF,NORMAL_ENTERPRISE,10,READY,WATCH,WATCH,FAIL,WATCH,PASS,PASS,PASS,0,1,HIGH_RISK,DETERIORATING_BUSINESS,AVOID
LAI,NORMAL_ENTERPRISE,9,READY,WATCH,PASS,FAIL,FAIL,PASS,WATCH,PASS,0,2,HIGH_RISK,DETERIORATING_BUSINESS,AVOID
LAS,NORMAL_ENTERPRISE,15,READY,WATCH,PASS,UNKNOWN,PASS,WATCH,PASS,PASS,0,0,CLEAR,AVERAGE_BUSINESS,BUY
LAW,NORMAL_ENTERPRISE,10,READY,WATCH,PASS,PASS,WATCH,PASS,PASS,PASS,0,0,CLEAR,AVERAGE_BUSINESS,BUY
LBE,NORMAL_ENTERPRISE,10,READY,WATCH,PASS,FAIL,PASS,PASS,WATCH,PASS,0,1,HIGH_RISK,DETERIORATING_BUSINESS,AVOID
LBM,NORMAL_ENTERPRISE,10,READY,PASS,PASS,PASS,PASS,PASS,WATCH,PASS,0,0,WATCH,POTENTIAL_COMPOUNDER,WAIT_FOR_MOS
LCD,NORMAL_ENTERPRISE,10,READY,FAIL,FAIL,FAIL,FAIL,WATCH,PASS,PASS,0,4,HIGH_RISK,DETERIORATING_BUSINESS,AVOID
LCG,NORMAL_ENTERPRISE,15,READY,FAIL,FAIL,UNKNOWN,PASS,WATCH,PASS,WATCH,0,2,HIGH_RISK,WEAK_BUSINESS,AVOID
LCM,NORMAL_ENTERPRISE,10,READY,FAIL,FAIL,FAIL,PASS,WATCH,PASS,PASS,0,3,HIGH_RISK,DETERIORATING_BUSINESS,AVOID
LDG,NORMAL_ENTERPRISE,14,READY,FAIL,FAIL,UNKNOWN,PASS,PASS,PASS,PASS,0,2,HIGH_RISK,WEAK_BUSINESS,AVOID
LDP,NORMAL_ENTERPRISE,15,READY,WATCH,FAIL,UNKNOWN,PASS,WATCH,PASS,PASS,0,1,HIGH_RISK,AVERAGE_BUSINESS,AVOID
LDW,NORMAL_ENTERPRISE,8,READY,FAIL,PASS,WATCH,PASS,PASS,PASS,PASS,0,1,HIGH_RISK,WEAK_BUSINESS,AVOID
LEC,NORMAL_ENTERPRISE,10,READY,FAIL,FAIL,FAIL,FAIL,WATCH,PASS,PASS,0,4,HIGH_RISK,DETERIORATING_BUSINESS,AVOID
LGC,NORMAL_ENTERPRISE,10,READY,WATCH,PASS,FAIL,FAIL,PASS,PASS,PASS,0,2,HIGH_RISK,DETERIORATING_BUSINESS,AVOID
LGL,NORMAL_ENTERPRISE,15,READY,FAIL,FAIL,UNKNOWN,PASS,PASS,PASS,WATCH,0,3,HIGH_RISK,DETERIORATING_BUSINESS,AVOID
LHC,NORMAL_ENTERPRISE,15,READY,WATCH,PASS,UNKNOWN,PASS,PASS,PASS,WATCH,0,0,WATCH,AVERAGE_BUSINESS,WAIT_FOR_MOS
LHG,NORMAL_ENTERPRISE,15,READY,WATCH,PASS,UNKNOWN,PASS,PASS,PASS,PASS,0,0,CLEAR,AVERAGE_BUSINESS,BUY
LIC,NORMAL_ENTERPRISE,10,READY,FAIL,FAIL,FAIL,FAIL,WATCH,PASS,PASS,0,4,HIGH_RISK,DETERIORATING_BUSINESS,AVOID
LIG,NORMAL_ENTERPRISE,15,READY,FAIL,PASS,UNKNOWN,FAIL,WATCH,PASS,WATCH,0,2,HIGH_RISK,DETERIORATING_BUSINESS,AVOID
LIX,NORMAL_ENTERPRISE,15,READY,PASS,PASS,UNKNOWN,PASS,PASS,PASS,PASS,0,0,CLEAR,AVERAGE_BUSINESS,BUY
LKW,NORMAL_ENTERPRISE,10,READY,PASS,PASS,PASS,PASS,PASS,PASS,PASS,0,0,CLEAR,AVERAGE_BUSINESS,BUY
LLM,NORMAL_ENTERPRISE,10,READY,FAIL,FAIL,FAIL,FAIL,PASS,PASS,PASS,0,4,HIGH_RISK,DETERIORATING_BUSINESS,AVOID
LM3,NORMAL_ENTERPRISE,3,PARTIAL,PASS,FAIL,FAIL,PASS,WATCH,PASS,PASS,0,2,HIGH_RISK,DETERIORATING_BUSINESS,AVOID
LM7,NORMAL_ENTERPRISE,8,READY,FAIL,FAIL,UNKNOWN,PASS,WATCH,PASS,PASS,0,2,HIGH_RISK,WEAK_BUSINESS,AVOID
LM8,NORMAL_ENTERPRISE,10,READY,FAIL,FAIL,PASS,FAIL,WATCH,PASS,PASS,0,3,HIGH_RISK,DETERIORATING_BUSINESS,AVOID
LMC,NORMAL_ENTERPRISE,10,READY,FAIL,FAIL,FAIL,PASS,WATCH,PASS,PASS,0,3,HIGH_RISK,DETERIORATING_BUSINESS,AVOID
LMH,NORMAL_ENTERPRISE,10,READY,FAIL,FAIL,FAIL,PASS,WATCH,PASS,PASS,0,3,HIGH_RISK,DETERIORATING_BUSINESS,AVOID
LMI,NORMAL_ENTERPRISE,10,READY,FAIL,PASS,FAIL,WATCH,WATCH,PASS,PASS,0,2,HIGH_RISK,DETERIORATING_BUSINESS,AVOID
LNC,NORMAL_ENTERPRISE,9,READY,FAIL,WATCH,FAIL,FAIL,WATCH,PASS,PASS,0,3,HIGH_RISK,DETERIORATING_BUSINESS,AVOID
LO5,NORMAL_ENTERPRISE,10,READY,FAIL,FAIL,UNKNOWN,PASS,WATCH,PASS,PASS,0,2,HIGH_RISK,WEAK_BUSINESS,AVOID
LPB,BANK,15,READY,WATCH,WATCH,NOT_APPLICABLE,PASS,PASS,PASS,PASS,0,0,CLEAR,AVERAGE_BUSINESS,BUY
LPS,NORMAL_ENTERPRISE,0,INSUFFICIENT,UNKNOWN,UNKNOWN,UNKNOWN,UNKNOWN,UNKNOWN,UNKNOWN,UNKNOWN,0,0,CLEAR,INSUFFICIENT_DATA,REVIEW_BUSINESS
LQN,NORMAL_ENTERPRISE,9,READY,FAIL,FAIL,FAIL,PASS,WATCH,PASS,PASS,0,3,HIGH_RISK,DETERIORATING_BUSINESS,AVOID
LSG,NORMAL_ENTERPRISE,15,READY,FAIL,PASS,UNKNOWN,PASS,WATCH,PASS,PASS,0,1,HIGH_RISK,WEAK_BUSINESS,AVOID
LSS,NORMAL_ENTERPRISE,15,READY,FAIL,WATCH,UNKNOWN,PASS,WATCH,PASS,PASS,0,2,HIGH_RISK,DETERIORATING_BUSINESS,AVOID
LTC,NORMAL_ENTERPRISE,8,READY,FAIL,FAIL,FAIL,FAIL,WATCH,PASS,PASS,0,4,HIGH_RISK,DETERIORATING_BUSINESS,AVOID
LUT,NORMAL_ENTERPRISE,8,READY,FAIL,FAIL,FAIL,FAIL,WATCH,PASS,PASS,0,4,HIGH_RISK,DETERIORATING_BUSINESS,AVOID
M10,NORMAL_ENTERPRISE,9,READY,FAIL,PASS,PASS,FAIL,PASS,WATCH,PASS,0,2,HIGH_RISK,DETERIORATING_BUSINESS,AVOID
MAC,NORMAL_ENTERPRISE,10,READY,FAIL,WATCH,FAIL,PASS,PASS,WATCH,PASS,0,2,HIGH_RISK,DETERIORATING_BUSINESS,AVOID
MAS,NORMAL_ENTERPRISE,10,READY,PASS,FAIL,PASS,FAIL,WATCH,PASS,PASS,0,2,HIGH_RISK,DETERIORATING_BUSINESS,AVOID
MBB,BANK,15,READY,PASS,PASS,NOT_APPLICABLE,PASS,PASS,PASS,PASS,0,0,CLEAR,POTENTIAL_COMPOUNDER,BUY
MBG,NORMAL_ENTERPRISE,13,READY,FAIL,WATCH,UNKNOWN,PASS,PASS,PASS,PASS,0,1,HIGH_RISK,WEAK_BUSINESS,AVOID
MBN,NORMAL_ENTERPRISE,9,READY,FAIL,FAIL,PASS,PASS,WATCH,PASS,PASS,0,2,HIGH_RISK,WEAK_BUSINESS,AVOID
MBS,SECURITIES,16,READY,PASS,PASS,NOT_APPLICABLE,PASS,WATCH,WATCH,PASS,0,0,CLEAR,AVERAGE_BUSINESS,BUY
MBT,NORMAL_ENTERPRISE,5,READY,FAIL,FAIL,FAIL,PASS,WATCH,PASS,PASS,0,3,HIGH_RISK,DETERIORATING_BUSINESS,AVOID
MCC,NORMAL_ENTERPRISE,10,READY,FAIL,WATCH,PASS,PASS,WATCH,PASS,PASS,0,1,HIGH_RISK,WEAK_BUSINESS,AVOID
MCF,NORMAL_ENTERPRISE,10,READY,FAIL,PASS,FAIL,PASS,WATCH,PASS,PASS,0,2,HIGH_RISK,DETERIORATING_BUSINESS,AVOID
MCG,NORMAL_ENTERPRISE,10,READY,FAIL,FAIL,PASS,FAIL,WATCH,PASS,PASS,0,3,HIGH_RISK,DETERIORATING_BUSINESS,AVOID
MCH,NORMAL_ENTERPRISE,15,READY,PASS,PASS,UNKNOWN,PASS,PASS,PASS,WATCH,0,0,WATCH,AVERAGE_BUSINESS,WAIT_FOR_MOS
MCM,NORMAL_ENTERPRISE,10,READY,PASS,PASS,UNKNOWN,PASS,WATCH,PASS,PASS,0,0,CLEAR,AVERAGE_BUSINESS,BUY
MCO,NORMAL_ENTERPRISE,10,READY,FAIL,FAIL,UNKNOWN,WATCH,WATCH,PASS,PASS,0,2,HIGH_RISK,WEAK_BUSINESS,AVOID
MCP,NORMAL_ENTERPRISE,10,READY,WATCH,PASS,FAIL,PASS,WATCH,PASS,PASS,0,1,HIGH_RISK,DETERIORATING_BUSINESS,AVOID
MDA,NORMAL_ENTERPRISE,10,READY,WATCH,WATCH,FAIL,WATCH,PASS,PASS,PASS,0,1,HIGH_RISK,DETERIORATING_BUSINESS,AVOID
MDC,NORMAL_ENTERPRISE,10,READY,WATCH,PASS,PASS,FAIL,WATCH,PASS,PASS,0,1,HIGH_RISK,DETERIORATING_BUSINESS,AVOID
MDF,NORMAL_ENTERPRISE,10,READY,FAIL,WATCH,PASS,PASS,WATCH,PASS,PASS,0,1,HIGH_RISK,WEAK_BUSINESS,AVOID
MDG,NORMAL_ENTERPRISE,10,READY,FAIL,WATCH,PASS,WATCH,PASS,PASS,PASS,0,1,HIGH_RISK,WEAK_BUSINESS,AVOID
MEC,NORMAL_ENTERPRISE,10,READY,FAIL,FAIL,PASS,PASS,WATCH,PASS,PASS,0,2,HIGH_RISK,WEAK_BUSINESS,AVOID
MED,NORMAL_ENTERPRISE,10,READY,WATCH,PASS,FAIL,PASS,WATCH,WATCH,PASS,0,1,HIGH_RISK,DETERIORATING_BUSINESS,AVOID
MEF,NORMAL_ENTERPRISE,9,READY,PASS,PASS,PASS,PASS,PASS,PASS,PASS,0,0,CLEAR,AVERAGE_BUSINESS,BUY
MEL,NORMAL_ENTERPRISE,10,READY,FAIL,PASS,FAIL,FAIL,WATCH,PASS,PASS,0,3,HIGH_RISK,DETERIORATING_BUSINESS,AVOID
MES,NORMAL_ENTERPRISE,10,READY,FAIL,FAIL,UNKNOWN,PASS,WATCH,PASS,PASS,0,2,HIGH_RISK,WEAK_BUSINESS,AVOID
MFS,NORMAL_ENTERPRISE,10,READY,PASS,PASS,WATCH,PASS,WATCH,PASS,PASS,0,0,WATCH,AVERAGE_BUSINESS,WAIT_FOR_MOS
MGC,NORMAL_ENTERPRISE,10,READY,FAIL,PASS,WATCH,FAIL,WATCH,PASS,PASS,0,2,HIGH_RISK,DETERIORATING_BUSINESS,AVOID
MGG,NORMAL_ENTERPRISE,9,READY,WATCH,PASS,FAIL,FAIL,WATCH,PASS,PASS,0,2,HIGH_RISK,DETERIORATING_BUSINESS,AVOID
MGR,NORMAL_ENTERPRISE,5,READY,FAIL,FAIL,UNKNOWN,PASS,WATCH,PASS,PASS,0,2,HIGH_RISK,WEAK_BUSINESS,AVOID
MH3,NORMAL_ENTERPRISE,10,READY,FAIL,PASS,FAIL,WATCH,PASS,WATCH,PASS,0,2,HIGH_RISK,DETERIORATING_BUSINESS,AVOID
MHC,NORMAL_ENTERPRISE,10,READY,FAIL,FAIL,FAIL,PASS,PASS,PASS,PASS,0,3,HIGH_RISK,DETERIORATING_BUSINESS,AVOID
MHL,NORMAL_ENTERPRISE,9,READY,FAIL,FAIL,FAIL,FAIL,WATCH,PASS,PASS,0,4,HIGH_RISK,DETERIORATING_BUSINESS,AVOID
MIC,NORMAL_ENTERPRISE,10,READY,FAIL,WATCH,FAIL,PASS,WATCH,PASS,PASS,0,2,HIGH_RISK,DETERIORATING_BUSINESS,AVOID
MIE,NORMAL_ENTERPRISE,10,READY,FAIL,FAIL,FAIL,PASS,PASS,PASS,PASS,0,3,HIGH_RISK,DETERIORATING_BUSINESS,AVOID
MIG,NORMAL_ENTERPRISE,15,READY,FAIL,PASS,PASS,PASS,PASS,PASS,PASS,0,1,HIGH_RISK,WEAK_BUSINESS,AVOID
MKP,NORMAL_ENTERPRISE,10,READY,FAIL,PASS,FAIL,PASS,WATCH,PASS,PASS,0,2,HIGH_RISK,DETERIORATING_BUSINESS,AVOID
MKV,NORMAL_ENTERPRISE,10,READY,FAIL,FAIL,WATCH,PASS,PASS,PASS,PASS,0,2,HIGH_RISK,WEAK_BUSINESS,AVOID
MLC,NORMAL_ENTERPRISE,10,READY,PASS,PASS,WATCH,PASS,PASS,PASS,PASS,0,0,WATCH,COMPOUNDER,WAIT_FOR_MOS
MLS,NORMAL_ENTERPRISE,10,READY,PASS,FAIL,WATCH,WATCH,PASS,PASS,PASS,0,1,HIGH_RISK,AVERAGE_BUSINESS,AVOID
MML,NORMAL_ENTERPRISE,10,READY,FAIL,FAIL,UNKNOWN,PASS,WATCH,PASS,PASS,0,2,HIGH_RISK,WEAK_BUSINESS,AVOID
MNB,NORMAL_ENTERPRISE,10,READY,PASS,PASS,FAIL,FAIL,PASS,PASS,PASS,0,2,HIGH_RISK,DETERIORATING_BUSINESS,AVOID
MND,NORMAL_ENTERPRISE,10,READY,FAIL,FAIL,PASS,PASS,WATCH,PASS,PASS,0,2,HIGH_RISK,WEAK_BUSINESS,AVOID
MPC,NORMAL_ENTERPRISE,10,READY,WATCH,FAIL,FAIL,WATCH,PASS,WATCH,PASS,0,2,HIGH_RISK,DETERIORATING_BUSINESS,AVOID
MPT,NORMAL_ENTERPRISE,10,READY,FAIL,FAIL,FAIL,PASS,WATCH,PASS,PASS,0,3,HIGH_RISK,DETERIORATING_BUSINESS,AVOID
MPY,NORMAL_ENTERPRISE,10,READY,WATCH,PASS,PASS,PASS,PASS,PASS,PASS,0,0,CLEAR,AVERAGE_BUSINESS,BUY
MQB,NORMAL_ENTERPRISE,10,READY,FAIL,PASS,WATCH,PASS,WATCH,PASS,PASS,0,1,HIGH_RISK,WEAK_BUSINESS,AVOID
MQN,NORMAL_ENTERPRISE,10,READY,PASS,PASS,WATCH,WATCH,PASS,WATCH,PASS,0,0,WATCH,POTENTIAL_COMPOUNDER,WAIT_FOR_MOS
MSB,BANK,15,READY,FAIL,FAIL,NOT_APPLICABLE,PASS,PASS,PASS,PASS,0,1,HIGH_RISK,WEAK_BUSINESS,AVOID
MSH,NORMAL_ENTERPRISE,15,READY,PASS,PASS,UNKNOWN,PASS,PASS,PASS,PASS,0,0,CLEAR,POTENTIAL_COMPOUNDER,BUY
MSN,NORMAL_ENTERPRISE,15,READY,FAIL,PASS,UNKNOWN,PASS,PASS,PASS,WATCH,0,1,HIGH_RISK,WEAK_BUSINESS,AVOID
MSR,NORMAL_ENTERPRISE,13,READY,FAIL,FAIL,UNKNOWN,WATCH,WATCH,PASS,PASS,0,2,HIGH_RISK,WEAK_BUSINESS,AVOID
MST,NORMAL_ENTERPRISE,12,READY,FAIL,PASS,UNKNOWN,PASS,PASS,PASS,PASS,0,1,HIGH_RISK,WEAK_BUSINESS,AVOID
MTA,NORMAL_ENTERPRISE,10,READY,FAIL,FAIL,PASS,PASS,PASS,PASS,PASS,0,2,HIGH_RISK,WEAK_BUSINESS,AVOID
MTB,NORMAL_ENTERPRISE,7,READY,FAIL,WATCH,FAIL,PASS,WATCH,PASS,PASS,0,2,HIGH_RISK,DETERIORATING_BUSINESS,AVOID
MTG,NORMAL_ENTERPRISE,9,READY,FAIL,FAIL,FAIL,PASS,WATCH,PASS,PASS,0,3,HIGH_RISK,DETERIORATING_BUSINESS,AVOID
MTH,NORMAL_ENTERPRISE,10,READY,FAIL,PASS,FAIL,PASS,WATCH,PASS,PASS,0,2,HIGH_RISK,DETERIORATING_BUSINESS,AVOID
MTL,NORMAL_ENTERPRISE,10,READY,FAIL,FAIL,FAIL,PASS,WATCH,PASS,PASS,0,3,HIGH_RISK,DETERIORATING_BUSINESS,AVOID
MTP,NORMAL_ENTERPRISE,10,READY,WATCH,PASS,FAIL,FAIL,PASS,WATCH,PASS,0,2,HIGH_RISK,DETERIORATING_BUSINESS,AVOID
MTS,NORMAL_ENTERPRISE,10,READY,FAIL,PASS,FAIL,FAIL,WATCH,PASS,PASS,0,3,HIGH_RISK,DETERIORATING_BUSINESS,AVOID
MTV,NORMAL_ENTERPRISE,9,READY,WATCH,PASS,WATCH,PASS,WATCH,PASS,PASS,0,0,WATCH,AVERAGE_BUSINESS,WAIT_FOR_MOS
MVB,NORMAL_ENTERPRISE,10,READY,WATCH,PASS,PASS,PASS,PASS,PASS,PASS,0,0,CLEAR,AVERAGE_BUSINESS,BUY
MVC,NORMAL_ENTERPRISE,10,READY,FAIL,WATCH,FAIL,PASS,PASS,PASS,PASS,0,2,HIGH_RISK,DETERIORATING_BUSINESS,AVOID
MVN,NORMAL_ENTERPRISE,12,READY,FAIL,WATCH,UNKNOWN,PASS,WATCH,PASS,PASS,0,1,HIGH_RISK,WEAK_BUSINESS,AVOID
MWG,NORMAL_ENTERPRISE,15,READY,PASS,PASS,UNKNOWN,WATCH,PASS,PASS,PASS,0,0,CLEAR,POTENTIAL_COMPOUNDER,BUY
MZG,NORMAL_ENTERPRISE,4,PARTIAL,FAIL,PASS,UNKNOWN,FAIL,PASS,PASS,PASS,0,2,HIGH_RISK,DETERIORATING_BUSINESS,AVOID
NAB,BANK,15,READY,WATCH,WATCH,NOT_APPLICABLE,WATCH,PASS,PASS,PASS,0,0,WATCH,AVERAGE_BUSINESS,WAIT_FOR_MOS
NAC,NORMAL_ENTERPRISE,10,READY,PASS,PASS,PASS,FAIL,WATCH,PASS,PASS,0,1,HIGH_RISK,DETERIORATING_BUSINESS,AVOID
NAF,NORMAL_ENTERPRISE,14,READY,WATCH,WATCH,UNKNOWN,FAIL,WATCH,PASS,PASS,0,1,HIGH_RISK,DETERIORATING_BUSINESS,AVOID
NAG,NORMAL_ENTERPRISE,15,READY,FAIL,FAIL,UNKNOWN,FAIL,WATCH,PASS,PASS,0,3,HIGH_RISK,DETERIORATING_BUSINESS,AVOID
NAP,NORMAL_ENTERPRISE,10,READY,FAIL,PASS,PASS,PASS,WATCH,PASS,PASS,0,1,HIGH_RISK,WEAK_BUSINESS,AVOID
NAS,NORMAL_ENTERPRISE,10,READY,PASS,FAIL,FAIL,FAIL,WATCH,PASS,PASS,0,3,HIGH_RISK,DETERIORATING_BUSINESS,AVOID
NAU,NORMAL_ENTERPRISE,9,READY,FAIL,WATCH,PASS,PASS,WATCH,PASS,PASS,0,1,HIGH_RISK,WEAK_BUSINESS,AVOID
NAV,NORMAL_ENTERPRISE,10,READY,PASS,WATCH,FAIL,PASS,WATCH,PASS,PASS,0,1,HIGH_RISK,DETERIORATING_BUSINESS,AVOID
NAW,NORMAL_ENTERPRISE,10,READY,FAIL,FAIL,PASS,WATCH,PASS,PASS,PASS,0,2,HIGH_RISK,WEAK_BUSINESS,AVOID
NBB,NORMAL_ENTERPRISE,15,READY,FAIL,PASS,UNKNOWN,FAIL,WATCH,PASS,PASS,0,3,HIGH_RISK,DETERIORATING_BUSINESS,AVOID
NBC,NORMAL_ENTERPRISE,15,READY,WATCH,PASS,UNKNOWN,FAIL,WATCH,PASS,PASS,0,1,HIGH_RISK,DETERIORATING_BUSINESS,AVOID
NBE,NORMAL_ENTERPRISE,9,READY,WATCH,PASS,FAIL,WATCH,WATCH,PASS,PASS,0,1,HIGH_RISK,DETERIORATING_BUSINESS,AVOID
NBP,NORMAL_ENTERPRISE,10,READY,FAIL,WATCH,FAIL,PASS,WATCH,PASS,PASS,0,2,HIGH_RISK,DETERIORATING_BUSINESS,AVOID
NBT,NORMAL_ENTERPRISE,10,READY,WATCH,PASS,PASS,PASS,PASS,PASS,PASS,0,0,CLEAR,AVERAGE_BUSINESS,BUY
NBW,NORMAL_ENTERPRISE,10,READY,WATCH,PASS,PASS,WATCH,PASS,PASS,PASS,0,0,CLEAR,AVERAGE_BUSINESS,BUY
NCG,NORMAL_ENTERPRISE,5,READY,FAIL,WATCH,FAIL,WATCH,WATCH,PASS,PASS,0,2,HIGH_RISK,DETERIORATING_BUSINESS,AVOID
NCS,NORMAL_ENTERPRISE,10,READY,PASS,FAIL,PASS,WATCH,WATCH,PASS,PASS,0,1,HIGH_RISK,AVERAGE_BUSINESS,AVOID
NCT,NORMAL_ENTERPRISE,15,READY,PASS,PASS,UNKNOWN,PASS,PASS,PASS,PASS,0,0,CLEAR,AVERAGE_BUSINESS,BUY
ND2,NORMAL_ENTERPRISE,10,READY,FAIL,PASS,PASS,PASS,PASS,PASS,PASS,0,1,HIGH_RISK,WEAK_BUSINESS,AVOID
NDC,NORMAL_ENTERPRISE,10,READY,PASS,PASS,PASS,PASS,PASS,PASS,PASS,0,0,CLEAR,COMPOUNDER,BUY
NDF,NORMAL_ENTERPRISE,2,INSUFFICIENT,WATCH,FAIL,FAIL,PASS,WATCH,PASS,PASS,0,2,HIGH_RISK,INSUFFICIENT_DATA,AVOID
NDN,NORMAL_ENTERPRISE,15,READY,WATCH,WATCH,UNKNOWN,PASS,PASS,PASS,PASS,0,0,CLEAR,AVERAGE_BUSINESS,BUY
NDP,NORMAL_ENTERPRISE,10,READY,FAIL,PASS,WATCH,PASS,WATCH,WATCH,PASS,0,1,HIGH_RISK,WEAK_BUSINESS,AVOID
NDT,NORMAL_ENTERPRISE,10,READY,FAIL,FAIL,FAIL,FAIL,WATCH,PASS,PASS,0,4,HIGH_RISK,DETERIORATING_BUSINESS,AVOID
NDW,NORMAL_ENTERPRISE,9,READY,FAIL,PASS,PASS,PASS,PASS,PASS,PASS,0,1,HIGH_RISK,WEAK_BUSINESS,AVOID
NDX,NORMAL_ENTERPRISE,10,READY,FAIL,WATCH,FAIL,PASS,WATCH,WATCH,PASS,0,2,HIGH_RISK,DETERIORATING_BUSINESS,AVOID
NED,NORMAL_ENTERPRISE,10,READY,FAIL,PASS,PASS,PASS,WATCH,PASS,PASS,0,1,HIGH_RISK,WEAK_BUSINESS,AVOID
NET,NORMAL_ENTERPRISE,10,READY,PASS,PASS,PASS,WATCH,PASS,PASS,PASS,0,0,CLEAR,AVERAGE_BUSINESS,BUY
NFC,NORMAL_ENTERPRISE,10,READY,WATCH,PASS,WATCH,PASS,PASS,PASS,PASS,0,0,WATCH,AVERAGE_BUSINESS,WAIT_FOR_MOS
NGC,NORMAL_ENTERPRISE,7,READY,FAIL,FAIL,FAIL,PASS,WATCH,PASS,PASS,0,3,HIGH_RISK,DETERIORATING_BUSINESS,AVOID
NHA,NORMAL_ENTERPRISE,15,READY,WATCH,PASS,UNKNOWN,PASS,PASS,PASS,PASS,0,0,WATCH,AVERAGE_BUSINESS,WAIT_FOR_MOS
NHC,NORMAL_ENTERPRISE,10,READY,PASS,WATCH,PASS,PASS,WATCH,PASS,PASS,0,0,CLEAR,AVERAGE_BUSINESS,BUY
NHH,NORMAL_ENTERPRISE,11,READY,WATCH,PASS,UNKNOWN,PASS,WATCH,PASS,PASS,0,0,CLEAR,AVERAGE_BUSINESS,BUY
NHT,NORMAL_ENTERPRISE,10,READY,PASS,WATCH,PASS,PASS,PASS,WATCH,PASS,0,0,WATCH,POTENTIAL_COMPOUNDER,WAIT_FOR_MOS
NHV,NORMAL_ENTERPRISE,10,READY,FAIL,FAIL,PASS,PASS,WATCH,PASS,PASS,0,2,HIGH_RISK,WEAK_BUSINESS,AVOID
NJC,NORMAL_ENTERPRISE,8,READY,PASS,PASS,FAIL,FAIL,PASS,WATCH,PASS,0,2,HIGH_RISK,DETERIORATING_BUSINESS,AVOID
NKG,NORMAL_ENTERPRISE,15,READY,FAIL,FAIL,UNKNOWN,WATCH,PASS,PASS,PASS,0,2,HIGH_RISK,WEAK_BUSINESS,AVOID
NLG,NORMAL_ENTERPRISE,15,READY,FAIL,PASS,UNKNOWN,PASS,PASS,PASS,WATCH,0,1,HIGH_RISK,WEAK_BUSINESS,AVOID
NLS,NORMAL_ENTERPRISE,10,READY,WATCH,PASS,WATCH,WATCH,PASS,PASS,PASS,0,0,WATCH,AVERAGE_BUSINESS,WAIT_FOR_MOS
NNC,NORMAL_ENTERPRISE,15,READY,PASS,PASS,UNKNOWN,PASS,WATCH,PASS,PASS,0,0,CLEAR,AVERAGE_BUSINESS,BUY
NNT,NORMAL_ENTERPRISE,10,READY,PASS,PASS,PASS,WATCH,PASS,PASS,PASS,0,0,CLEAR,COMPOUNDER,BUY
NO1,NORMAL_ENTERPRISE,5,READY,FAIL,FAIL,FAIL,FAIL,WATCH,PASS,PASS,0,4,HIGH_RISK,DETERIORATING_BUSINESS,AVOID
NOS,NORMAL_ENTERPRISE,10,READY,PASS,FAIL,UNKNOWN,PASS,WATCH,PASS,PASS,0,1,HIGH_RISK,WEAK_BUSINESS,AVOID
NQB,NORMAL_ENTERPRISE,10,READY,FAIL,PASS,PASS,PASS,PASS,PASS,PASS,0,1,HIGH_RISK,WEAK_BUSINESS,AVOID
NQN,NORMAL_ENTERPRISE,10,READY,FAIL,PASS,PASS,WATCH,PASS,PASS,PASS,0,1,HIGH_RISK,WEAK_BUSINESS,AVOID
NRC,NORMAL_ENTERPRISE,10,READY,WATCH,FAIL,UNKNOWN,PASS,PASS,PASS,PASS,0,1,HIGH_RISK,AVERAGE_BUSINESS,AVOID
NSC,NORMAL_ENTERPRISE,10,READY,PASS,PASS,PASS,PASS,WATCH,PASS,PASS,0,0,CLEAR,AVERAGE_BUSINESS,BUY
NSG,NORMAL_ENTERPRISE,10,READY,FAIL,FAIL,PASS,PASS,WATCH,PASS,PASS,0,2,HIGH_RISK,WEAK_BUSINESS,AVOID
NSH,NORMAL_ENTERPRISE,11,READY,FAIL,PASS,UNKNOWN,FAIL,WATCH,PASS,PASS,0,2,HIGH_RISK,DETERIORATING_BUSINESS,AVOID
NSL,NORMAL_ENTERPRISE,9,READY,PASS,PASS,PASS,PASS,WATCH,WATCH,PASS,0,0,WATCH,AVERAGE_BUSINESS,WAIT_FOR_MOS
NSS,NORMAL_ENTERPRISE,9,READY,FAIL,WATCH,PASS,PASS,WATCH,PASS,PASS,0,1,HIGH_RISK,WEAK_BUSINESS,AVOID
NST,NORMAL_ENTERPRISE,10,READY,FAIL,PASS,FAIL,WATCH,PASS,PASS,PASS,0,2,HIGH_RISK,DETERIORATING_BUSINESS,AVOID
NT2,NORMAL_ENTERPRISE,15,READY,PASS,PASS,UNKNOWN,PASS,PASS,PASS,PASS,0,0,CLEAR,POTENTIAL_COMPOUNDER,BUY
NTC,NORMAL_ENTERPRISE,10,READY,PASS,PASS,PASS,FAIL,PASS,PASS,PASS,0,1,HIGH_RISK,DETERIORATING_BUSINESS,AVOID
NTH,NORMAL_ENTERPRISE,9,READY,PASS,PASS,PASS,PASS,WATCH,PASS,PASS,0,0,CLEAR,AVERAGE_BUSINESS,BUY
NTL,NORMAL_ENTERPRISE,15,READY,WATCH,PASS,UNKNOWN,PASS,WATCH,PASS,PASS,0,1,HIGH_RISK,DETERIORATING_BUSINESS,AVOID
NTP,NORMAL_ENTERPRISE,15,READY,PASS,PASS,UNKNOWN,PASS,PASS,PASS,PASS,0,0,CLEAR,AVERAGE_BUSINESS,BUY
NTT,NORMAL_ENTERPRISE,10,READY,FAIL,FAIL,FAIL,FAIL,PASS,PASS,PASS,0,4,HIGH_RISK,DETERIORATING_BUSINESS,AVOID
NTW,NORMAL_ENTERPRISE,10,READY,FAIL,PASS,PASS,PASS,WATCH,PASS,PASS,0,1,HIGH_RISK,WEAK_BUSINESS,AVOID
NUE,NORMAL_ENTERPRISE,10,READY,FAIL,PASS,PASS,WATCH,WATCH,PASS,PASS,0,1,HIGH_RISK,WEAK_BUSINESS,AVOID
NVB,NORMAL_ENTERPRISE,15,READY,FAIL,FAIL,UNKNOWN,PASS,WATCH,PASS,PASS,0,2,HIGH_RISK,WEAK_BUSINESS,AVOID
NVL,NORMAL_ENTERPRISE,13,READY,FAIL,WATCH,UNKNOWN,WATCH,PASS,PASS,WATCH,0,2,HIGH_RISK,DETERIORATING_BUSINESS,AVOID
NVP,NORMAL_ENTERPRISE,10,READY,FAIL,PASS,WATCH,PASS,PASS,PASS,PASS,0,1,HIGH_RISK,WEAK_BUSINESS,AVOID
NVT,NORMAL_ENTERPRISE,10,READY,FAIL,FAIL,PASS,WATCH,PASS,PASS,PASS,0,2,HIGH_RISK,WEAK_BUSINESS,AVOID
NWT,NORMAL_ENTERPRISE,10,READY,FAIL,WATCH,WATCH,WATCH,PASS,PASS,PASS,0,1,HIGH_RISK,WEAK_BUSINESS,AVOID
NXT,NORMAL_ENTERPRISE,7,READY,FAIL,PASS,PASS,PASS,WATCH,WATCH,PASS,0,1,HIGH_RISK,WEAK_BUSINESS,AVOID
OCB,BANK,16,READY,WATCH,WATCH,NOT_APPLICABLE,PASS,PASS,PASS,PASS,0,0,CLEAR,AVERAGE_BUSINESS,BUY
OCH,NORMAL_ENTERPRISE,15,READY,FAIL,FAIL,UNKNOWN,PASS,WATCH,PASS,WATCH,0,2,HIGH_RISK,WEAK_BUSINESS,AVOID
ODE,NORMAL_ENTERPRISE,7,READY,FAIL,PASS,UNKNOWN,PASS,PASS,PASS,PASS,0,1,HIGH_RISK,WEAK_BUSINESS,AVOID
OGC,NORMAL_ENTERPRISE,15,READY,FAIL,FAIL,UNKNOWN,PASS,WATCH,PASS,WATCH,0,2,HIGH_RISK,WEAK_BUSINESS,AVOID
OIL,NORMAL_ENTERPRISE,12,READY,FAIL,FAIL,UNKNOWN,WATCH,WATCH,PASS,PASS,0,2,HIGH_RISK,WEAK_BUSINESS,AVOID
ONE,NORMAL_ENTERPRISE,10,READY,FAIL,PASS,PASS,FAIL,WATCH,PASS,PASS,0,2,HIGH_RISK,DETERIORATING_BUSINESS,AVOID
ONW,NORMAL_ENTERPRISE,9,READY,FAIL,FAIL,FAIL,FAIL,WATCH,PASS,PASS,0,4,HIGH_RISK,DETERIORATING_BUSINESS,AVOID
OPC,NORMAL_ENTERPRISE,10,READY,WATCH,PASS,PASS,PASS,WATCH,WATCH,PASS,0,0,WATCH,AVERAGE_BUSINESS,WAIT_FOR_MOS
ORS,SECURITIES,15,READY,FAIL,FAIL,NOT_APPLICABLE,PASS,WATCH,WATCH,PASS,0,1,HIGH_RISK,WEAK_BUSINESS,AVOID
PAC,NORMAL_ENTERPRISE,15,READY,PASS,PASS,UNKNOWN,WATCH,WATCH,PASS,PASS,0,0,CLEAR,AVERAGE_BUSINESS,BUY
PAI,NORMAL_ENTERPRISE,9,READY,FAIL,PASS,FAIL,PASS,WATCH,PASS,PASS,0,2,HIGH_RISK,DETERIORATING_BUSINESS,AVOID
PAN,NORMAL_ENTERPRISE,15,READY,FAIL,WATCH,UNKNOWN,PASS,PASS,PASS,WATCH,0,1,HIGH_RISK,WEAK_BUSINESS,AVOID
PAP,NORMAL_ENTERPRISE,10,READY,FAIL,FAIL,FAIL,FAIL,WATCH,PASS,PASS,0,4,HIGH_RISK,DETERIORATING_BUSINESS,AVOID
PAS,NORMAL_ENTERPRISE,10,READY,FAIL,WATCH,FAIL,WATCH,WATCH,PASS,PASS,0,2,HIGH_RISK,DETERIORATING_BUSINESS,AVOID
PAT,NORMAL_ENTERPRISE,8,READY,PASS,PASS,UNKNOWN,PASS,PASS,PASS,PASS,0,0,CLEAR,POTENTIAL_COMPOUNDER,BUY
PBC,NORMAL_ENTERPRISE,10,READY,FAIL,WATCH,FAIL,WATCH,WATCH,PASS,PASS,0,2,HIGH_RISK,DETERIORATING_BUSINESS,AVOID
PBP,NORMAL_ENTERPRISE,10,READY,WATCH,PASS,PASS,WATCH,WATCH,PASS,PASS,0,0,CLEAR,AVERAGE_BUSINESS,BUY
PBT,NORMAL_ENTERPRISE,9,READY,FAIL,PASS,PASS,WATCH,PASS,PASS,PASS,0,1,HIGH_RISK,WEAK_BUSINESS,AVOID
PC1,NORMAL_ENTERPRISE,15,READY,WATCH,PASS,UNKNOWN,WATCH,PASS,PASS,WATCH,0,0,WATCH,AVERAGE_BUSINESS,WAIT_FOR_MOS
PCC,NORMAL_ENTERPRISE,8,READY,WATCH,PASS,FAIL,FAIL,WATCH,PASS,PASS,0,2,HIGH_RISK,DETERIORATING_BUSINESS,AVOID
PCE,NORMAL_ENTERPRISE,10,READY,WATCH,PASS,FAIL,WATCH,WATCH,PASS,PASS,0,1,HIGH_RISK,DETERIORATING_BUSINESS,AVOID
PCF,NORMAL_ENTERPRISE,10,READY,FAIL,FAIL,UNKNOWN,PASS,WATCH,PASS,PASS,0,2,HIGH_RISK,WEAK_BUSINESS,AVOID
PCG,NORMAL_ENTERPRISE,10,READY,FAIL,FAIL,FAIL,PASS,WATCH,PASS,PASS,0,3,HIGH_RISK,DETERIORATING_BUSINESS,AVOID
PCH,NORMAL_ENTERPRISE,6,READY,FAIL,PASS,UNKNOWN,PASS,PASS,PASS,PASS,0,1,HIGH_RISK,WEAK_BUSINESS,AVOID
PCM,NORMAL_ENTERPRISE,10,READY,FAIL,FAIL,WATCH,PASS,PASS,PASS,PASS,0,2,HIGH_RISK,WEAK_BUSINESS,AVOID
PCT,NORMAL_ENTERPRISE,10,READY,FAIL,PASS,FAIL,FAIL,PASS,WATCH,PASS,0,3,HIGH_RISK,DETERIORATING_BUSINESS,AVOID
PDB,NORMAL_ENTERPRISE,10,READY,WATCH,WATCH,PASS,PASS,PASS,PASS,PASS,0,0,CLEAR,AVERAGE_BUSINESS,BUY
PDC,NORMAL_ENTERPRISE,10,READY,FAIL,FAIL,FAIL,PASS,WATCH,PASS,PASS,0,3,HIGH_RISK,DETERIORATING_BUSINESS,AVOID
PDN,NORMAL_ENTERPRISE,10,READY,PASS,PASS,PASS,PASS,PASS,WATCH,PASS,0,0,WATCH,POTENTIAL_COMPOUNDER,WAIT_FOR_MOS
PDR,NORMAL_ENTERPRISE,15,READY,FAIL,PASS,UNKNOWN,PASS,PASS,PASS,PASS,0,1,HIGH_RISK,WEAK_BUSINESS,AVOID
PDV,NORMAL_ENTERPRISE,10,READY,FAIL,PASS,PASS,WATCH,PASS,WATCH,PASS,0,1,HIGH_RISK,WEAK_BUSINESS,AVOID
PEG,NORMAL_ENTERPRISE,10,READY,FAIL,FAIL,FAIL,WATCH,WATCH,PASS,PASS,0,3,HIGH_RISK,DETERIORATING_BUSINESS,AVOID
PEN,NORMAL_ENTERPRISE,10,READY,FAIL,FAIL,FAIL,FAIL,WATCH,PASS,PASS,0,4,HIGH_RISK,DETERIORATING_BUSINESS,AVOID
PEQ,NORMAL_ENTERPRISE,10,READY,PASS,PASS,PASS,FAIL,PASS,WATCH,PASS,0,1,HIGH_RISK,DETERIORATING_BUSINESS,AVOID
PET,NORMAL_ENTERPRISE,15,READY,FAIL,PASS,UNKNOWN,FAIL,WATCH,PASS,WATCH,0,2,HIGH_RISK,DETERIORATING_BUSINESS,AVOID
PFL,NORMAL_ENTERPRISE,10,READY,FAIL,FAIL,FAIL,PASS,PASS,PASS,PASS,0,3,HIGH_RISK,DETERIORATING_BUSINESS,AVOID
PGB,BANK,10,READY,FAIL,FAIL,NOT_APPLICABLE,PASS,PASS,PASS,PASS,0,1,HIGH_RISK,WEAK_BUSINESS,AVOID
PGC,NORMAL_ENTERPRISE,15,READY,WATCH,PASS,UNKNOWN,WATCH,PASS,PASS,PASS,0,0,CLEAR,AVERAGE_BUSINESS,BUY
PGD,NORMAL_ENTERPRISE,10,READY,PASS,PASS,FAIL,WATCH,WATCH,PASS,PASS,0,1,HIGH_RISK,DETERIORATING_BUSINESS,AVOID
PGI,NORMAL_ENTERPRISE,10,READY,WATCH,PASS,WATCH,FAIL,PASS,WATCH,PASS,0,1,HIGH_RISK,DETERIORATING_BUSINESS,AVOID
PGN,NORMAL_ENTERPRISE,10,READY,FAIL,PASS,FAIL,PASS,PASS,WATCH,PASS,0,2,HIGH_RISK,DETERIORATING_BUSINESS,AVOID
PGS,NORMAL_ENTERPRISE,10,READY,WATCH,PASS,FAIL,FAIL,WATCH,PASS,PASS,0,2,HIGH_RISK,DETERIORATING_BUSINESS,AVOID
PGT,NORMAL_ENTERPRISE,10,READY,FAIL,FAIL,FAIL,PASS,WATCH,PASS,PASS,0,3,HIGH_RISK,DETERIORATING_BUSINESS,AVOID
PGV,NORMAL_ENTERPRISE,10,READY,FAIL,FAIL,WATCH,FAIL,PASS,PASS,PASS,0,3,HIGH_RISK,DETERIORATING_BUSINESS,AVOID
PHC,NORMAL_ENTERPRISE,10,READY,FAIL,PASS,FAIL,FAIL,WATCH,WATCH,PASS,0,3,HIGH_RISK,DETERIORATING_BUSINESS,AVOID
PHH,NORMAL_ENTERPRISE,10,READY,FAIL,FAIL,FAIL,WATCH,PASS,PASS,PASS,0,3,HIGH_RISK,DETERIORATING_BUSINESS,AVOID
PHN,NORMAL_ENTERPRISE,10,READY,PASS,PASS,PASS,PASS,PASS,PASS,PASS,0,0,CLEAR,AVERAGE_BUSINESS,BUY
PHP,NORMAL_ENTERPRISE,15,READY,WATCH,PASS,UNKNOWN,PASS,PASS,PASS,WATCH,0,0,WATCH,AVERAGE_BUSINESS,WAIT_FOR_MOS
PHR,NORMAL_ENTERPRISE,15,READY,PASS,PASS,UNKNOWN,PASS,WATCH,PASS,PASS,0,0,CLEAR,AVERAGE_BUSINESS,BUY
PHS,NORMAL_ENTERPRISE,10,READY,FAIL,FAIL,FAIL,FAIL,WATCH,PASS,PASS,0,4,HIGH_RISK,DETERIORATING_BUSINESS,AVOID
PIA,NORMAL_ENTERPRISE,10,READY,PASS,PASS,WATCH,PASS,WATCH,PASS,PASS,0,0,WATCH,AVERAGE_BUSINESS,WAIT_FOR_MOS
PIC,NORMAL_ENTERPRISE,10,READY,FAIL,PASS,PASS,PASS,PASS,PASS,PASS,0,1,HIGH_RISK,WEAK_BUSINESS,AVOID
PID,NORMAL_ENTERPRISE,5,READY,PASS,FAIL,UNKNOWN,PASS,WATCH,PASS,PASS,0,1,HIGH_RISK,WEAK_BUSINESS,AVOID
PIS,NORMAL_ENTERPRISE,10,READY,WATCH,PASS,FAIL,PASS,WATCH,PASS,PASS,0,1,HIGH_RISK,DETERIORATING_BUSINESS,AVOID
PIT,NORMAL_ENTERPRISE,10,READY,FAIL,FAIL,FAIL,FAIL,WATCH,PASS,PASS,0,4,HIGH_RISK,DETERIORATING_BUSINESS,AVOID
PIV,NORMAL_ENTERPRISE,15,READY,FAIL,FAIL,UNKNOWN,FAIL,WATCH,PASS,WATCH,0,3,HIGH_RISK,DETERIORATING_BUSINESS,AVOID
PJC,NORMAL_ENTERPRISE,10,READY,PASS,PASS,PASS,PASS,PASS,PASS,PASS,0,0,CLEAR,AVERAGE_BUSINESS,BUY
PJS,NORMAL_ENTERPRISE,9,READY,FAIL,PASS,WATCH,PASS,PASS,PASS,PASS,0,1,HIGH_RISK,WEAK_BUSINESS,AVOID
PJT,NORMAL_ENTERPRISE,10,READY,WATCH,PASS,PASS,PASS,WATCH,WATCH,PASS,0,0,WATCH,AVERAGE_BUSINESS,WAIT_FOR_MOS
PLA,NORMAL_ENTERPRISE,10,READY,FAIL,FAIL,FAIL,PASS,WATCH,PASS,PASS,0,3,HIGH_RISK,DETERIORATING_BUSINESS,AVOID
PLC,NORMAL_ENTERPRISE,15,READY,WATCH,PASS,UNKNOWN,FAIL,WATCH,PASS,PASS,0,1,HIGH_RISK,DETERIORATING_BUSINESS,AVOID
PLE,NORMAL_ENTERPRISE,7,READY,FAIL,FAIL,FAIL,FAIL,WATCH,PASS,PASS,0,4,HIGH_RISK,DETERIORATING_BUSINESS,AVOID
PLO,NORMAL_ENTERPRISE,8,READY,PASS,PASS,UNKNOWN,WATCH,WATCH,PASS,PASS,0,0,CLEAR,WEAK_BUSINESS,BUY
PLP,NORMAL_ENTERPRISE,10,READY,FAIL,PASS,FAIL,FAIL,PASS,WATCH,PASS,0,3,HIGH_RISK,DETERIORATING_BUSINESS,AVOID
PLX,NORMAL_ENTERPRISE,15,READY,FAIL,FAIL,UNKNOWN,PASS,WATCH,PASS,WATCH,0,2,HIGH_RISK,WEAK_BUSINESS,AVOID
PMB,NORMAL_ENTERPRISE,10,READY,FAIL,PASS,FAIL,PASS,WATCH,PASS,PASS,0,2,HIGH_RISK,DETERIORATING_BUSINESS,AVOID
PMC,NORMAL_ENTERPRISE,10,READY,PASS,PASS,WATCH,PASS,WATCH,PASS,PASS,0,0,WATCH,AVERAGE_BUSINESS,WAIT_FOR_MOS
PMG,NORMAL_ENTERPRISE,10,READY,FAIL,FAIL,FAIL,WATCH,WATCH,PASS,PASS,0,3,HIGH_RISK,DETERIORATING_BUSINESS,AVOID
PMJ,NORMAL_ENTERPRISE,10,READY,FAIL,FAIL,FAIL,WATCH,WATCH,PASS,PASS,0,3,HIGH_RISK,DETERIORATING_BUSINESS,AVOID
PMP,NORMAL_ENTERPRISE,10,READY,WATCH,PASS,FAIL,FAIL,WATCH,PASS,PASS,0,2,HIGH_RISK,DETERIORATING_BUSINESS,AVOID
PMS,NORMAL_ENTERPRISE,10,READY,PASS,PASS,WATCH,WATCH,WATCH,PASS,PASS,0,0,WATCH,AVERAGE_BUSINESS,WAIT_FOR_MOS
PMT,NORMAL_ENTERPRISE,10,READY,FAIL,FAIL,FAIL,PASS,WATCH,PASS,PASS,0,3,HIGH_RISK,DETERIORATING_BUSINESS,AVOID
PMW,NORMAL_ENTERPRISE,10,READY,PASS,PASS,PASS,PASS,PASS,WATCH,PASS,0,0,WATCH,AVERAGE_BUSINESS,WAIT_FOR_MOS
PNC,NORMAL_ENTERPRISE,10,READY,FAIL,FAIL,WATCH,FAIL,WATCH,PASS,PASS,0,3,HIGH_RISK,DETERIORATING_BUSINESS,AVOID
PND,NORMAL_ENTERPRISE,10,READY,FAIL,FAIL,FAIL,FAIL,WATCH,PASS,PASS,0,4,HIGH_RISK,DETERIORATING_BUSINESS,AVOID
PNG,NORMAL_ENTERPRISE,10,READY,PASS,FAIL,PASS,PASS,PASS,PASS,PASS,0,1,HIGH_RISK,AVERAGE_BUSINESS,AVOID
PNJ,NORMAL_ENTERPRISE,15,READY,PASS,PASS,UNKNOWN,PASS,PASS,PASS,WATCH,0,1,HIGH_RISK,DETERIORATING_BUSINESS,AVOID
PNP,NORMAL_ENTERPRISE,10,READY,PASS,PASS,PASS,PASS,PASS,PASS,PASS,0,0,CLEAR,COMPOUNDER,BUY
PNT,NORMAL_ENTERPRISE,10,READY,FAIL,FAIL,FAIL,PASS,WATCH,PASS,PASS,0,3,HIGH_RISK,DETERIORATING_BUSINESS,AVOID
POB,NORMAL_ENTERPRISE,10,READY,FAIL,FAIL,PASS,PASS,WATCH,PASS,PASS,0,2,HIGH_RISK,WEAK_BUSINESS,AVOID
POM,NORMAL_ENTERPRISE,10,READY,FAIL,FAIL,FAIL,PASS,WATCH,PASS,PASS,0,3,HIGH_RISK,DETERIORATING_BUSINESS,AVOID
POS,NORMAL_ENTERPRISE,10,READY,FAIL,PASS,FAIL,WATCH,PASS,PASS,PASS,0,2,HIGH_RISK,DETERIORATING_BUSINESS,AVOID
POT,NORMAL_ENTERPRISE,10,READY,FAIL,PASS,FAIL,FAIL,WATCH,PASS,PASS,0,3,HIGH_RISK,DETERIORATING_BUSINESS,AVOID
POV,NORMAL_ENTERPRISE,10,READY,FAIL,WATCH,PASS,WATCH,WATCH,PASS,PASS,0,1,HIGH_RISK,WEAK_BUSINESS,AVOID
POW,NORMAL_ENTERPRISE,12,READY,FAIL,PASS,UNKNOWN,PASS,WATCH,PASS,PASS,0,1,HIGH_RISK,WEAK_BUSINESS,AVOID
PPC,NORMAL_ENTERPRISE,15,READY,WATCH,PASS,UNKNOWN,PASS,PASS,PASS,PASS,0,0,CLEAR,AVERAGE_BUSINESS,BUY
PPE,NORMAL_ENTERPRISE,10,READY,FAIL,FAIL,FAIL,PASS,WATCH,PASS,PASS,0,3,HIGH_RISK,DETERIORATING_BUSINESS,AVOID
PPH,NORMAL_ENTERPRISE,10,READY,PASS,PASS,FAIL,PASS,PASS,PASS,PASS,0,1,HIGH_RISK,DETERIORATING_BUSINESS,AVOID
PPI,NORMAL_ENTERPRISE,8,READY,FAIL,FAIL,UNKNOWN,PASS,WATCH,PASS,PASS,0,2,HIGH_RISK,WEAK_BUSINESS,AVOID
PPP,NORMAL_ENTERPRISE,10,READY,WATCH,PASS,PASS,PASS,PASS,PASS,PASS,0,0,CLEAR,AVERAGE_BUSINESS,BUY
PPS,NORMAL_ENTERPRISE,10,READY,FAIL,PASS,WATCH,PASS,WATCH,PASS,PASS,0,1,HIGH_RISK,WEAK_BUSINESS,AVOID
PPT,NORMAL_ENTERPRISE,7,READY,FAIL,PASS,UNKNOWN,WATCH,PASS,PASS,PASS,0,1,HIGH_RISK,WEAK_BUSINESS,AVOID
PPY,NORMAL_ENTERPRISE,10,READY,WATCH,PASS,PASS,WATCH,WATCH,PASS,PASS,0,0,CLEAR,AVERAGE_BUSINESS,BUY
PQN,NORMAL_ENTERPRISE,9,READY,PASS,PASS,FAIL,FAIL,WATCH,PASS,PASS,0,2,HIGH_RISK,DETERIORATING_BUSINESS,AVOID
PRC,NORMAL_ENTERPRISE,10,READY,FAIL,FAIL,FAIL,WATCH,WATCH,WATCH,PASS,0,3,HIGH_RISK,DETERIORATING_BUSINESS,AVOID
PRE,NORMAL_ENTERPRISE,9,READY,PASS,PASS,PASS,FAIL,PASS,WATCH,PASS,0,1,HIGH_RISK,DETERIORATING_BUSINESS,AVOID
PRO,NORMAL_ENTERPRISE,10,READY,FAIL,FAIL,PASS,PASS,WATCH,PASS,PASS,0,2,HIGH_RISK,WEAK_BUSINESS,AVOID
PRT,NORMAL_ENTERPRISE,10,READY,FAIL,PASS,FAIL,PASS,WATCH,WATCH,PASS,0,2,HIGH_RISK,DETERIORATING_BUSINESS,AVOID
PSB,NORMAL_ENTERPRISE,10,READY,FAIL,FAIL,FAIL,PASS,PASS,PASS,PASS,0,3,HIGH_RISK,DETERIORATING_BUSINESS,AVOID
PSC,NORMAL_ENTERPRISE,10,READY,FAIL,PASS,PASS,WATCH,WATCH,PASS,PASS,0,1,HIGH_RISK,WEAK_BUSINESS,AVOID
PSD,NORMAL_ENTERPRISE,15,READY,PASS,PASS,UNKNOWN,FAIL,WATCH,PASS,PASS,0,1,HIGH_RISK,DETERIORATING_BUSINESS,AVOID
PSE,NORMAL_ENTERPRISE,10,READY,WATCH,PASS,FAIL,PASS,WATCH,PASS,PASS,0,1,HIGH_RISK,DETERIORATING_BUSINESS,AVOID
PSH,NORMAL_ENTERPRISE,10,READY,FAIL,FAIL,FAIL,FAIL,WATCH,PASS,PASS,0,4,HIGH_RISK,DETERIORATING_BUSINESS,AVOID
PSI,NORMAL_ENTERPRISE,15,READY,FAIL,WATCH,UNKNOWN,FAIL,WATCH,PASS,PASS,0,2,HIGH_RISK,DETERIORATING_BUSINESS,AVOID
PSL,NORMAL_ENTERPRISE,10,READY,FAIL,FAIL,FAIL,PASS,WATCH,WATCH,PASS,0,3,HIGH_RISK,DETERIORATING_BUSINESS,AVOID
PSN,NORMAL_ENTERPRISE,10,READY,FAIL,PASS,PASS,FAIL,WATCH,PASS,PASS,0,2,HIGH_RISK,DETERIORATING_BUSINESS,AVOID
PSP,NORMAL_ENTERPRISE,10,READY,FAIL,WATCH,PASS,PASS,PASS,PASS,PASS,0,1,HIGH_RISK,WEAK_BUSINESS,AVOID
PSW,NORMAL_ENTERPRISE,10,READY,FAIL,PASS,FAIL,PASS,WATCH,PASS,PASS,0,2,HIGH_RISK,DETERIORATING_BUSINESS,AVOID
PTB,NORMAL_ENTERPRISE,15,READY,PASS,PASS,UNKNOWN,PASS,PASS,PASS,PASS,0,0,CLEAR,POTENTIAL_COMPOUNDER,BUY
PTC,NORMAL_ENTERPRISE,10,READY,FAIL,FAIL,FAIL,PASS,PASS,WATCH,PASS,0,3,HIGH_RISK,DETERIORATING_BUSINESS,AVOID
PTD,NORMAL_ENTERPRISE,10,READY,FAIL,FAIL,FAIL,FAIL,WATCH,WATCH,PASS,0,4,HIGH_RISK,DETERIORATING_BUSINESS,AVOID
PTE,NORMAL_ENTERPRISE,10,READY,FAIL,FAIL,UNKNOWN,PASS,WATCH,PASS,PASS,0,2,HIGH_RISK,WEAK_BUSINESS,AVOID
PTG,NORMAL_ENTERPRISE,10,READY,PASS,PASS,PASS,WATCH,PASS,PASS,PASS,0,0,CLEAR,COMPOUNDER,BUY
PTH,NORMAL_ENTERPRISE,9,READY,FAIL,PASS,PASS,WATCH,WATCH,WATCH,PASS,0,1,HIGH_RISK,WEAK_BUSINESS,AVOID
PTI,NORMAL_ENTERPRISE,10,READY,WATCH,WATCH,FAIL,FAIL,PASS,PASS,PASS,0,2,HIGH_RISK,DETERIORATING_BUSINESS,AVOID
PTL,NORMAL_ENTERPRISE,10,READY,FAIL,FAIL,FAIL,FAIL,WATCH,PASS,PASS,0,4,HIGH_RISK,DETERIORATING_BUSINESS,AVOID
PTM,NORMAL_ENTERPRISE,5,READY,WATCH,WATCH,PASS,PASS,WATCH,PASS,PASS,0,0,CLEAR,AVERAGE_BUSINESS,BUY
PTO,NORMAL_ENTERPRISE,10,READY,FAIL,WATCH,FAIL,WATCH,WATCH,PASS,PASS,0,2,HIGH_RISK,DETERIORATING_BUSINESS,AVOID
PTP,NORMAL_ENTERPRISE,9,READY,FAIL,PASS,WATCH,WATCH,WATCH,PASS,PASS,0,1,HIGH_RISK,WEAK_BUSINESS,AVOID
PTS,NORMAL_ENTERPRISE,10,READY,FAIL,WATCH,PASS,WATCH,PASS,PASS,PASS,0,1,HIGH_RISK,WEAK_BUSINESS,AVOID
PTT,NORMAL_ENTERPRISE,10,READY,FAIL,PASS,PASS,WATCH,PASS,WATCH,PASS,0,1,HIGH_RISK,WEAK_BUSINESS,AVOID
PTV,NORMAL_ENTERPRISE,10,READY,FAIL,FAIL,FAIL,FAIL,WATCH,PASS,PASS,0,4,HIGH_RISK,DETERIORATING_BUSINESS,AVOID
PTX,NORMAL_ENTERPRISE,10,READY,WATCH,PASS,PASS,FAIL,PASS,WATCH,PASS,0,1,HIGH_RISK,DETERIORATING_BUSINESS,AVOID
PV2,NORMAL_ENTERPRISE,10,READY,FAIL,FAIL,FAIL,PASS,WATCH,PASS,PASS,0,3,HIGH_RISK,DETERIORATING_BUSINESS,AVOID
PVC,NORMAL_ENTERPRISE,15,READY,FAIL,FAIL,UNKNOWN,PASS,WATCH,PASS,WATCH,0,2,HIGH_RISK,WEAK_BUSINESS,AVOID
PVD,NORMAL_ENTERPRISE,15,READY,FAIL,WATCH,UNKNOWN,PASS,WATCH,PASS,PASS,0,1,HIGH_RISK,WEAK_BUSINESS,AVOID
PVE,NORMAL_ENTERPRISE,10,READY,FAIL,FAIL,FAIL,PASS,WATCH,PASS,PASS,0,3,HIGH_RISK,DETERIORATING_BUSINESS,AVOID
PVG,NORMAL_ENTERPRISE,15,READY,FAIL,WATCH,UNKNOWN,PASS,WATCH,PASS,PASS,0,1,HIGH_RISK,WEAK_BUSINESS,AVOID
PVH,NORMAL_ENTERPRISE,10,READY,FAIL,FAIL,FAIL,FAIL,WATCH,PASS,PASS,0,4,HIGH_RISK,DETERIORATING_BUSINESS,AVOID
PVI,NORMAL_ENTERPRISE,15,READY,FAIL,PASS,PASS,PASS,PASS,PASS,WATCH,0,1,HIGH_RISK,WEAK_BUSINESS,AVOID
PVL,NORMAL_ENTERPRISE,10,READY,FAIL,FAIL,FAIL,PASS,WATCH,PASS,PASS,0,3,HIGH_RISK,DETERIORATING_BUSINESS,AVOID
PVM,NORMAL_ENTERPRISE,10,READY,FAIL,PASS,FAIL,PASS,WATCH,PASS,PASS,0,2,HIGH_RISK,DETERIORATING_BUSINESS,AVOID
PVO,NORMAL_ENTERPRISE,10,READY,FAIL,FAIL,PASS,PASS,WATCH,PASS,PASS,0,2,HIGH_RISK,WEAK_BUSINESS,AVOID
PVP,NORMAL_ENTERPRISE,15,READY,WATCH,WATCH,UNKNOWN,PASS,PASS,PASS,PASS,0,0,CLEAR,AVERAGE_BUSINESS,BUY
PVR,NORMAL_ENTERPRISE,10,READY,FAIL,FAIL,FAIL,WATCH,WATCH,PASS,PASS,0,3,HIGH_RISK,DETERIORATING_BUSINESS,AVOID
PVS,NORMAL_ENTERPRISE,15,READY,FAIL,PASS,UNKNOWN,PASS,WATCH,PASS,WATCH,0,1,HIGH_RISK,WEAK_BUSINESS,AVOID
PVT,NORMAL_ENTERPRISE,15,READY,FAIL,PASS,UNKNOWN,PASS,PASS,PASS,WATCH,0,1,HIGH_RISK,WEAK_BUSINESS,AVOID
PVV,NORMAL_ENTERPRISE,10,READY,FAIL,FAIL,FAIL,PASS,WATCH,PASS,PASS,0,3,HIGH_RISK,DETERIORATING_BUSINESS,AVOID
PVX,NORMAL_ENTERPRISE,10,READY,FAIL,FAIL,FAIL,FAIL,WATCH,PASS,PASS,0,4,HIGH_RISK,DETERIORATING_BUSINESS,AVOID
PVY,NORMAL_ENTERPRISE,10,READY,FAIL,FAIL,UNKNOWN,PASS,WATCH,PASS,PASS,0,2,HIGH_RISK,WEAK_BUSINESS,AVOID
PWA,NORMAL_ENTERPRISE,10,READY,FAIL,FAIL,PASS,FAIL,WATCH,PASS,PASS,0,3,HIGH_RISK,DETERIORATING_BUSINESS,AVOID
PWS,NORMAL_ENTERPRISE,10,READY,FAIL,PASS,PASS,PASS,PASS,WATCH,PASS,0,1,HIGH_RISK,WEAK_BUSINESS,AVOID
PXA,NORMAL_ENTERPRISE,10,READY,FAIL,FAIL,FAIL,FAIL,WATCH,PASS,PASS,0,4,HIGH_RISK,DETERIORATING_BUSINESS,AVOID
PXI,NORMAL_ENTERPRISE,10,READY,FAIL,FAIL,FAIL,WATCH,WATCH,PASS,PASS,0,3,HIGH_RISK,DETERIORATING_BUSINESS,AVOID
PXL,NORMAL_ENTERPRISE,15,READY,FAIL,FAIL,UNKNOWN,PASS,WATCH,PASS,PASS,0,3,HIGH_RISK,DETERIORATING_BUSINESS,AVOID
PXM,NORMAL_ENTERPRISE,10,READY,PASS,FAIL,UNKNOWN,PASS,WATCH,PASS,PASS,0,1,HIGH_RISK,WEAK_BUSINESS,AVOID
PXS,NORMAL_ENTERPRISE,10,READY,FAIL,FAIL,FAIL,FAIL,WATCH,PASS,PASS,0,4,HIGH_RISK,DETERIORATING_BUSINESS,AVOID
PXT,NORMAL_ENTERPRISE,10,READY,FAIL,FAIL,FAIL,FAIL,WATCH,PASS,PASS,0,4,HIGH_RISK,DETERIORATING_BUSINESS,AVOID
QBS,NORMAL_ENTERPRISE,10,READY,FAIL,FAIL,FAIL,PASS,WATCH,PASS,PASS,0,3,HIGH_RISK,DETERIORATING_BUSINESS,AVOID
QCC,NORMAL_ENTERPRISE,9,READY,FAIL,PASS,FAIL,PASS,WATCH,PASS,PASS,0,2,HIGH_RISK,DETERIORATING_BUSINESS,AVOID
QCG,NORMAL_ENTERPRISE,15,READY,FAIL,WATCH,UNKNOWN,PASS,WATCH,PASS,WATCH,0,1,HIGH_RISK,WEAK_BUSINESS,AVOID
QHD,NORMAL_ENTERPRISE,10,READY,PASS,PASS,WATCH,PASS,WATCH,PASS,PASS,0,0,WATCH,AVERAGE_BUSINESS,WAIT_FOR_MOS
QHW,NORMAL_ENTERPRISE,10,READY,PASS,PASS,FAIL,PASS,WATCH,PASS,PASS,0,1,HIGH_RISK,DETERIORATING_BUSINESS,AVOID
QNC,NORMAL_ENTERPRISE,10,READY,WATCH,FAIL,PASS,FAIL,WATCH,PASS,PASS,0,2,HIGH_RISK,DETERIORATING_BUSINESS,AVOID
QNP,NORMAL_ENTERPRISE,10,READY,WATCH,PASS,PASS,PASS,PASS,PASS,PASS,0,0,CLEAR,AVERAGE_BUSINESS,BUY
QNS,NORMAL_ENTERPRISE,15,READY,PASS,PASS,UNKNOWN,PASS,PASS,PASS,PASS,0,0,CLEAR,AVERAGE_BUSINESS,BUY
QNT,NORMAL_ENTERPRISE,5,READY,FAIL,WATCH,FAIL,PASS,PASS,WATCH,PASS,0,2,HIGH_RISK,DETERIORATING_BUSINESS,AVOID
QNU,NORMAL_ENTERPRISE,9,READY,FAIL,PASS,FAIL,PASS,PASS,PASS,PASS,0,2,HIGH_RISK,DETERIORATING_BUSINESS,AVOID
QNW,NORMAL_ENTERPRISE,10,READY,FAIL,PASS,PASS,PASS,PASS,WATCH,PASS,0,1,HIGH_RISK,WEAK_BUSINESS,AVOID
QPH,NORMAL_ENTERPRISE,10,READY,PASS,PASS,PASS,PASS,WATCH,PASS,PASS,0,0,CLEAR,AVERAGE_BUSINESS,BUY
QSP,NORMAL_ENTERPRISE,10,READY,PASS,PASS,PASS,PASS,WATCH,PASS,PASS,0,0,CLEAR,AVERAGE_BUSINESS,BUY
QST,NORMAL_ENTERPRISE,10,READY,PASS,PASS,PASS,WATCH,PASS,WATCH,PASS,0,0,WATCH,POTENTIAL_COMPOUNDER,WAIT_FOR_MOS
QTC,NORMAL_ENTERPRISE,10,READY,FAIL,PASS,FAIL,PASS,WATCH,PASS,PASS,0,2,HIGH_RISK,DETERIORATING_BUSINESS,AVOID
QTP,NORMAL_ENTERPRISE,14,READY,WATCH,FAIL,UNKNOWN,PASS,PASS,PASS,PASS,0,1,HIGH_RISK,AVERAGE_BUSINESS,AVOID
RAL,NORMAL_ENTERPRISE,10,READY,PASS,PASS,FAIL,WATCH,PASS,WATCH,PASS,0,1,HIGH_RISK,DETERIORATING_BUSINESS,AVOID
RAT,NORMAL_ENTERPRISE,10,READY,FAIL,WATCH,FAIL,FAIL,PASS,WATCH,PASS,0,3,HIGH_RISK,DETERIORATING_BUSINESS,AVOID
RBC,NORMAL_ENTERPRISE,10,READY,FAIL,FAIL,FAIL,PASS,WATCH,PASS,PASS,0,3,HIGH_RISK,DETERIORATING_BUSINESS,AVOID
RCC,NORMAL_ENTERPRISE,10,READY,FAIL,FAIL,FAIL,FAIL,WATCH,WATCH,PASS,0,4,HIGH_RISK,DETERIORATING_BUSINESS,AVOID
RCD,NORMAL_ENTERPRISE,7,READY,FAIL,FAIL,FAIL,PASS,WATCH,PASS,PASS,0,3,HIGH_RISK,DETERIORATING_BUSINESS,AVOID
RCL,NORMAL_ENTERPRISE,10,READY,FAIL,PASS,FAIL,PASS,WATCH,WATCH,PASS,0,2,HIGH_RISK,DETERIORATING_BUSINESS,AVOID
REE,NORMAL_ENTERPRISE,15,READY,WATCH,PASS,UNKNOWN,PASS,PASS,PASS,PASS,0,0,CLEAR,AVERAGE_BUSINESS,BUY
RGG,NORMAL_ENTERPRISE,2,INSUFFICIENT,FAIL,PASS,FAIL,WATCH,WATCH,PASS,PASS,0,2,HIGH_RISK,INSUFFICIENT_DATA,AVOID
RIC,NORMAL_ENTERPRISE,10,READY,FAIL,FAIL,FAIL,PASS,WATCH,PASS,PASS,0,3,HIGH_RISK,DETERIORATING_BUSINESS,AVOID
RTB,NORMAL_ENTERPRISE,10,READY,WATCH,PASS,FAIL,PASS,PASS,PASS,PASS,0,1,HIGH_RISK,DETERIORATING_BUSINESS,AVOID
RYG,NORMAL_ENTERPRISE,5,READY,WATCH,PASS,UNKNOWN,FAIL,WATCH,PASS,PASS,0,2,HIGH_RISK,DETERIORATING_BUSINESS,AVOID
S12,NORMAL_ENTERPRISE,2,INSUFFICIENT,FAIL,FAIL,UNKNOWN,PASS,WATCH,PASS,PASS,0,2,HIGH_RISK,INSUFFICIENT_DATA,AVOID
S4A,NORMAL_ENTERPRISE,10,READY,FAIL,PASS,PASS,PASS,PASS,PASS,PASS,0,1,HIGH_RISK,WEAK_BUSINESS,AVOID
S55,NORMAL_ENTERPRISE,10,READY,FAIL,PASS,PASS,WATCH,PASS,WATCH,PASS,0,1,HIGH_RISK,WEAK_BUSINESS,AVOID
S72,NORMAL_ENTERPRISE,9,READY,FAIL,FAIL,PASS,PASS,WATCH,PASS,PASS,0,2,HIGH_RISK,WEAK_BUSINESS,AVOID
S74,NORMAL_ENTERPRISE,6,READY,FAIL,FAIL,PASS,PASS,WATCH,PASS,PASS,0,2,HIGH_RISK,WEAK_BUSINESS,AVOID
S99,NORMAL_ENTERPRISE,15,READY,FAIL,WATCH,UNKNOWN,WATCH,PASS,PASS,PASS,0,1,HIGH_RISK,WEAK_BUSINESS,AVOID
SAB,NORMAL_ENTERPRISE,15,READY,PASS,PASS,UNKNOWN,PASS,WATCH,PASS,WATCH,0,0,WATCH,AVERAGE_BUSINESS,WAIT_FOR_MOS
SAC,NORMAL_ENTERPRISE,10,READY,WATCH,PASS,PASS,PASS,WATCH,PASS,PASS,0,0,CLEAR,AVERAGE_BUSINESS,BUY
SAF,NORMAL_ENTERPRISE,10,READY,PASS,PASS,PASS,PASS,PASS,PASS,PASS,0,0,CLEAR,AVERAGE_BUSINESS,BUY
SAL,NORMAL_ENTERPRISE,9,READY,FAIL,FAIL,WATCH,PASS,WATCH,PASS,PASS,0,2,HIGH_RISK,WEAK_BUSINESS,AVOID
SAM,NORMAL_ENTERPRISE,15,READY,FAIL,WATCH,UNKNOWN,PASS,WATCH,PASS,PASS,0,1,HIGH_RISK,WEAK_BUSINESS,AVOID
SAS,NORMAL_ENTERPRISE,11,READY,PASS,PASS,UNKNOWN,PASS,PASS,PASS,PASS,0,0,CLEAR,POTENTIAL_COMPOUNDER,BUY
SAV,NORMAL_ENTERPRISE,10,READY,FAIL,WATCH,PASS,WATCH,PASS,WATCH,PASS,0,1,HIGH_RISK,WEAK_BUSINESS,AVOID
SB1,NORMAL_ENTERPRISE,1,INSUFFICIENT,FAIL,PASS,UNKNOWN,PASS,WATCH,PASS,PASS,0,1,HIGH_RISK,INSUFFICIENT_DATA,AVOID
SBA,NORMAL_ENTERPRISE,10,READY,WATCH,PASS,PASS,PASS,PASS,PASS,PASS,0,0,CLEAR,AVERAGE_BUSINESS,BUY
SBB,NORMAL_ENTERPRISE,6,READY,FAIL,FAIL,PASS,PASS,WATCH,PASS,PASS,0,2,HIGH_RISK,WEAK_BUSINESS,AVOID
SBD,NORMAL_ENTERPRISE,9,READY,FAIL,WATCH,FAIL,FAIL,WATCH,PASS,PASS,0,3,HIGH_RISK,DETERIORATING_BUSINESS,AVOID
SBG,NORMAL_ENTERPRISE,6,READY,FAIL,PASS,UNKNOWN,PASS,PASS,PASS,PASS,0,1,HIGH_RISK,WEAK_BUSINESS,AVOID
SBH,NORMAL_ENTERPRISE,10,READY,PASS,PASS,PASS,PASS,PASS,PASS,PASS,0,0,CLEAR,AVERAGE_BUSINESS,BUY
SBL,NORMAL_ENTERPRISE,10,READY,FAIL,WATCH,PASS,PASS,WATCH,PASS,PASS,0,1,HIGH_RISK,WEAK_BUSINESS,AVOID
SBM,NORMAL_ENTERPRISE,10,READY,PASS,PASS,PASS,PASS,WATCH,PASS,PASS,0,0,CLEAR,AVERAGE_BUSINESS,BUY
SBR,NORMAL_ENTERPRISE,7,READY,FAIL,PASS,PASS,PASS,WATCH,PASS,PASS,0,1,HIGH_RISK,WEAK_BUSINESS,AVOID
SBS,NORMAL_ENTERPRISE,15,READY,FAIL,FAIL,UNKNOWN,PASS,WATCH,PASS,WATCH,0,2,HIGH_RISK,WEAK_BUSINESS,AVOID
SBT,NORMAL_ENTERPRISE,15,READY,FAIL,PASS,UNKNOWN,FAIL,WATCH,PASS,PASS,0,2,HIGH_RISK,DETERIORATING_BUSINESS,AVOID
SBV,NORMAL_ENTERPRISE,10,READY,WATCH,FAIL,FAIL,WATCH,WATCH,PASS,PASS,0,2,HIGH_RISK,DETERIORATING_BUSINESS,AVOID
SC5,NORMAL_ENTERPRISE,10,READY,FAIL,PASS,PASS,FAIL,PASS,PASS,PASS,0,2,HIGH_RISK,DETERIORATING_BUSINESS,AVOID
SCC,NORMAL_ENTERPRISE,9,READY,FAIL,FAIL,PASS,PASS,WATCH,PASS,PASS,0,2,HIGH_RISK,WEAK_BUSINESS,AVOID
SCD,NORMAL_ENTERPRISE,10,READY,FAIL,FAIL,FAIL,PASS,WATCH,PASS,PASS,0,3,HIGH_RISK,DETERIORATING_BUSINESS,AVOID
SCG,NORMAL_ENTERPRISE,7,READY,WATCH,PASS,UNKNOWN,WATCH,PASS,PASS,PASS,0,0,CLEAR,AVERAGE_BUSINESS,BUY
SCI,NORMAL_ENTERPRISE,10,READY,WATCH,WATCH,FAIL,FAIL,WATCH,WATCH,PASS,0,2,HIGH_RISK,DETERIORATING_BUSINESS,AVOID
SCJ,NORMAL_ENTERPRISE,10,READY,FAIL,FAIL,FAIL,WATCH,WATCH,PASS,PASS,0,3,HIGH_RISK,DETERIORATING_BUSINESS,AVOID
SCL,NORMAL_ENTERPRISE,15,READY,FAIL,FAIL,UNKNOWN,PASS,PASS,PASS,WATCH,0,2,HIGH_RISK,WEAK_BUSINESS,AVOID
SCO,NORMAL_ENTERPRISE,10,READY,PASS,FAIL,WATCH,PASS,PASS,PASS,PASS,0,1,HIGH_RISK,WEAK_BUSINESS,AVOID
SCR,NORMAL_ENTERPRISE,15,READY,FAIL,PASS,UNKNOWN,PASS,PASS,PASS,PASS,0,1,HIGH_RISK,WEAK_BUSINESS,AVOID
SCS,NORMAL_ENTERPRISE,15,READY,PASS,WATCH,UNKNOWN,PASS,WATCH,PASS,PASS,0,0,CLEAR,AVERAGE_BUSINESS,BUY
SD2,NORMAL_ENTERPRISE,10,READY,FAIL,FAIL,FAIL,FAIL,WATCH,PASS,PASS,0,4,HIGH_RISK,DETERIORATING_BUSINESS,AVOID
SD4,NORMAL_ENTERPRISE,10,READY,FAIL,FAIL,FAIL,PASS,WATCH,PASS,PASS,0,3,HIGH_RISK,DETERIORATING_BUSINESS,AVOID
SD5,NORMAL_ENTERPRISE,10,READY,FAIL,FAIL,PASS,FAIL,WATCH,PASS,PASS,0,3,HIGH_RISK,DETERIORATING_BUSINESS,AVOID
SD6,NORMAL_ENTERPRISE,10,READY,FAIL,FAIL,FAIL,FAIL,WATCH,PASS,PASS,0,4,HIGH_RISK,DETERIORATING_BUSINESS,AVOID
SD7,NORMAL_ENTERPRISE,3,PARTIAL,FAIL,FAIL,PASS,WATCH,WATCH,PASS,PASS,0,2,HIGH_RISK,WEAK_BUSINESS,AVOID
SD9,NORMAL_ENTERPRISE,10,READY,FAIL,WATCH,PASS,WATCH,WATCH,PASS,PASS,0,1,HIGH_RISK,WEAK_BUSINESS,AVOID
SDA,NORMAL_ENTERPRISE,10,READY,FAIL,FAIL,FAIL,PASS,WATCH,PASS,PASS,0,3,HIGH_RISK,DETERIORATING_BUSINESS,AVOID
SDC,NORMAL_ENTERPRISE,10,READY,FAIL,PASS,FAIL,WATCH,WATCH,PASS,PASS,0,2,HIGH_RISK,DETERIORATING_BUSINESS,AVOID
SDD,NORMAL_ENTERPRISE,10,READY,FAIL,FAIL,UNKNOWN,WATCH,WATCH,PASS,PASS,0,2,HIGH_RISK,WEAK_BUSINESS,AVOID
SDG,NORMAL_ENTERPRISE,10,READY,PASS,FAIL,WATCH,FAIL,WATCH,PASS,PASS,0,2,HIGH_RISK,DETERIORATING_BUSINESS,AVOID
SDK,NORMAL_ENTERPRISE,10,READY,PASS,PASS,PASS,PASS,WATCH,PASS,PASS,0,0,CLEAR,AVERAGE_BUSINESS,BUY
SDN,NORMAL_ENTERPRISE,10,READY,PASS,PASS,WATCH,PASS,WATCH,WATCH,PASS,0,0,WATCH,AVERAGE_BUSINESS,WAIT_FOR_MOS
SDP,NORMAL_ENTERPRISE,10,READY,FAIL,FAIL,PASS,PASS,WATCH,PASS,PASS,0,2,HIGH_RISK,WEAK_BUSINESS,AVOID
SDT,NORMAL_ENTERPRISE,10,READY,FAIL,FAIL,PASS,WATCH,WATCH,PASS,PASS,0,2,HIGH_RISK,WEAK_BUSINESS,AVOID
SDU,NORMAL_ENTERPRISE,10,READY,FAIL,WATCH,FAIL,FAIL,PASS,PASS,PASS,0,3,HIGH_RISK,DETERIORATING_BUSINESS,AVOID
SDV,NORMAL_ENTERPRISE,10,READY,PASS,PASS,PASS,FAIL,PASS,PASS,PASS,0,1,HIGH_RISK,DETERIORATING_BUSINESS,AVOID
SDY,NORMAL_ENTERPRISE,10,READY,FAIL,FAIL,FAIL,PASS,WATCH,PASS,PASS,0,3,HIGH_RISK,DETERIORATING_BUSINESS,AVOID
SEA,NORMAL_ENTERPRISE,15,READY,FAIL,PASS,UNKNOWN,PASS,PASS,PASS,WATCH,0,1,HIGH_RISK,WEAK_BUSINESS,AVOID
SEB,NORMAL_ENTERPRISE,10,READY,PASS,PASS,PASS,PASS,PASS,WATCH,PASS,0,0,WATCH,AVERAGE_BUSINESS,WAIT_FOR_MOS
SED,NORMAL_ENTERPRISE,10,READY,PASS,PASS,WATCH,PASS,WATCH,PASS,PASS,0,0,WATCH,AVERAGE_BUSINESS,WAIT_FOR_MOS
SEP,NORMAL_ENTERPRISE,10,READY,PASS,PASS,FAIL,FAIL,WATCH,PASS,PASS,0,2,HIGH_RISK,DETERIORATING_BUSINESS,AVOID
SFC,NORMAL_ENTERPRISE,10,READY,WATCH,PASS,WATCH,PASS,WATCH,PASS,PASS,0,0,WATCH,AVERAGE_BUSINESS,WAIT_FOR_MOS
SFG,NORMAL_ENTERPRISE,10,READY,FAIL,PASS,FAIL,FAIL,WATCH,PASS,PASS,0,3,HIGH_RISK,DETERIORATING_BUSINESS,AVOID
SFI,NORMAL_ENTERPRISE,10,READY,WATCH,PASS,WATCH,PASS,PASS,WATCH,PASS,0,0,WATCH,AVERAGE_BUSINESS,WAIT_FOR_MOS
SFN,NORMAL_ENTERPRISE,10,READY,WATCH,PASS,PASS,PASS,WATCH,PASS,PASS,0,0,CLEAR,AVERAGE_BUSINESS,BUY
SGB,BANK,10,READY,FAIL,FAIL,NOT_APPLICABLE,PASS,WATCH,WATCH,PASS,0,1,HIGH_RISK,WEAK_BUSINESS,AVOID
SGC,NORMAL_ENTERPRISE,10,READY,PASS,PASS,PASS,PASS,PASS,PASS,PASS,0,0,CLEAR,COMPOUNDER,BUY
SGD,NORMAL_ENTERPRISE,10,READY,FAIL,FAIL,FAIL,PASS,WATCH,PASS,PASS,0,3,HIGH_RISK,DETERIORATING_BUSINESS,AVOID
SGH,NORMAL_ENTERPRISE,10,READY,FAIL,PASS,WATCH,PASS,PASS,PASS,PASS,0,1,HIGH_RISK,WEAK_BUSINESS,AVOID
SGI,NORMAL_ENTERPRISE,8,READY,FAIL,PASS,FAIL,WATCH,WATCH,PASS,PASS,0,2,HIGH_RISK,DETERIORATING_BUSINESS,AVOID
SGN,NORMAL_ENTERPRISE,10,READY,PASS,PASS,PASS,PASS,WATCH,WATCH,PASS,0,0,WATCH,AVERAGE_BUSINESS,WAIT_FOR_MOS
SGP,NORMAL_ENTERPRISE,15,READY,FAIL,PASS,UNKNOWN,PASS,PASS,PASS,WATCH,0,1,HIGH_RISK,WEAK_BUSINESS,AVOID
SGR,NORMAL_ENTERPRISE,15,READY,WATCH,WATCH,UNKNOWN,PASS,PASS,PASS,PASS,0,0,CLEAR,AVERAGE_BUSINESS,BUY
SGS,NORMAL_ENTERPRISE,10,READY,PASS,PASS,PASS,PASS,WATCH,PASS,PASS,0,0,CLEAR,AVERAGE_BUSINESS,BUY
SGT,NORMAL_ENTERPRISE,10,READY,FAIL,PASS,FAIL,FAIL,PASS,WATCH,PASS,0,3,HIGH_RISK,DETERIORATING_BUSINESS,AVOID
SHA,NORMAL_ENTERPRISE,10,READY,FAIL,PASS,FAIL,WATCH,WATCH,WATCH,PASS,0,2,HIGH_RISK,DETERIORATING_BUSINESS,AVOID
SHB,NORMAL_ENTERPRISE,15,READY,WATCH,PASS,UNKNOWN,PASS,PASS,PASS,PASS,0,0,CLEAR,AVERAGE_BUSINESS,BUY
SHC,NORMAL_ENTERPRISE,10,READY,FAIL,PASS,PASS,PASS,PASS,PASS,PASS,0,1,HIGH_RISK,WEAK_BUSINESS,AVOID
SHE,NORMAL_ENTERPRISE,10,READY,PASS,PASS,FAIL,WATCH,PASS,WATCH,PASS,0,1,HIGH_RISK,DETERIORATING_BUSINESS,AVOID
SHI,NORMAL_ENTERPRISE,15,READY,FAIL,PASS,UNKNOWN,FAIL,PASS,PASS,WATCH,0,2,HIGH_RISK,DETERIORATING_BUSINESS,AVOID
SHN,NORMAL_ENTERPRISE,15,READY,FAIL,FAIL,UNKNOWN,FAIL,WATCH,PASS,PASS,0,3,HIGH_RISK,DETERIORATING_BUSINESS,AVOID
SHP,NORMAL_ENTERPRISE,10,READY,PASS,PASS,PASS,PASS,PASS,PASS,PASS,0,0,CLEAR,COMPOUNDER,BUY
SHS,SECURITIES,15,READY,PASS,PASS,NOT_APPLICABLE,PASS,WATCH,WATCH,PASS,0,0,CLEAR,WEAK_BUSINESS,BUY
SID,NORMAL_ENTERPRISE,10,READY,FAIL,PASS,FAIL,PASS,PASS,PASS,PASS,0,2,HIGH_RISK,DETERIORATING_BUSINESS,AVOID
SIG,NORMAL_ENTERPRISE,9,READY,FAIL,FAIL,FAIL,WATCH,PASS,WATCH,PASS,0,3,HIGH_RISK,DETERIORATING_BUSINESS,AVOID
SII,NORMAL_ENTERPRISE,10,READY,FAIL,FAIL,FAIL,WATCH,WATCH,PASS,PASS,0,3,HIGH_RISK,DETERIORATING_BUSINESS,AVOID
SIP,NORMAL_ENTERPRISE,11,READY,PASS,PASS,UNKNOWN,WATCH,PASS,PASS,PASS,0,0,CLEAR,POTENTIAL_COMPOUNDER,BUY
SIV,NORMAL_ENTERPRISE,10,READY,WATCH,PASS,PASS,PASS,WATCH,PASS,PASS,0,0,CLEAR,AVERAGE_BUSINESS,BUY
SJ1,NORMAL_ENTERPRISE,10,READY,FAIL,PASS,FAIL,FAIL,PASS,WATCH,PASS,0,3,HIGH_RISK,DETERIORATING_BUSINESS,AVOID
SJD,NORMAL_ENTERPRISE,15,READY,PASS,PASS,UNKNOWN,PASS,WATCH,PASS,PASS,0,0,CLEAR,AVERAGE_BUSINESS,BUY
SJE,NORMAL_ENTERPRISE,15,READY,FAIL,PASS,UNKNOWN,WATCH,PASS,PASS,WATCH,0,1,HIGH_RISK,WEAK_BUSINESS,AVOID
SJF,NORMAL_ENTERPRISE,10,READY,FAIL,FAIL,FAIL,PASS,WATCH,PASS,PASS,0,3,HIGH_RISK,DETERIORATING_BUSINESS,AVOID
SJM,NORMAL_ENTERPRISE,10,READY,WATCH,FAIL,FAIL,WATCH,WATCH,PASS,PASS,0,2,HIGH_RISK,DETERIORATING_BUSINESS,AVOID
SJS,NORMAL_ENTERPRISE,15,READY,FAIL,FAIL,UNKNOWN,PASS,WATCH,PASS,PASS,0,3,HIGH_RISK,DETERIORATING_BUSINESS,AVOID
SKG,NORMAL_ENTERPRISE,15,READY,PASS,WATCH,UNKNOWN,PASS,WATCH,PASS,PASS,0,0,CLEAR,AVERAGE_BUSINESS,BUY
SKH,NORMAL_ENTERPRISE,10,READY,PASS,PASS,PASS,PASS,WATCH,WATCH,PASS,0,0,WATCH,AVERAGE_BUSINESS,WAIT_FOR_MOS
SKN,NORMAL_ENTERPRISE,9,READY,FAIL,PASS,PASS,PASS,WATCH,WATCH,PASS,0,1,HIGH_RISK,WEAK_BUSINESS,AVOID
SKV,NORMAL_ENTERPRISE,10,READY,PASS,PASS,PASS,WATCH,WATCH,PASS,PASS,0,0,CLEAR,AVERAGE_BUSINESS,BUY
SLS,NORMAL_ENTERPRISE,10,READY,PASS,PASS,PASS,PASS,PASS,PASS,PASS,0,0,CLEAR,AVERAGE_BUSINESS,BUY
SMA,NORMAL_ENTERPRISE,10,READY,FAIL,WATCH,WATCH,PASS,PASS,PASS,PASS,0,1,HIGH_RISK,WEAK_BUSINESS,AVOID
SMB,NORMAL_ENTERPRISE,10,READY,PASS,PASS,PASS,PASS,PASS,PASS,PASS,0,0,CLEAR,AVERAGE_BUSINESS,BUY
SMC,NORMAL_ENTERPRISE,15,READY,WATCH,FAIL,UNKNOWN,FAIL,PASS,PASS,PASS,0,2,HIGH_RISK,DETERIORATING_BUSINESS,AVOID
SMN,NORMAL_ENTERPRISE,10,READY,WATCH,PASS,FAIL,WATCH,WATCH,PASS,PASS,0,1,HIGH_RISK,DETERIORATING_BUSINESS,AVOID
SMT,NORMAL_ENTERPRISE,10,READY,FAIL,FAIL,FAIL,FAIL,WATCH,PASS,PASS,0,4,HIGH_RISK,DETERIORATING_BUSINESS,AVOID
SNC,NORMAL_ENTERPRISE,10,READY,WATCH,PASS,FAIL,WATCH,PASS,PASS,PASS,0,1,HIGH_RISK,DETERIORATING_BUSINESS,AVOID
SNZ,NORMAL_ENTERPRISE,10,READY,WATCH,PASS,PASS,WATCH,PASS,PASS,PASS,0,0,CLEAR,AVERAGE_BUSINESS,BUY
SP2,NORMAL_ENTERPRISE,10,READY,FAIL,FAIL,PASS,FAIL,WATCH,PASS,PASS,0,3,HIGH_RISK,DETERIORATING_BUSINESS,AVOID
SPB,NORMAL_ENTERPRISE,10,READY,FAIL,WATCH,FAIL,FAIL,WATCH,WATCH,PASS,0,3,HIGH_RISK,DETERIORATING_BUSINESS,AVOID
SPC,NORMAL_ENTERPRISE,10,READY,PASS,FAIL,FAIL,FAIL,WATCH,PASS,PASS,0,3,HIGH_RISK,DETERIORATING_BUSINESS,AVOID
SPD,NORMAL_ENTERPRISE,10,READY,FAIL,WATCH,FAIL,FAIL,WATCH,PASS,PASS,0,3,HIGH_RISK,DETERIORATING_BUSINESS,AVOID
SPH,NORMAL_ENTERPRISE,10,READY,FAIL,FAIL,FAIL,PASS,PASS,PASS,PASS,0,3,HIGH_RISK,DETERIORATING_BUSINESS,AVOID
SPI,NORMAL_ENTERPRISE,9,READY,FAIL,FAIL,FAIL,WATCH,WATCH,PASS,PASS,0,3,HIGH_RISK,DETERIORATING_BUSINESS,AVOID
SPM,NORMAL_ENTERPRISE,10,READY,FAIL,WATCH,FAIL,PASS,WATCH,PASS,PASS,0,2,HIGH_RISK,DETERIORATING_BUSINESS,AVOID
SPV,NORMAL_ENTERPRISE,10,READY,WATCH,WATCH,FAIL,WATCH,WATCH,PASS,PASS,0,1,HIGH_RISK,DETERIORATING_BUSINESS,AVOID
SRA,NORMAL_ENTERPRISE,10,READY,WATCH,WATCH,FAIL,PASS,WATCH,PASS,PASS,0,1,HIGH_RISK,DETERIORATING_BUSINESS,AVOID
SRC,NORMAL_ENTERPRISE,10,READY,FAIL,PASS,FAIL,WATCH,WATCH,PASS,PASS,0,2,HIGH_RISK,DETERIORATING_BUSINESS,AVOID
SRF,NORMAL_ENTERPRISE,10,READY,FAIL,WATCH,FAIL,FAIL,WATCH,PASS,PASS,0,3,HIGH_RISK,DETERIORATING_BUSINESS,AVOID
SSB,BANK,15,READY,FAIL,FAIL,NOT_APPLICABLE,PASS,PASS,PASS,PASS,0,1,HIGH_RISK,WEAK_BUSINESS,AVOID
SSC,NORMAL_ENTERPRISE,10,READY,WATCH,PASS,PASS,PASS,WATCH,PASS,PASS,0,0,CLEAR,AVERAGE_BUSINESS,BUY
SSG,NORMAL_ENTERPRISE,9,READY,PASS,FAIL,FAIL,PASS,WATCH,PASS,PASS,0,2,HIGH_RISK,DETERIORATING_BUSINESS,AVOID
SSH,NORMAL_ENTERPRISE,7,READY,WATCH,WATCH,FAIL,WATCH,WATCH,PASS,PASS,0,1,HIGH_RISK,DETERIORATING_BUSINESS,AVOID
SSI,SECURITIES,15,READY,PASS,PASS,NOT_APPLICABLE,PASS,PASS,PASS,PASS,0,0,CLEAR,AVERAGE_BUSINESS,BUY
SSM,NORMAL_ENTERPRISE,10,READY,FAIL,FAIL,FAIL,WATCH,WATCH,PASS,PASS,0,3,HIGH_RISK,DETERIORATING_BUSINESS,AVOID
ST8,NORMAL_ENTERPRISE,10,READY,FAIL,FAIL,FAIL,PASS,WATCH,PASS,PASS,0,3,HIGH_RISK,DETERIORATING_BUSINESS,AVOID
STB,BANK,15,READY,WATCH,WATCH,NOT_APPLICABLE,PASS,PASS,PASS,PASS,0,0,CLEAR,WEAK_BUSINESS,BUY
STC,NORMAL_ENTERPRISE,10,READY,WATCH,PASS,PASS,PASS,WATCH,PASS,PASS,0,0,CLEAR,AVERAGE_BUSINESS,BUY
STD,NORMAL_ENTERPRISE,9,READY,FAIL,PASS,PASS,PASS,WATCH,PASS,PASS,0,1,HIGH_RISK,WEAK_BUSINESS,AVOID
STG,NORMAL_ENTERPRISE,10,READY,FAIL,PASS,PASS,PASS,PASS,PASS,PASS,0,1,HIGH_RISK,WEAK_BUSINESS,AVOID
STH,NORMAL_ENTERPRISE,9,READY,FAIL,PASS,UNKNOWN,WATCH,PASS,PASS,PASS,0,2,HIGH_RISK,DETERIORATING_BUSINESS,AVOID
STK,NORMAL_ENTERPRISE,10,READY,WATCH,PASS,PASS,WATCH,PASS,WATCH,PASS,0,0,WATCH,AVERAGE_BUSINESS,WAIT_FOR_MOS
STP,NORMAL_ENTERPRISE,10,READY,FAIL,PASS,FAIL,PASS,PASS,PASS,PASS,0,2,HIGH_RISK,DETERIORATING_BUSINESS,AVOID
STS,NORMAL_ENTERPRISE,10,READY,WATCH,PASS,WATCH,PASS,PASS,PASS,PASS,0,0,WATCH,AVERAGE_BUSINESS,WAIT_FOR_MOS
STT,NORMAL_ENTERPRISE,10,READY,FAIL,FAIL,FAIL,PASS,WATCH,PASS,PASS,0,3,HIGH_RISK,DETERIORATING_BUSINESS,AVOID
STW,NORMAL_ENTERPRISE,10,READY,FAIL,FAIL,PASS,PASS,PASS,WATCH,PASS,0,2,HIGH_RISK,WEAK_BUSINESS,AVOID
SVC,NORMAL_ENTERPRISE,10,READY,WATCH,PASS,FAIL,FAIL,PASS,WATCH,PASS,0,2,HIGH_RISK,DETERIORATING_BUSINESS,AVOID
SVD,NORMAL_ENTERPRISE,6,READY,FAIL,FAIL,PASS,PASS,WATCH,WATCH,PASS,0,2,HIGH_RISK,WEAK_BUSINESS,AVOID
SVG,NORMAL_ENTERPRISE,10,READY,FAIL,WATCH,PASS,PASS,WATCH,PASS,PASS,0,1,HIGH_RISK,WEAK_BUSINESS,AVOID
SVH,NORMAL_ENTERPRISE,10,READY,PASS,WATCH,PASS,WATCH,WATCH,PASS,PASS,0,0,CLEAR,AVERAGE_BUSINESS,BUY
SVN,NORMAL_ENTERPRISE,15,READY,FAIL,FAIL,UNKNOWN,PASS,PASS,PASS,PASS,0,2,HIGH_RISK,WEAK_BUSINESS,AVOID
SVT,NORMAL_ENTERPRISE,10,READY,WATCH,PASS,FAIL,PASS,PASS,WATCH,PASS,0,1,HIGH_RISK,DETERIORATING_BUSINESS,AVOID
SWC,NORMAL_ENTERPRISE,10,READY,WATCH,PASS,WATCH,PASS,PASS,PASS,PASS,0,0,WATCH,AVERAGE_BUSINESS,WAIT_FOR_MOS
SZC,NORMAL_ENTERPRISE,15,READY,FAIL,PASS,UNKNOWN,PASS,PASS,PASS,PASS,0,2,HIGH_RISK,DETERIORATING_BUSINESS,AVOID
SZE,NORMAL_ENTERPRISE,10,READY,FAIL,PASS,PASS,PASS,WATCH,PASS,PASS,0,1,HIGH_RISK,WEAK_BUSINESS,AVOID
SZG,NORMAL_ENTERPRISE,6,READY,PASS,PASS,PASS,FAIL,PASS,PASS,PASS,0,1,HIGH_RISK,DETERIORATING_BUSINESS,AVOID
SZL,NORMAL_ENTERPRISE,15,READY,PASS,PASS,UNKNOWN,PASS,PASS,PASS,PASS,0,0,CLEAR,AVERAGE_BUSINESS,BUY
TA9,NORMAL_ENTERPRISE,10,READY,FAIL,PASS,PASS,FAIL,WATCH,PASS,PASS,0,2,HIGH_RISK,DETERIORATING_BUSINESS,AVOID
TAB,NORMAL_ENTERPRISE,3,PARTIAL,FAIL,PASS,PASS,PASS,PASS,PASS,PASS,0,1,HIGH_RISK,WEAK_BUSINESS,AVOID
TAH,NORMAL_ENTERPRISE,2,INSUFFICIENT,PASS,PASS,PASS,PASS,PASS,PASS,PASS,0,0,CLEAR,INSUFFICIENT_DATA,REVIEW_BUSINESS
TAL,NORMAL_ENTERPRISE,4,PARTIAL,WATCH,PASS,UNKNOWN,PASS,PASS,PASS,PASS,0,1,HIGH_RISK,DETERIORATING_BUSINESS,AVOID
TAR,NORMAL_ENTERPRISE,10,READY,FAIL,FAIL,FAIL,WATCH,WATCH,PASS,PASS,0,3,HIGH_RISK,DETERIORATING_BUSINESS,AVOID
TAW,NORMAL_ENTERPRISE,9,READY,WATCH,PASS,FAIL,FAIL,PASS,PASS,PASS,0,2,HIGH_RISK,DETERIORATING_BUSINESS,AVOID
TBC,NORMAL_ENTERPRISE,10,READY,PASS,PASS,PASS,PASS,PASS,PASS,PASS,0,0,CLEAR,AVERAGE_BUSINESS,BUY
TBD,NORMAL_ENTERPRISE,10,READY,PASS,PASS,FAIL,FAIL,PASS,WATCH,PASS,0,2,HIGH_RISK,DETERIORATING_BUSINESS,AVOID
TBR,NORMAL_ENTERPRISE,9,READY,FAIL,PASS,FAIL,PASS,WATCH,PASS,PASS,0,2,HIGH_RISK,DETERIORATING_BUSINESS,AVOID
TBW,NORMAL_ENTERPRISE,5,READY,PASS,PASS,PASS,PASS,PASS,PASS,PASS,0,0,CLEAR,AVERAGE_BUSINESS,BUY
TCB,BANK,15,READY,PASS,PASS,NOT_APPLICABLE,PASS,PASS,PASS,PASS,0,0,CLEAR,POTENTIAL_COMPOUNDER,BUY
TCD,NORMAL_ENTERPRISE,10,READY,PASS,FAIL,FAIL,FAIL,WATCH,PASS,PASS,0,3,HIGH_RISK,DETERIORATING_BUSINESS,AVOID
TCH,NORMAL_ENTERPRISE,13,READY,FAIL,PASS,UNKNOWN,PASS,PASS,PASS,WATCH,0,1,HIGH_RISK,WEAK_BUSINESS,AVOID
TCI,NORMAL_ENTERPRISE,15,READY,FAIL,WATCH,UNKNOWN,WATCH,WATCH,PASS,PASS,0,1,HIGH_RISK,WEAK_BUSINESS,AVOID
TCJ,NORMAL_ENTERPRISE,9,READY,PASS,FAIL,FAIL,PASS,WATCH,PASS,PASS,0,2,HIGH_RISK,DETERIORATING_BUSINESS,AVOID
TCK,NORMAL_ENTERPRISE,10,READY,FAIL,FAIL,FAIL,PASS,WATCH,PASS,PASS,0,3,HIGH_RISK,DETERIORATING_BUSINESS,AVOID
TCL,NORMAL_ENTERPRISE,10,READY,PASS,PASS,PASS,PASS,PASS,PASS,PASS,0,0,CLEAR,AVERAGE_BUSINESS,BUY
TCM,NORMAL_ENTERPRISE,15,READY,PASS,WATCH,UNKNOWN,PASS,PASS,PASS,PASS,0,0,CLEAR,AVERAGE_BUSINESS,BUY
TCO,NORMAL_ENTERPRISE,15,READY,WATCH,PASS,UNKNOWN,FAIL,PASS,PASS,WATCH,0,1,HIGH_RISK,DETERIORATING_BUSINESS,AVOID
TCR,NORMAL_ENTERPRISE,10,READY,FAIL,FAIL,FAIL,FAIL,WATCH,PASS,PASS,0,4,HIGH_RISK,DETERIORATING_BUSINESS,AVOID
TCT,NORMAL_ENTERPRISE,10,READY,FAIL,WATCH,WATCH,PASS,WATCH,PASS,PASS,0,1,HIGH_RISK,WEAK_BUSINESS,AVOID
TCW,NORMAL_ENTERPRISE,10,READY,PASS,PASS,PASS,WATCH,PASS,PASS,PASS,0,0,CLEAR,AVERAGE_BUSINESS,BUY
TCX,NORMAL_ENTERPRISE,15,READY,PASS,PASS,UNKNOWN,PASS,PASS,PASS,PASS,0,0,CLEAR,POTENTIAL_COMPOUNDER,BUY
TD6,NORMAL_ENTERPRISE,2,INSUFFICIENT,FAIL,PASS,UNKNOWN,WATCH,WATCH,PASS,PASS,0,1,HIGH_RISK,INSUFFICIENT_DATA,AVOID
TDB,NORMAL_ENTERPRISE,10,READY,PASS,PASS,PASS,PASS,WATCH,PASS,PASS,0,0,CLEAR,AVERAGE_BUSINESS,BUY
TDC,NORMAL_ENTERPRISE,15,READY,WATCH,WATCH,UNKNOWN,PASS,WATCH,PASS,PASS,0,0,CLEAR,AVERAGE_BUSINESS,BUY
TDF,NORMAL_ENTERPRISE,9,READY,WATCH,PASS,PASS,WATCH,WATCH,WATCH,PASS,0,0,WATCH,AVERAGE_BUSINESS,WAIT_FOR_MOS
TDG,NORMAL_ENTERPRISE,10,READY,FAIL,PASS,FAIL,FAIL,WATCH,WATCH,PASS,0,3,HIGH_RISK,DETERIORATING_BUSINESS,AVOID
TDH,NORMAL_ENTERPRISE,15,READY,FAIL,FAIL,UNKNOWN,PASS,PASS,PASS,WATCH,0,3,HIGH_RISK,DETERIORATING_BUSINESS,AVOID
TDM,NORMAL_ENTERPRISE,12,READY,WATCH,PASS,UNKNOWN,PASS,PASS,PASS,PASS,0,0,WATCH,AVERAGE_BUSINESS,WAIT_FOR_MOS
TDP,NORMAL_ENTERPRISE,10,READY,WATCH,PASS,UNKNOWN,FAIL,PASS,PASS,PASS,0,1,HIGH_RISK,DETERIORATING_BUSINESS,AVOID
TDS,NORMAL_ENTERPRISE,10,READY,WATCH,WATCH,PASS,WATCH,WATCH,PASS,PASS,0,0,CLEAR,AVERAGE_BUSINESS,BUY
TDT,NORMAL_ENTERPRISE,10,READY,FAIL,PASS,FAIL,WATCH,PASS,WATCH,PASS,0,2,HIGH_RISK,DETERIORATING_BUSINESS,AVOID
TDW,NORMAL_ENTERPRISE,10,READY,PASS,PASS,PASS,FAIL,PASS,PASS,PASS,0,1,HIGH_RISK,DETERIORATING_BUSINESS,AVOID
TED,NORMAL_ENTERPRISE,5,READY,PASS,PASS,PASS,FAIL,PASS,PASS,PASS,0,1,HIGH_RISK,DETERIORATING_BUSINESS,AVOID
TEG,NORMAL_ENTERPRISE,10,READY,FAIL,PASS,FAIL,PASS,WATCH,WATCH,PASS,0,2,HIGH_RISK,DETERIORATING_BUSINESS,AVOID
TET,NORMAL_ENTERPRISE,10,READY,FAIL,PASS,WATCH,PASS,PASS,PASS,PASS,0,1,HIGH_RISK,WEAK_BUSINESS,AVOID
TFC,NORMAL_ENTERPRISE,10,READY,FAIL,FAIL,FAIL,WATCH,WATCH,PASS,PASS,0,3,HIGH_RISK,DETERIORATING_BUSINESS,AVOID
TGG,NORMAL_ENTERPRISE,10,READY,FAIL,FAIL,FAIL,PASS,WATCH,PASS,PASS,0,3,HIGH_RISK,DETERIORATING_BUSINESS,AVOID
TGP,NORMAL_ENTERPRISE,10,READY,FAIL,PASS,FAIL,PASS,WATCH,PASS,PASS,0,2,HIGH_RISK,DETERIORATING_BUSINESS,AVOID
TH1,NORMAL_ENTERPRISE,10,READY,WATCH,FAIL,FAIL,FAIL,WATCH,PASS,PASS,0,3,HIGH_RISK,DETERIORATING_BUSINESS,AVOID
THB,NORMAL_ENTERPRISE,10,READY,FAIL,PASS,PASS,WATCH,WATCH,PASS,PASS,0,1,HIGH_RISK,WEAK_BUSINESS,AVOID
THD,NORMAL_ENTERPRISE,8,READY,FAIL,PASS,UNKNOWN,PASS,PASS,PASS,PASS,0,1,HIGH_RISK,WEAK_BUSINESS,AVOID
THG,NORMAL_ENTERPRISE,15,READY,PASS,PASS,UNKNOWN,PASS,PASS,PASS,PASS,0,0,CLEAR,POTENTIAL_COMPOUNDER,BUY
THM,NORMAL_ENTERPRISE,4,PARTIAL,FAIL,WATCH,PASS,PASS,WATCH,PASS,PASS,0,1,HIGH_RISK,WEAK_BUSINESS,AVOID
THN,NORMAL_ENTERPRISE,10,READY,WATCH,PASS,PASS,PASS,PASS,PASS,PASS,0,0,CLEAR,AVERAGE_BUSINESS,BUY
THP,NORMAL_ENTERPRISE,7,READY,FAIL,PASS,FAIL,FAIL,PASS,WATCH,PASS,0,3,HIGH_RISK,DETERIORATING_BUSINESS,AVOID
THS,NORMAL_ENTERPRISE,10,READY,FAIL,PASS,FAIL,FAIL,WATCH,PASS,PASS,0,3,HIGH_RISK,DETERIORATING_BUSINESS,AVOID
THT,NORMAL_ENTERPRISE,10,READY,WATCH,PASS,PASS,FAIL,PASS,PASS,PASS,0,1,HIGH_RISK,DETERIORATING_BUSINESS,AVOID
THU,NORMAL_ENTERPRISE,10,READY,FAIL,PASS,FAIL,FAIL,WATCH,PASS,PASS,0,3,HIGH_RISK,DETERIORATING_BUSINESS,AVOID
THW,NORMAL_ENTERPRISE,10,READY,WATCH,PASS,FAIL,WATCH,PASS,PASS,PASS,0,1,HIGH_RISK,DETERIORATING_BUSINESS,AVOID
TIE,NORMAL_ENTERPRISE,10,READY,FAIL,FAIL,FAIL,PASS,WATCH,PASS,PASS,0,3,HIGH_RISK,DETERIORATING_BUSINESS,AVOID
TIG,NORMAL_ENTERPRISE,15,READY,FAIL,WATCH,UNKNOWN,PASS,WATCH,PASS,WATCH,0,1,HIGH_RISK,WEAK_BUSINESS,AVOID
TIN,NORMAL_ENTERPRISE,15,READY,FAIL,FAIL,UNKNOWN,PASS,PASS,PASS,PASS,0,2,HIGH_RISK,WEAK_BUSINESS,AVOID
TIP,NORMAL_ENTERPRISE,15,READY,WATCH,PASS,UNKNOWN,PASS,PASS,PASS,WATCH,0,0,WATCH,AVERAGE_BUSINESS,WAIT_FOR_MOS
TIS,NORMAL_ENTERPRISE,10,READY,FAIL,FAIL,PASS,FAIL,WATCH,PASS,PASS,0,3,HIGH_RISK,DETERIORATING_BUSINESS,AVOID
TIX,NORMAL_ENTERPRISE,10,READY,WATCH,PASS,WATCH,PASS,PASS,PASS,PASS,0,0,WATCH,AVERAGE_BUSINESS,WAIT_FOR_MOS
TJC,NORMAL_ENTERPRISE,10,READY,FAIL,FAIL,FAIL,PASS,WATCH,PASS,PASS,0,3,HIGH_RISK,DETERIORATING_BUSINESS,AVOID
TKA,NORMAL_ENTERPRISE,9,READY,PASS,PASS,FAIL,PASS,WATCH,PASS,PASS,0,1,HIGH_RISK,DETERIORATING_BUSINESS,AVOID
TKU,NORMAL_ENTERPRISE,10,READY,WATCH,WATCH,PASS,PASS,WATCH,PASS,PASS,0,0,CLEAR,AVERAGE_BUSINESS,BUY
TL4,NORMAL_ENTERPRISE,10,READY,FAIL,FAIL,FAIL,FAIL,WATCH,PASS,PASS,0,4,HIGH_RISK,DETERIORATING_BUSINESS,AVOID
TLD,NORMAL_ENTERPRISE,12,READY,FAIL,WATCH,UNKNOWN,PASS,WATCH,PASS,PASS,0,1,HIGH_RISK,WEAK_BUSINESS,AVOID
TLG,NORMAL_ENTERPRISE,15,READY,PASS,PASS,UNKNOWN,PASS,PASS,PASS,PASS,0,0,CLEAR,POTENTIAL_COMPOUNDER,BUY
TLH,NORMAL_ENTERPRISE,15,READY,FAIL,FAIL,UNKNOWN,WATCH,WATCH,PASS,PASS,0,2,HIGH_RISK,WEAK_BUSINESS,AVOID
TLP,NORMAL_ENTERPRISE,10,READY,FAIL,PASS,FAIL,FAIL,WATCH,PASS,PASS,0,3,HIGH_RISK,DETERIORATING_BUSINESS,AVOID
TMB,NORMAL_ENTERPRISE,10,READY,PASS,PASS,PASS,FAIL,PASS,WATCH,PASS,0,1,HIGH_RISK,DETERIORATING_BUSINESS,AVOID
TMC,NORMAL_ENTERPRISE,10,READY,FAIL,PASS,FAIL,WATCH,WATCH,PASS,PASS,0,2,HIGH_RISK,DETERIORATING_BUSINESS,AVOID
TMG,NORMAL_ENTERPRISE,10,READY,PASS,PASS,PASS,WATCH,WATCH,PASS,PASS,0,0,CLEAR,AVERAGE_BUSINESS,BUY
TMP,NORMAL_ENTERPRISE,10,READY,PASS,PASS,PASS,PASS,PASS,PASS,PASS,0,0,CLEAR,COMPOUNDER,BUY
TMS,NORMAL_ENTERPRISE,10,READY,WATCH,PASS,WATCH,PASS,PASS,WATCH,PASS,0,0,WATCH,AVERAGE_BUSINESS,WAIT_FOR_MOS
TMT,NORMAL_ENTERPRISE,10,READY,FAIL,WATCH,FAIL,FAIL,WATCH,PASS,PASS,0,3,HIGH_RISK,DETERIORATING_BUSINESS,AVOID
TMW,NORMAL_ENTERPRISE,10,READY,FAIL,FAIL,FAIL,PASS,PASS,PASS,PASS,0,3,HIGH_RISK,DETERIORATING_BUSINESS,AVOID
TMX,NORMAL_ENTERPRISE,10,READY,FAIL,PASS,FAIL,PASS,WATCH,PASS,PASS,0,2,HIGH_RISK,DETERIORATING_BUSINESS,AVOID
TN1,NORMAL_ENTERPRISE,9,READY,PASS,PASS,FAIL,PASS,PASS,WATCH,PASS,0,1,HIGH_RISK,DETERIORATING_BUSINESS,AVOID
TNA,NORMAL_ENTERPRISE,10,READY,FAIL,FAIL,FAIL,FAIL,WATCH,PASS,PASS,0,4,HIGH_RISK,DETERIORATING_BUSINESS,AVOID
TNB,NORMAL_ENTERPRISE,10,READY,FAIL,WATCH,FAIL,WATCH,WATCH,WATCH,PASS,0,2,HIGH_RISK,DETERIORATING_BUSINESS,AVOID
TNC,NORMAL_ENTERPRISE,10,READY,WATCH,PASS,FAIL,PASS,PASS,PASS,PASS,0,1,HIGH_RISK,DETERIORATING_BUSINESS,AVOID
TNG,NORMAL_ENTERPRISE,15,READY,PASS,PASS,UNKNOWN,FAIL,PASS,PASS,PASS,0,1,HIGH_RISK,DETERIORATING_BUSINESS,AVOID
TNH,NORMAL_ENTERPRISE,11,READY,PASS,WATCH,UNKNOWN,PASS,WATCH,PASS,PASS,0,0,WATCH,AVERAGE_BUSINESS,WAIT_FOR_MOS
TNI,NORMAL_ENTERPRISE,12,READY,FAIL,FAIL,UNKNOWN,PASS,WATCH,PASS,PASS,0,2,HIGH_RISK,WEAK_BUSINESS,AVOID
TNP,NORMAL_ENTERPRISE,10,READY,WATCH,PASS,PASS,PASS,PASS,PASS,PASS,0,0,CLEAR,AVERAGE_BUSINESS,BUY
TNS,NORMAL_ENTERPRISE,10,READY,PASS,FAIL,PASS,FAIL,WATCH,PASS,PASS,0,2,HIGH_RISK,DETERIORATING_BUSINESS,AVOID
TNT,NORMAL_ENTERPRISE,15,READY,FAIL,FAIL,UNKNOWN,PASS,PASS,PASS,WATCH,0,2,HIGH_RISK,WEAK_BUSINESS,AVOID
TNW,NORMAL_ENTERPRISE,10,READY,FAIL,FAIL,PASS,FAIL,PASS,PASS,PASS,0,3,HIGH_RISK,DETERIORATING_BUSINESS,AVOID
TOP,NORMAL_ENTERPRISE,9,READY,FAIL,FAIL,FAIL,PASS,WATCH,PASS,PASS,0,3,HIGH_RISK,DETERIORATING_BUSINESS,AVOID
TOS,NORMAL_ENTERPRISE,7,READY,PASS,PASS,UNKNOWN,WATCH,PASS,PASS,PASS,0,0,WATCH,POTENTIAL_COMPOUNDER,WAIT_FOR_MOS
TOT,NORMAL_ENTERPRISE,10,READY,WATCH,WATCH,PASS,WATCH,WATCH,PASS,PASS,0,0,CLEAR,AVERAGE_BUSINESS,BUY
TOW,NORMAL_ENTERPRISE,9,READY,WATCH,PASS,PASS,PASS,PASS,WATCH,PASS,0,0,WATCH,AVERAGE_BUSINESS,WAIT_FOR_MOS
TPB,BANK,15,READY,PASS,PASS,NOT_APPLICABLE,PASS,WATCH,WATCH,PASS,0,0,CLEAR,AVERAGE_BUSINESS,BUY
TPC,NORMAL_ENTERPRISE,10,READY,FAIL,WATCH,FAIL,PASS,WATCH,PASS,PASS,0,2,HIGH_RISK,DETERIORATING_BUSINESS,AVOID
TPP,NORMAL_ENTERPRISE,10,READY,FAIL,PASS,FAIL,FAIL,PASS,WATCH,PASS,0,3,HIGH_RISK,DETERIORATING_BUSINESS,AVOID
TPS,NORMAL_ENTERPRISE,10,READY,PASS,PASS,WATCH,PASS,PASS,WATCH,PASS,0,0,WATCH,POTENTIAL_COMPOUNDER,WAIT_FOR_MOS
TQW,NORMAL_ENTERPRISE,8,READY,FAIL,PASS,WATCH,PASS,PASS,PASS,PASS,0,1,HIGH_RISK,WEAK_BUSINESS,AVOID
TRA,NORMAL_ENTERPRISE,10,READY,PASS,PASS,PASS,PASS,WATCH,PASS,PASS,0,0,CLEAR,AVERAGE_BUSINESS,BUY
TRC,NORMAL_ENTERPRISE,15,READY,FAIL,PASS,UNKNOWN,PASS,WATCH,PASS,PASS,0,1,HIGH_RISK,WEAK_BUSINESS,AVOID
TRS,NORMAL_ENTERPRISE,10,READY,WATCH,PASS,WATCH,WATCH,PASS,WATCH,PASS,0,0,WATCH,AVERAGE_BUSINESS,WAIT_FOR_MOS
TRT,NORMAL_ENTERPRISE,10,READY,WATCH,FAIL,PASS,FAIL,PASS,WATCH,PASS,0,2,HIGH_RISK,DETERIORATING_BUSINESS,AVOID
TRV,NORMAL_ENTERPRISE,2,INSUFFICIENT,FAIL,PASS,PASS,FAIL,PASS,PASS,PASS,0,2,HIGH_RISK,INSUFFICIENT_DATA,AVOID
TSA,NORMAL_ENTERPRISE,4,PARTIAL,FAIL,PASS,UNKNOWN,PASS,PASS,PASS,PASS,0,1,HIGH_RISK,WEAK_BUSINESS,AVOID
TSB,NORMAL_ENTERPRISE,10,READY,FAIL,PASS,PASS,PASS,WATCH,PASS,PASS,0,1,HIGH_RISK,WEAK_BUSINESS,AVOID
TSC,NORMAL_ENTERPRISE,15,READY,FAIL,FAIL,UNKNOWN,PASS,WATCH,PASS,WATCH,0,2,HIGH_RISK,WEAK_BUSINESS,AVOID
TSD,NORMAL_ENTERPRISE,10,READY,FAIL,FAIL,FAIL,FAIL,WATCH,PASS,PASS,0,4,HIGH_RISK,DETERIORATING_BUSINESS,AVOID
TSG,NORMAL_ENTERPRISE,10,READY,PASS,PASS,FAIL,FAIL,WATCH,PASS,PASS,0,2,HIGH_RISK,DETERIORATING_BUSINESS,AVOID
TSJ,NORMAL_ENTERPRISE,10,READY,FAIL,PASS,FAIL,PASS,WATCH,PASS,PASS,0,2,HIGH_RISK,DETERIORATING_BUSINESS,AVOID
TST,NORMAL_ENTERPRISE,10,READY,FAIL,FAIL,FAIL,FAIL,WATCH,PASS,PASS,0,4,HIGH_RISK,DETERIORATING_BUSINESS,AVOID
TT6,NORMAL_ENTERPRISE,3,PARTIAL,FAIL,PASS,PASS,WATCH,WATCH,PASS,PASS,0,1,HIGH_RISK,WEAK_BUSINESS,AVOID
TTA,NORMAL_ENTERPRISE,9,READY,FAIL,PASS,UNKNOWN,PASS,PASS,PASS,PASS,0,1,HIGH_RISK,WEAK_BUSINESS,AVOID
TTB,NORMAL_ENTERPRISE,10,READY,FAIL,FAIL,FAIL,WATCH,WATCH,PASS,PASS,0,3,HIGH_RISK,DETERIORATING_BUSINESS,AVOID
TTC,NORMAL_ENTERPRISE,10,READY,WATCH,PASS,PASS,PASS,WATCH,PASS,PASS,0,0,CLEAR,AVERAGE_BUSINESS,BUY
TTD,NORMAL_ENTERPRISE,10,READY,PASS,PASS,PASS,PASS,PASS,PASS,PASS,0,0,CLEAR,AVERAGE_BUSINESS,BUY
TTE,NORMAL_ENTERPRISE,10,READY,FAIL,FAIL,WATCH,WATCH,PASS,PASS,PASS,0,2,HIGH_RISK,WEAK_BUSINESS,AVOID
TTF,NORMAL_ENTERPRISE,15,READY,FAIL,FAIL,UNKNOWN,FAIL,WATCH,PASS,WATCH,0,3,HIGH_RISK,DETERIORATING_BUSINESS,AVOID
TTG,NORMAL_ENTERPRISE,9,READY,FAIL,FAIL,WATCH,PASS,WATCH,PASS,PASS,0,2,HIGH_RISK,WEAK_BUSINESS,AVOID
TTH,NORMAL_ENTERPRISE,12,READY,FAIL,FAIL,UNKNOWN,PASS,WATCH,PASS,PASS,0,2,HIGH_RISK,WEAK_BUSINESS,AVOID
TTL,NORMAL_ENTERPRISE,10,READY,FAIL,PASS,FAIL,FAIL,WATCH,PASS,PASS,0,3,HIGH_RISK,DETERIORATING_BUSINESS,AVOID
TTN,NORMAL_ENTERPRISE,10,READY,WATCH,PASS,PASS,PASS,PASS,WATCH,PASS,0,0,WATCH,AVERAGE_BUSINESS,WAIT_FOR_MOS
TTS,NORMAL_ENTERPRISE,10,READY,FAIL,PASS,PASS,FAIL,WATCH,PASS,PASS,0,2,HIGH_RISK,DETERIORATING_BUSINESS,AVOID
TTT,NORMAL_ENTERPRISE,10,READY,WATCH,PASS,FAIL,PASS,WATCH,PASS,PASS,0,1,HIGH_RISK,DETERIORATING_BUSINESS,AVOID
TTZ,NORMAL_ENTERPRISE,8,READY,FAIL,FAIL,FAIL,PASS,WATCH,PASS,PASS,0,3,HIGH_RISK,DETERIORATING_BUSINESS,AVOID
TUG,NORMAL_ENTERPRISE,10,READY,PASS,WATCH,PASS,PASS,PASS,WATCH,PASS,0,0,WATCH,AVERAGE_BUSINESS,WAIT_FOR_MOS
TV1,NORMAL_ENTERPRISE,15,READY,WATCH,PASS,UNKNOWN,PASS,PASS,PASS,PASS,0,0,CLEAR,AVERAGE_BUSINESS,BUY
TV2,NORMAL_ENTERPRISE,15,READY,PASS,PASS,UNKNOWN,PASS,PASS,PASS,PASS,0,0,CLEAR,POTENTIAL_COMPOUNDER,BUY
TV3,NORMAL_ENTERPRISE,10,READY,FAIL,PASS,FAIL,PASS,WATCH,WATCH,PASS,0,2,HIGH_RISK,DETERIORATING_BUSINESS,AVOID
TV4,NORMAL_ENTERPRISE,10,READY,FAIL,PASS,FAIL,PASS,PASS,PASS,PASS,0,2,HIGH_RISK,DETERIORATING_BUSINESS,AVOID
TVA,NORMAL_ENTERPRISE,10,READY,WATCH,FAIL,PASS,PASS,PASS,WATCH,PASS,0,1,HIGH_RISK,AVERAGE_BUSINESS,AVOID
TVB,NORMAL_ENTERPRISE,10,READY,WATCH,WATCH,FAIL,PASS,WATCH,WATCH,PASS,0,1,HIGH_RISK,DETERIORATING_BUSINESS,AVOID
TVC,NORMAL_ENTERPRISE,13,READY,FAIL,WATCH,UNKNOWN,PASS,PASS,PASS,WATCH,0,1,HIGH_RISK,WEAK_BUSINESS,AVOID
TVD,NORMAL_ENTERPRISE,15,READY,WATCH,PASS,UNKNOWN,FAIL,WATCH,PASS,PASS,0,1,HIGH_RISK,DETERIORATING_BUSINESS,AVOID
TVG,NORMAL_ENTERPRISE,10,READY,FAIL,FAIL,FAIL,FAIL,WATCH,PASS,PASS,0,4,HIGH_RISK,DETERIORATING_BUSINESS,AVOID
TVH,NORMAL_ENTERPRISE,10,READY,PASS,PASS,FAIL,FAIL,WATCH,PASS,PASS,0,2,HIGH_RISK,DETERIORATING_BUSINESS,AVOID
TVM,NORMAL_ENTERPRISE,10,READY,FAIL,PASS,FAIL,FAIL,WATCH,PASS,PASS,0,3,HIGH_RISK,DETERIORATING_BUSINESS,AVOID
TVN,NORMAL_ENTERPRISE,15,READY,FAIL,FAIL,UNKNOWN,WATCH,WATCH,PASS,WATCH,0,2,HIGH_RISK,WEAK_BUSINESS,AVOID
TVS,NORMAL_ENTERPRISE,15,READY,PASS,WATCH,UNKNOWN,WATCH,WATCH,PASS,WATCH,0,0,WATCH,AVERAGE_BUSINESS,WAIT_FOR_MOS
TVT,NORMAL_ENTERPRISE,10,READY,WATCH,PASS,PASS,WATCH,WATCH,PASS,PASS,0,0,CLEAR,AVERAGE_BUSINESS,BUY
TXM,NORMAL_ENTERPRISE,10,READY,FAIL,FAIL,FAIL,PASS,WATCH,PASS,PASS,0,3,HIGH_RISK,DETERIORATING_BUSINESS,AVOID
TYA,NORMAL_ENTERPRISE,10,READY,WATCH,PASS,FAIL,WATCH,PASS,PASS,PASS,0,1,HIGH_RISK,DETERIORATING_BUSINESS,AVOID
UCT,NORMAL_ENTERPRISE,10,READY,FAIL,FAIL,UNKNOWN,PASS,WATCH,PASS,PASS,0,2,HIGH_RISK,WEAK_BUSINESS,AVOID
UDC,NORMAL_ENTERPRISE,10,READY,FAIL,FAIL,FAIL,FAIL,WATCH,PASS,PASS,0,4,HIGH_RISK,DETERIORATING_BUSINESS,AVOID
UDJ,NORMAL_ENTERPRISE,10,READY,WATCH,PASS,FAIL,PASS,WATCH,PASS,PASS,0,1,HIGH_RISK,DETERIORATING_BUSINESS,AVOID
UDL,NORMAL_ENTERPRISE,10,READY,FAIL,PASS,FAIL,PASS,PASS,PASS,PASS,0,2,HIGH_RISK,DETERIORATING_BUSINESS,AVOID
UEM,NORMAL_ENTERPRISE,10,READY,WATCH,PASS,FAIL,FAIL,WATCH,PASS,PASS,0,2,HIGH_RISK,DETERIORATING_BUSINESS,AVOID
UIC,NORMAL_ENTERPRISE,10,READY,PASS,PASS,PASS,PASS,PASS,PASS,PASS,0,0,CLEAR,AVERAGE_BUSINESS,BUY
ULG,NORMAL_ENTERPRISE,1,INSUFFICIENT,FAIL,PASS,UNKNOWN,PASS,WATCH,PASS,PASS,0,1,HIGH_RISK,INSUFFICIENT_DATA,AVOID
UMC,NORMAL_ENTERPRISE,10,READY,FAIL,WATCH,FAIL,PASS,WATCH,PASS,PASS,0,2,HIGH_RISK,DETERIORATING_BUSINESS,AVOID
UNI,NORMAL_ENTERPRISE,15,READY,FAIL,FAIL,UNKNOWN,PASS,WATCH,PASS,PASS,0,3,HIGH_RISK,DETERIORATING_BUSINESS,AVOID
UPC,NORMAL_ENTERPRISE,10,READY,PASS,PASS,FAIL,FAIL,PASS,PASS,PASS,0,2,HIGH_RISK,DETERIORATING_BUSINESS,AVOID
UPH,NORMAL_ENTERPRISE,10,READY,FAIL,FAIL,FAIL,WATCH,WATCH,PASS,PASS,0,3,HIGH_RISK,DETERIORATING_BUSINESS,AVOID
UPS,NORMAL_ENTERPRISE,5,READY,FAIL,PASS,FAIL,FAIL,PASS,PASS,PASS,0,3,HIGH_RISK,DETERIORATING_BUSINESS,AVOID
USC,NORMAL_ENTERPRISE,10,READY,FAIL,PASS,FAIL,FAIL,WATCH,PASS,PASS,0,3,HIGH_RISK,DETERIORATING_BUSINESS,AVOID
USD,NORMAL_ENTERPRISE,10,READY,PASS,PASS,FAIL,FAIL,PASS,PASS,PASS,0,2,HIGH_RISK,DETERIORATING_BUSINESS,AVOID
UTT,NORMAL_ENTERPRISE,3,PARTIAL,FAIL,FAIL,WATCH,FAIL,WATCH,PASS,PASS,0,3,HIGH_RISK,DETERIORATING_BUSINESS,AVOID
UXC,NORMAL_ENTERPRISE,10,READY,FAIL,FAIL,FAIL,PASS,WATCH,PASS,PASS,0,3,HIGH_RISK,DETERIORATING_BUSINESS,AVOID
V12,NORMAL_ENTERPRISE,10,READY,FAIL,WATCH,FAIL,FAIL,PASS,WATCH,PASS,0,3,HIGH_RISK,DETERIORATING_BUSINESS,AVOID
V21,NORMAL_ENTERPRISE,10,READY,FAIL,FAIL,FAIL,FAIL,WATCH,PASS,PASS,0,4,HIGH_RISK,DETERIORATING_BUSINESS,AVOID
V68,NORMAL_ENTERPRISE,0,INSUFFICIENT,UNKNOWN,UNKNOWN,UNKNOWN,UNKNOWN,UNKNOWN,UNKNOWN,UNKNOWN,0,0,CLEAR,INSUFFICIENT_DATA,REVIEW_BUSINESS
VAB,NORMAL_ENTERPRISE,15,READY,FAIL,PASS,UNKNOWN,PASS,PASS,PASS,PASS,0,1,HIGH_RISK,WEAK_BUSINESS,AVOID
VAF,NORMAL_ENTERPRISE,10,READY,FAIL,PASS,FAIL,WATCH,PASS,PASS,PASS,0,2,HIGH_RISK,DETERIORATING_BUSINESS,AVOID
VAV,NORMAL_ENTERPRISE,10,READY,PASS,PASS,PASS,PASS,PASS,WATCH,PASS,0,0,WATCH,AVERAGE_BUSINESS,WAIT_FOR_MOS
VBC,NORMAL_ENTERPRISE,10,READY,PASS,PASS,PASS,WATCH,WATCH,WATCH,PASS,0,0,WATCH,AVERAGE_BUSINESS,WAIT_FOR_MOS
VBG,NORMAL_ENTERPRISE,10,READY,FAIL,WATCH,FAIL,WATCH,WATCH,PASS,PASS,0,2,HIGH_RISK,DETERIORATING_BUSINESS,AVOID
VBH,NORMAL_ENTERPRISE,10,READY,FAIL,FAIL,FAIL,PASS,WATCH,PASS,PASS,0,3,HIGH_RISK,DETERIORATING_BUSINESS,AVOID
VBT,NORMAL_ENTERPRISE,2,INSUFFICIENT,WATCH,FAIL,FAIL,PASS,WATCH,PASS,PASS,0,2,HIGH_RISK,INSUFFICIENT_DATA,AVOID
VC1,NORMAL_ENTERPRISE,10,READY,FAIL,WATCH,FAIL,FAIL,WATCH,PASS,PASS,0,3,HIGH_RISK,DETERIORATING_BUSINESS,AVOID
VC2,NORMAL_ENTERPRISE,15,READY,FAIL,PASS,UNKNOWN,WATCH,WATCH,PASS,PASS,0,1,HIGH_RISK,WEAK_BUSINESS,AVOID
VC3,NORMAL_ENTERPRISE,15,READY,FAIL,PASS,UNKNOWN,PASS,WATCH,PASS,PASS,0,1,HIGH_RISK,WEAK_BUSINESS,AVOID
VC6,NORMAL_ENTERPRISE,10,READY,FAIL,PASS,FAIL,FAIL,PASS,PASS,PASS,0,3,HIGH_RISK,DETERIORATING_BUSINESS,AVOID
VC7,NORMAL_ENTERPRISE,15,READY,FAIL,PASS,UNKNOWN,PASS,PASS,PASS,PASS,0,1,HIGH_RISK,WEAK_BUSINESS,AVOID
VC9,NORMAL_ENTERPRISE,10,READY,FAIL,FAIL,FAIL,FAIL,WATCH,PASS,PASS,0,4,HIGH_RISK,DETERIORATING_BUSINESS,AVOID
VCA,NORMAL_ENTERPRISE,10,READY,WATCH,FAIL,FAIL,PASS,WATCH,PASS,PASS,0,2,HIGH_RISK,DETERIORATING_BUSINESS,AVOID
VCB,BANK,15,READY,PASS,PASS,NOT_APPLICABLE,PASS,PASS,PASS,PASS,0,0,CLEAR,POTENTIAL_COMPOUNDER,BUY
VCC,NORMAL_ENTERPRISE,10,READY,FAIL,PASS,FAIL,FAIL,WATCH,WATCH,PASS,0,3,HIGH_RISK,DETERIORATING_BUSINESS,AVOID
VCE,NORMAL_ENTERPRISE,10,READY,FAIL,FAIL,FAIL,PASS,WATCH,PASS,PASS,0,3,HIGH_RISK,DETERIORATING_BUSINESS,AVOID
VCF,NORMAL_ENTERPRISE,10,READY,PASS,PASS,PASS,PASS,WATCH,PASS,PASS,0,0,CLEAR,AVERAGE_BUSINESS,BUY
VCG,NORMAL_ENTERPRISE,15,READY,FAIL,PASS,UNKNOWN,PASS,PASS,PASS,WATCH,0,1,HIGH_RISK,WEAK_BUSINESS,AVOID
VCI,SECURITIES,15,READY,PASS,PASS,NOT_APPLICABLE,PASS,PASS,PASS,PASS,0,0,CLEAR,POTENTIAL_COMPOUNDER,BUY
VCK,NORMAL_ENTERPRISE,15,READY,FAIL,PASS,UNKNOWN,PASS,PASS,PASS,PASS,0,1,HIGH_RISK,WEAK_BUSINESS,AVOID
VCM,NORMAL_ENTERPRISE,10,READY,WATCH,WATCH,FAIL,PASS,PASS,WATCH,PASS,0,1,HIGH_RISK,DETERIORATING_BUSINESS,AVOID
VCP,NORMAL_ENTERPRISE,10,READY,PASS,PASS,PASS,FAIL,PASS,WATCH,PASS,0,1,HIGH_RISK,DETERIORATING_BUSINESS,AVOID
VCR,NORMAL_ENTERPRISE,10,READY,FAIL,FAIL,FAIL,FAIL,WATCH,PASS,PASS,0,4,HIGH_RISK,DETERIORATING_BUSINESS,AVOID
VCS,NORMAL_ENTERPRISE,15,READY,PASS,PASS,UNKNOWN,PASS,PASS,PASS,PASS,0,0,CLEAR,POTENTIAL_COMPOUNDER,BUY
VCT,NORMAL_ENTERPRISE,9,READY,FAIL,FAIL,PASS,PASS,WATCH,PASS,PASS,0,2,HIGH_RISK,WEAK_BUSINESS,AVOID
VCX,NORMAL_ENTERPRISE,10,READY,WATCH,PASS,PASS,WATCH,WATCH,PASS,PASS,0,0,CLEAR,AVERAGE_BUSINESS,BUY
VDB,NORMAL_ENTERPRISE,8,READY,PASS,PASS,PASS,FAIL,PASS,WATCH,PASS,0,1,HIGH_RISK,DETERIORATING_BUSINESS,AVOID
VDG,NORMAL_ENTERPRISE,5,READY,FAIL,WATCH,FAIL,WATCH,WATCH,PASS,PASS,0,2,HIGH_RISK,DETERIORATING_BUSINESS,AVOID
VDL,NORMAL_ENTERPRISE,10,READY,FAIL,FAIL,PASS,PASS,WATCH,PASS,PASS,0,2,HIGH_RISK,WEAK_BUSINESS,AVOID
VDN,NORMAL_ENTERPRISE,10,READY,WATCH,FAIL,PASS,FAIL,WATCH,PASS,PASS,0,2,HIGH_RISK,DETERIORATING_BUSINESS,AVOID
VDP,NORMAL_ENTERPRISE,10,READY,WATCH,PASS,FAIL,PASS,WATCH,WATCH,PASS,0,1,HIGH_RISK,DETERIORATING_BUSINESS,AVOID
VDS,SECURITIES,15,READY,FAIL,FAIL,NOT_APPLICABLE,PASS,WATCH,WATCH,PASS,0,1,HIGH_RISK,WEAK_BUSINESS,AVOID
VDT,NORMAL_ENTERPRISE,10,READY,WATCH,PASS,PASS,PASS,WATCH,PASS,PASS,0,0,CLEAR,AVERAGE_BUSINESS,BUY
VE1,NORMAL_ENTERPRISE,10,READY,FAIL,FAIL,FAIL,PASS,WATCH,PASS,PASS,0,3,HIGH_RISK,DETERIORATING_BUSINESS,AVOID
VE3,NORMAL_ENTERPRISE,10,READY,FAIL,FAIL,FAIL,FAIL,PASS,WATCH,PASS,0,4,HIGH_RISK,DETERIORATING_BUSINESS,AVOID
VE4,NORMAL_ENTERPRISE,10,READY,FAIL,FAIL,FAIL,FAIL,WATCH,PASS,PASS,0,4,HIGH_RISK,DETERIORATING_BUSINESS,AVOID
VE8,NORMAL_ENTERPRISE,10,READY,FAIL,FAIL,FAIL,PASS,WATCH,PASS,PASS,0,3,HIGH_RISK,DETERIORATING_BUSINESS,AVOID
VE9,NORMAL_ENTERPRISE,10,READY,FAIL,FAIL,FAIL,PASS,WATCH,PASS,PASS,0,3,HIGH_RISK,DETERIORATING_BUSINESS,AVOID
VEA,NORMAL_ENTERPRISE,15,READY,PASS,PASS,UNKNOWN,PASS,PASS,PASS,WATCH,0,0,WATCH,POTENTIAL_COMPOUNDER,WAIT_FOR_MOS
VEC,NORMAL_ENTERPRISE,10,READY,FAIL,WATCH,PASS,PASS,PASS,PASS,PASS,0,1,HIGH_RISK,WEAK_BUSINESS,AVOID
VEF,NORMAL_ENTERPRISE,10,READY,WATCH,PASS,FAIL,FAIL,PASS,PASS,PASS,0,2,HIGH_RISK,DETERIORATING_BUSINESS,AVOID
VES,NORMAL_ENTERPRISE,10,READY,FAIL,FAIL,PASS,PASS,WATCH,PASS,PASS,0,2,HIGH_RISK,WEAK_BUSINESS,AVOID
VET,NORMAL_ENTERPRISE,10,READY,PASS,WATCH,FAIL,WATCH,WATCH,PASS,PASS,0,1,HIGH_RISK,DETERIORATING_BUSINESS,AVOID
VFC,NORMAL_ENTERPRISE,10,READY,FAIL,WATCH,PASS,PASS,WATCH,PASS,PASS,0,1,HIGH_RISK,WEAK_BUSINESS,AVOID
VFG,NORMAL_ENTERPRISE,10,READY,PASS,PASS,FAIL,PASS,PASS,WATCH,PASS,0,1,HIGH_RISK,DETERIORATING_BUSINESS,AVOID
VFR,NORMAL_ENTERPRISE,10,READY,FAIL,FAIL,FAIL,PASS,WATCH,PASS,PASS,0,3,HIGH_RISK,DETERIORATING_BUSINESS,AVOID
VFS,NORMAL_ENTERPRISE,15,READY,FAIL,WATCH,UNKNOWN,FAIL,WATCH,PASS,PASS,0,2,HIGH_RISK,DETERIORATING_BUSINESS,AVOID
VGC,NORMAL_ENTERPRISE,15,READY,WATCH,PASS,UNKNOWN,PASS,PASS,PASS,WATCH,0,0,WATCH,AVERAGE_BUSINESS,WAIT_FOR_MOS
VGG,NORMAL_ENTERPRISE,10,READY,PASS,PASS,WATCH,WATCH,WATCH,PASS,PASS,0,0,WATCH,AVERAGE_BUSINESS,WAIT_FOR_MOS
VGI,NORMAL_ENTERPRISE,15,READY,FAIL,FAIL,UNKNOWN,PASS,PASS,PASS,WATCH,0,2,HIGH_RISK,WEAK_BUSINESS,AVOID
VGL,NORMAL_ENTERPRISE,10,READY,WATCH,PASS,PASS,PASS,WATCH,PASS,PASS,0,0,CLEAR,AVERAGE_BUSINESS,BUY
VGP,NORMAL_ENTERPRISE,10,READY,FAIL,PASS,FAIL,FAIL,PASS,PASS,PASS,0,3,HIGH_RISK,DETERIORATING_BUSINESS,AVOID
VGR,NORMAL_ENTERPRISE,11,READY,PASS,WATCH,UNKNOWN,PASS,WATCH,PASS,PASS,0,0,CLEAR,AVERAGE_BUSINESS,BUY
VGS,NORMAL_ENTERPRISE,15,READY,WATCH,PASS,UNKNOWN,PASS,PASS,PASS,PASS,0,0,CLEAR,AVERAGE_BUSINESS,BUY
VGT,NORMAL_ENTERPRISE,15,READY,FAIL,PASS,UNKNOWN,PASS,WATCH,PASS,WATCH,0,1,HIGH_RISK,WEAK_BUSINESS,AVOID
VGV,NORMAL_ENTERPRISE,10,READY,FAIL,PASS,FAIL,FAIL,WATCH,PASS,PASS,0,3,HIGH_RISK,DETERIORATING_BUSINESS,AVOID
VHC,NORMAL_ENTERPRISE,15,READY,PASS,PASS,UNKNOWN,PASS,PASS,PASS,WATCH,0,0,WATCH,AVERAGE_BUSINESS,WAIT_FOR_MOS
VHD,NORMAL_ENTERPRISE,10,READY,FAIL,FAIL,FAIL,PASS,WATCH,PASS,PASS,0,3,HIGH_RISK,DETERIORATING_BUSINESS,AVOID
VHE,NORMAL_ENTERPRISE,10,READY,FAIL,PASS,UNKNOWN,PASS,PASS,PASS,PASS,0,1,HIGH_RISK,WEAK_BUSINESS,AVOID
VHF,NORMAL_ENTERPRISE,10,READY,FAIL,FAIL,FAIL,PASS,WATCH,PASS,PASS,0,3,HIGH_RISK,DETERIORATING_BUSINESS,AVOID
VHG,NORMAL_ENTERPRISE,15,READY,FAIL,FAIL,UNKNOWN,PASS,WATCH,PASS,WATCH,0,3,HIGH_RISK,DETERIORATING_BUSINESS,AVOID
VHH,NORMAL_ENTERPRISE,10,READY,FAIL,FAIL,FAIL,FAIL,WATCH,PASS,PASS,0,4,HIGH_RISK,DETERIORATING_BUSINESS,AVOID
VHL,NORMAL_ENTERPRISE,10,READY,WATCH,FAIL,PASS,PASS,WATCH,PASS,PASS,0,1,HIGH_RISK,AVERAGE_BUSINESS,AVOID
VHM,NORMAL_ENTERPRISE,15,READY,PASS,PASS,UNKNOWN,PASS,PASS,PASS,PASS,0,0,CLEAR,POTENTIAL_COMPOUNDER,BUY
VIB,BANK,15,READY,PASS,PASS,NOT_APPLICABLE,PASS,PASS,PASS,PASS,0,0,CLEAR,POTENTIAL_COMPOUNDER,BUY
VIC,NORMAL_ENTERPRISE,15,READY,FAIL,WATCH,UNKNOWN,FAIL,PASS,PASS,WATCH,0,2,HIGH_RISK,DETERIORATING_BUSINESS,AVOID
VID,NORMAL_ENTERPRISE,10,READY,FAIL,PASS,FAIL,PASS,WATCH,PASS,PASS,0,2,HIGH_RISK,DETERIORATING_BUSINESS,AVOID
VIE,NORMAL_ENTERPRISE,10,READY,FAIL,FAIL,FAIL,FAIL,WATCH,PASS,PASS,0,4,HIGH_RISK,DETERIORATING_BUSINESS,AVOID
VIF,NORMAL_ENTERPRISE,10,READY,FAIL,PASS,FAIL,PASS,WATCH,PASS,PASS,0,2,HIGH_RISK,DETERIORATING_BUSINESS,AVOID
VIG,NORMAL_ENTERPRISE,10,READY,FAIL,FAIL,FAIL,PASS,WATCH,PASS,PASS,0,3,HIGH_RISK,DETERIORATING_BUSINESS,AVOID
VIM,NORMAL_ENTERPRISE,10,READY,PASS,PASS,FAIL,WATCH,WATCH,PASS,PASS,0,1,HIGH_RISK,DETERIORATING_BUSINESS,AVOID
VIN,NORMAL_ENTERPRISE,10,READY,WATCH,PASS,FAIL,PASS,WATCH,PASS,PASS,0,1,HIGH_RISK,DETERIORATING_BUSINESS,AVOID
VIP,NORMAL_ENTERPRISE,15,READY,FAIL,PASS,UNKNOWN,PASS,WATCH,PASS,PASS,0,1,HIGH_RISK,WEAK_BUSINESS,AVOID
VIR,NORMAL_ENTERPRISE,10,READY,FAIL,FAIL,FAIL,FAIL,WATCH,PASS,PASS,0,4,HIGH_RISK,DETERIORATING_BUSINESS,AVOID
VIT,NORMAL_ENTERPRISE,10,READY,PASS,WATCH,FAIL,FAIL,WATCH,WATCH,PASS,0,2,HIGH_RISK,DETERIORATING_BUSINESS,AVOID
VIW,NORMAL_ENTERPRISE,15,READY,FAIL,FAIL,UNKNOWN,PASS,WATCH,PASS,WATCH,0,2,HIGH_RISK,WEAK_BUSINESS,AVOID
VIX,SECURITIES,15,READY,PASS,PASS,NOT_APPLICABLE,PASS,PASS,PASS,PASS,0,0,CLEAR,WEAK_BUSINESS,BUY
VJC,NORMAL_ENTERPRISE,13,READY,FAIL,WATCH,UNKNOWN,FAIL,PASS,PASS,PASS,0,2,HIGH_RISK,DETERIORATING_BUSINESS,AVOID
VKC,NORMAL_ENTERPRISE,10,READY,FAIL,FAIL,FAIL,PASS,WATCH,PASS,PASS,0,3,HIGH_RISK,DETERIORATING_BUSINESS,AVOID
VLA,NORMAL_ENTERPRISE,10,READY,FAIL,FAIL,FAIL,PASS,WATCH,WATCH,PASS,0,3,HIGH_RISK,DETERIORATING_BUSINESS,AVOID
VLB,NORMAL_ENTERPRISE,15,READY,PASS,WATCH,UNKNOWN,PASS,PASS,PASS,PASS,0,0,CLEAR,POTENTIAL_COMPOUNDER,BUY
VLC,NORMAL_ENTERPRISE,13,READY,FAIL,PASS,UNKNOWN,PASS,WATCH,PASS,WATCH,0,1,HIGH_RISK,WEAK_BUSINESS,AVOID
VLG,NORMAL_ENTERPRISE,10,READY,FAIL,WATCH,FAIL,PASS,WATCH,PASS,PASS,0,2,HIGH_RISK,DETERIORATING_BUSINESS,AVOID
VLP,NORMAL_ENTERPRISE,10,READY,PASS,PASS,FAIL,PASS,WATCH,PASS,PASS,0,1,HIGH_RISK,DETERIORATING_BUSINESS,AVOID
VLS,NORMAL_ENTERPRISE,3,PARTIAL,FAIL,FAIL,FAIL,FAIL,PASS,PASS,PASS,0,4,HIGH_RISK,DETERIORATING_BUSINESS,AVOID
VLW,NORMAL_ENTERPRISE,9,READY,PASS,PASS,PASS,PASS,PASS,PASS,PASS,0,0,CLEAR,AVERAGE_BUSINESS,BUY
VMA,NORMAL_ENTERPRISE,10,READY,WATCH,PASS,WATCH,FAIL,WATCH,PASS,PASS,0,1,HIGH_RISK,DETERIORATING_BUSINESS,AVOID
VMC,NORMAL_ENTERPRISE,10,READY,FAIL,WATCH,FAIL,FAIL,WATCH,PASS,PASS,0,3,HIGH_RISK,DETERIORATING_BUSINESS,AVOID
VMD,NORMAL_ENTERPRISE,10,READY,FAIL,PASS,WATCH,FAIL,PASS,PASS,PASS,0,2,HIGH_RISK,DETERIORATING_BUSINESS,AVOID
VMG,NORMAL_ENTERPRISE,10,READY,FAIL,FAIL,FAIL,PASS,WATCH,PASS,PASS,0,3,HIGH_RISK,DETERIORATING_BUSINESS,AVOID
VMK,NORMAL_ENTERPRISE,4,PARTIAL,FAIL,PASS,PASS,PASS,PASS,WATCH,PASS,0,1,HIGH_RISK,WEAK_BUSINESS,AVOID
VMS,NORMAL_ENTERPRISE,10,READY,FAIL,PASS,WATCH,PASS,PASS,PASS,PASS,0,1,HIGH_RISK,WEAK_BUSINESS,AVOID
VMT,NORMAL_ENTERPRISE,8,READY,WATCH,FAIL,FAIL,PASS,WATCH,WATCH,PASS,0,2,HIGH_RISK,DETERIORATING_BUSINESS,AVOID
VNA,NORMAL_ENTERPRISE,10,READY,WATCH,FAIL,PASS,PASS,WATCH,PASS,PASS,0,1,HIGH_RISK,AVERAGE_BUSINESS,AVOID
VNB,NORMAL_ENTERPRISE,10,READY,FAIL,PASS,FAIL,PASS,PASS,PASS,PASS,0,2,HIGH_RISK,DETERIORATING_BUSINESS,AVOID
VNC,NORMAL_ENTERPRISE,10,READY,PASS,PASS,PASS,PASS,PASS,WATCH,PASS,0,0,WATCH,AVERAGE_BUSINESS,WAIT_FOR_MOS
VND,SECURITIES,15,READY,PASS,PASS,NOT_APPLICABLE,PASS,WATCH,WATCH,PASS,0,0,CLEAR,WEAK_BUSINESS,BUY
VNE,NORMAL_ENTERPRISE,15,READY,FAIL,FAIL,UNKNOWN,FAIL,PASS,PASS,WATCH,0,3,HIGH_RISK,DETERIORATING_BUSINESS,AVOID
VNF,NORMAL_ENTERPRISE,10,READY,WATCH,PASS,FAIL,PASS,WATCH,WATCH,PASS,0,1,HIGH_RISK,DETERIORATING_BUSINESS,AVOID
VNG,NORMAL_ENTERPRISE,10,READY,FAIL,PASS,FAIL,FAIL,WATCH,WATCH,PASS,0,3,HIGH_RISK,DETERIORATING_BUSINESS,AVOID
VNH,NORMAL_ENTERPRISE,10,READY,PASS,FAIL,FAIL,PASS,WATCH,PASS,PASS,0,2,HIGH_RISK,DETERIORATING_BUSINESS,AVOID
VNI,NORMAL_ENTERPRISE,10,READY,FAIL,FAIL,PASS,FAIL,WATCH,PASS,PASS,0,3,HIGH_RISK,DETERIORATING_BUSINESS,AVOID
VNL,NORMAL_ENTERPRISE,10,READY,WATCH,PASS,FAIL,PASS,PASS,WATCH,PASS,0,1,HIGH_RISK,DETERIORATING_BUSINESS,AVOID
VNM,NORMAL_ENTERPRISE,15,READY,PASS,PASS,UNKNOWN,PASS,PASS,PASS,PASS,0,0,CLEAR,AVERAGE_BUSINESS,BUY
VNP,NORMAL_ENTERPRISE,15,READY,FAIL,FAIL,UNKNOWN,PASS,PASS,PASS,PASS,0,3,HIGH_RISK,DETERIORATING_BUSINESS,AVOID
VNR,NORMAL_ENTERPRISE,10,READY,WATCH,PASS,FAIL,WATCH,PASS,PASS,PASS,0,1,HIGH_RISK,DETERIORATING_BUSINESS,AVOID
VNS,NORMAL_ENTERPRISE,10,READY,FAIL,FAIL,PASS,PASS,WATCH,PASS,PASS,0,2,HIGH_RISK,WEAK_BUSINESS,AVOID
VNT,NORMAL_ENTERPRISE,10,READY,FAIL,FAIL,FAIL,FAIL,WATCH,WATCH,PASS,0,4,HIGH_RISK,DETERIORATING_BUSINESS,AVOID
VNX,NORMAL_ENTERPRISE,10,READY,PASS,PASS,FAIL,PASS,PASS,WATCH,PASS,0,1,HIGH_RISK,DETERIORATING_BUSINESS,AVOID
VNY,NORMAL_ENTERPRISE,10,READY,FAIL,FAIL,PASS,PASS,WATCH,PASS,PASS,0,2,HIGH_RISK,WEAK_BUSINESS,AVOID
VNZ,NORMAL_ENTERPRISE,5,READY,FAIL,FAIL,UNKNOWN,FAIL,WATCH,PASS,PASS,0,3,HIGH_RISK,DETERIORATING_BUSINESS,AVOID
VOS,NORMAL_ENTERPRISE,15,READY,FAIL,FAIL,UNKNOWN,PASS,PASS,PASS,PASS,0,2,HIGH_RISK,WEAK_BUSINESS,AVOID
VPA,NORMAL_ENTERPRISE,10,READY,FAIL,FAIL,FAIL,PASS,WATCH,PASS,PASS,0,3,HIGH_RISK,DETERIORATING_BUSINESS,AVOID
VPB,BANK,15,READY,WATCH,WATCH,NOT_APPLICABLE,PASS,PASS,PASS,PASS,0,0,CLEAR,AVERAGE_BUSINESS,BUY
VPC,NORMAL_ENTERPRISE,9,READY,FAIL,FAIL,PASS,PASS,WATCH,PASS,PASS,0,2,HIGH_RISK,WEAK_BUSINESS,AVOID
VPD,NORMAL_ENTERPRISE,10,READY,WATCH,PASS,WATCH,PASS,PASS,PASS,PASS,0,0,WATCH,AVERAGE_BUSINESS,WAIT_FOR_MOS
VPG,NORMAL_ENTERPRISE,11,READY,FAIL,WATCH,UNKNOWN,FAIL,WATCH,PASS,PASS,0,2,HIGH_RISK,DETERIORATING_BUSINESS,AVOID
VPH,NORMAL_ENTERPRISE,10,READY,FAIL,FAIL,FAIL,WATCH,WATCH,PASS,PASS,0,3,HIGH_RISK,DETERIORATING_BUSINESS,AVOID
VPI,NORMAL_ENTERPRISE,11,READY,WATCH,WATCH,UNKNOWN,WATCH,WATCH,PASS,PASS,0,0,CLEAR,AVERAGE_BUSINESS,BUY
VPL,NORMAL_ENTERPRISE,14,READY,FAIL,FAIL,UNKNOWN,PASS,WATCH,PASS,WATCH,0,3,HIGH_RISK,DETERIORATING_BUSINESS,AVOID
VPR,NORMAL_ENTERPRISE,10,READY,FAIL,PASS,FAIL,PASS,WATCH,PASS,PASS,0,2,HIGH_RISK,DETERIORATING_BUSINESS,AVOID
VPS,NORMAL_ENTERPRISE,10,READY,FAIL,PASS,PASS,PASS,WATCH,PASS,PASS,0,1,HIGH_RISK,WEAK_BUSINESS,AVOID
VPW,NORMAL_ENTERPRISE,10,READY,FAIL,PASS,PASS,WATCH,PASS,PASS,PASS,0,1,HIGH_RISK,WEAK_BUSINESS,AVOID
VPX,NORMAL_ENTERPRISE,15,READY,FAIL,FAIL,UNKNOWN,WATCH,WATCH,PASS,PASS,0,2,HIGH_RISK,WEAK_BUSINESS,AVOID
VQC,NORMAL_ENTERPRISE,10,READY,WATCH,PASS,PASS,PASS,WATCH,PASS,PASS,0,0,CLEAR,AVERAGE_BUSINESS,BUY
VRC,NORMAL_ENTERPRISE,15,READY,FAIL,WATCH,UNKNOWN,PASS,WATCH,PASS,PASS,0,2,HIGH_RISK,DETERIORATING_BUSINESS,AVOID
VRE,NORMAL_ENTERPRISE,14,READY,FAIL,PASS,UNKNOWN,PASS,PASS,PASS,WATCH,0,1,HIGH_RISK,WEAK_BUSINESS,AVOID
VRG,NORMAL_ENTERPRISE,10,READY,FAIL,WATCH,FAIL,FAIL,WATCH,PASS,PASS,0,3,HIGH_RISK,DETERIORATING_BUSINESS,AVOID
VSA,NORMAL_ENTERPRISE,10,READY,WATCH,PASS,FAIL,WATCH,WATCH,PASS,PASS,0,1,HIGH_RISK,DETERIORATING_BUSINESS,AVOID
VSC,NORMAL_ENTERPRISE,15,READY,WATCH,PASS,UNKNOWN,WATCH,WATCH,PASS,PASS,0,0,CLEAR,AVERAGE_BUSINESS,BUY
VSE,NORMAL_ENTERPRISE,10,READY,FAIL,WATCH,FAIL,PASS,WATCH,PASS,PASS,0,2,HIGH_RISK,DETERIORATING_BUSINESS,AVOID
VSF,NORMAL_ENTERPRISE,9,READY,FAIL,FAIL,FAIL,FAIL,WATCH,PASS,PASS,0,4,HIGH_RISK,DETERIORATING_BUSINESS,AVOID
VSG,NORMAL_ENTERPRISE,10,READY,PASS,FAIL,UNKNOWN,PASS,WATCH,PASS,PASS,0,1,HIGH_RISK,WEAK_BUSINESS,AVOID
VSH,NORMAL_ENTERPRISE,10,READY,FAIL,PASS,PASS,PASS,PASS,PASS,PASS,0,1,HIGH_RISK,WEAK_BUSINESS,AVOID
VSI,NORMAL_ENTERPRISE,10,READY,WATCH,PASS,PASS,FAIL,WATCH,PASS,PASS,0,1,HIGH_RISK,DETERIORATING_BUSINESS,AVOID
VSM,NORMAL_ENTERPRISE,10,READY,PASS,PASS,PASS,PASS,WATCH,WATCH,PASS,0,0,WATCH,AVERAGE_BUSINESS,WAIT_FOR_MOS
VSN,NORMAL_ENTERPRISE,10,READY,WATCH,PASS,FAIL,PASS,WATCH,PASS,PASS,0,1,HIGH_RISK,DETERIORATING_BUSINESS,AVOID
VST,NORMAL_ENTERPRISE,10,READY,PASS,FAIL,WATCH,PASS,WATCH,PASS,PASS,0,1,HIGH_RISK,WEAK_BUSINESS,AVOID
VTA,NORMAL_ENTERPRISE,10,READY,FAIL,FAIL,PASS,PASS,WATCH,PASS,PASS,0,2,HIGH_RISK,WEAK_BUSINESS,AVOID
VTB,NORMAL_ENTERPRISE,10,READY,FAIL,PASS,PASS,PASS,WATCH,PASS,PASS,0,1,HIGH_RISK,WEAK_BUSINESS,AVOID
VTC,NORMAL_ENTERPRISE,10,READY,WATCH,WATCH,FAIL,FAIL,WATCH,PASS,PASS,0,2,HIGH_RISK,DETERIORATING_BUSINESS,AVOID
VTD,NORMAL_ENTERPRISE,9,READY,FAIL,FAIL,UNKNOWN,PASS,WATCH,PASS,PASS,0,2,HIGH_RISK,WEAK_BUSINESS,AVOID
VTE,NORMAL_ENTERPRISE,10,READY,FAIL,WATCH,PASS,WATCH,WATCH,PASS,PASS,0,1,HIGH_RISK,WEAK_BUSINESS,AVOID
VTG,NORMAL_ENTERPRISE,10,READY,FAIL,FAIL,FAIL,PASS,WATCH,PASS,PASS,0,3,HIGH_RISK,DETERIORATING_BUSINESS,AVOID
VTH,NORMAL_ENTERPRISE,10,READY,FAIL,FAIL,FAIL,FAIL,PASS,WATCH,PASS,0,4,HIGH_RISK,DETERIORATING_BUSINESS,AVOID
VTI,NORMAL_ENTERPRISE,10,READY,PASS,FAIL,PASS,PASS,WATCH,PASS,PASS,0,1,HIGH_RISK,WEAK_BUSINESS,AVOID
VTJ,NORMAL_ENTERPRISE,10,READY,FAIL,FAIL,FAIL,PASS,WATCH,PASS,PASS,0,3,HIGH_RISK,DETERIORATING_BUSINESS,AVOID
VTK,NORMAL_ENTERPRISE,10,READY,PASS,PASS,FAIL,WATCH,PASS,WATCH,PASS,0,1,HIGH_RISK,DETERIORATING_BUSINESS,AVOID
VTM,NORMAL_ENTERPRISE,10,READY,WATCH,WATCH,PASS,FAIL,WATCH,PASS,PASS,0,1,HIGH_RISK,DETERIORATING_BUSINESS,AVOID
VTO,NORMAL_ENTERPRISE,15,READY,FAIL,PASS,UNKNOWN,PASS,WATCH,PASS,PASS,0,1,HIGH_RISK,WEAK_BUSINESS,AVOID
VTP,NORMAL_ENTERPRISE,15,READY,PASS,PASS,UNKNOWN,WATCH,PASS,PASS,PASS,0,0,CLEAR,POTENTIAL_COMPOUNDER,BUY
VTQ,NORMAL_ENTERPRISE,7,READY,FAIL,FAIL,FAIL,PASS,PASS,PASS,PASS,0,3,HIGH_RISK,DETERIORATING_BUSINESS,AVOID
VTR,NORMAL_ENTERPRISE,10,READY,PASS,FAIL,FAIL,FAIL,WATCH,WATCH,PASS,0,3,HIGH_RISK,DETERIORATING_BUSINESS,AVOID
VTV,NORMAL_ENTERPRISE,15,READY,FAIL,WATCH,UNKNOWN,PASS,WATCH,PASS,PASS,0,1,HIGH_RISK,WEAK_BUSINESS,AVOID
VTX,NORMAL_ENTERPRISE,10,READY,FAIL,FAIL,FAIL,FAIL,WATCH,PASS,PASS,0,4,HIGH_RISK,DETERIORATING_BUSINESS,AVOID
VUA,NORMAL_ENTERPRISE,10,READY,FAIL,FAIL,FAIL,PASS,WATCH,PASS,PASS,0,3,HIGH_RISK,DETERIORATING_BUSINESS,AVOID
VVN,NORMAL_ENTERPRISE,10,READY,PASS,FAIL,FAIL,PASS,WATCH,PASS,PASS,0,2,HIGH_RISK,DETERIORATING_BUSINESS,AVOID
VVS,NORMAL_ENTERPRISE,6,READY,WATCH,PASS,UNKNOWN,WATCH,PASS,PASS,PASS,0,0,CLEAR,AVERAGE_BUSINESS,BUY
VWS,NORMAL_ENTERPRISE,9,READY,FAIL,PASS,FAIL,FAIL,WATCH,PASS,PASS,0,3,HIGH_RISK,DETERIORATING_BUSINESS,AVOID
VXB,NORMAL_ENTERPRISE,9,READY,FAIL,FAIL,FAIL,PASS,WATCH,PASS,PASS,0,3,HIGH_RISK,DETERIORATING_BUSINESS,AVOID
VXP,NORMAL_ENTERPRISE,10,READY,WATCH,FAIL,FAIL,FAIL,WATCH,PASS,PASS,0,3,HIGH_RISK,DETERIORATING_BUSINESS,AVOID
VXT,NORMAL_ENTERPRISE,10,READY,WATCH,PASS,FAIL,PASS,WATCH,WATCH,PASS,0,1,HIGH_RISK,DETERIORATING_BUSINESS,AVOID
WCS,NORMAL_ENTERPRISE,10,READY,PASS,PASS,WATCH,PASS,WATCH,PASS,PASS,0,0,WATCH,AVERAGE_BUSINESS,WAIT_FOR_MOS
WSB,NORMAL_ENTERPRISE,10,READY,PASS,PASS,PASS,PASS,WATCH,PASS,PASS,0,0,CLEAR,AVERAGE_BUSINESS,BUY
WSS,NORMAL_ENTERPRISE,10,READY,FAIL,FAIL,FAIL,PASS,PASS,PASS,PASS,0,3,HIGH_RISK,DETERIORATING_BUSINESS,AVOID
WTC,NORMAL_ENTERPRISE,10,READY,PASS,PASS,FAIL,FAIL,WATCH,WATCH,PASS,0,2,HIGH_RISK,DETERIORATING_BUSINESS,AVOID
X20,NORMAL_ENTERPRISE,9,READY,FAIL,FAIL,PASS,WATCH,PASS,PASS,PASS,0,2,HIGH_RISK,WEAK_BUSINESS,AVOID
X77,NORMAL_ENTERPRISE,1,INSUFFICIENT,PASS,FAIL,UNKNOWN,PASS,WATCH,PASS,PASS,0,1,HIGH_RISK,INSUFFICIENT_DATA,AVOID
XDH,NORMAL_ENTERPRISE,10,READY,PASS,PASS,FAIL,PASS,WATCH,WATCH,PASS,0,1,HIGH_RISK,DETERIORATING_BUSINESS,AVOID
XHC,NORMAL_ENTERPRISE,10,READY,PASS,PASS,FAIL,PASS,WATCH,PASS,PASS,0,1,HIGH_RISK,DETERIORATING_BUSINESS,AVOID
XLV,NORMAL_ENTERPRISE,10,READY,WATCH,PASS,FAIL,FAIL,PASS,PASS,PASS,0,2,HIGH_RISK,DETERIORATING_BUSINESS,AVOID
XMC,NORMAL_ENTERPRISE,10,READY,WATCH,PASS,PASS,FAIL,WATCH,WATCH,PASS,0,1,HIGH_RISK,DETERIORATING_BUSINESS,AVOID
XMD,NORMAL_ENTERPRISE,10,READY,FAIL,FAIL,FAIL,FAIL,WATCH,PASS,PASS,0,4,HIGH_RISK,DETERIORATING_BUSINESS,AVOID
XMP,NORMAL_ENTERPRISE,8,READY,WATCH,WATCH,PASS,WATCH,WATCH,PASS,PASS,0,0,CLEAR,AVERAGE_BUSINESS,BUY
XPH,NORMAL_ENTERPRISE,10,READY,FAIL,FAIL,UNKNOWN,PASS,WATCH,PASS,PASS,0,2,HIGH_RISK,WEAK_BUSINESS,AVOID
YBC,NORMAL_ENTERPRISE,10,READY,FAIL,PASS,PASS,FAIL,PASS,WATCH,PASS,0,2,HIGH_RISK,DETERIORATING_BUSINESS,AVOID
YBM,NORMAL_ENTERPRISE,10,READY,FAIL,PASS,FAIL,FAIL,WATCH,PASS,PASS,0,3,HIGH_RISK,DETERIORATING_BUSINESS,AVOID
YEG,NORMAL_ENTERPRISE,14,READY,FAIL,FAIL,UNKNOWN,PASS,PASS,PASS,WATCH,0,2,HIGH_RISK,WEAK_BUSINESS,AVOID
YTC,NORMAL_ENTERPRISE,9,READY,PASS,PASS,PASS,FAIL,WATCH,WATCH,PASS,0,1,HIGH_RISK,DETERIORATING_BUSINESS,AVOID
