symbol,archetype,readiness,q1_status,q2_status,q3_status,q4_status,q5_status,q6_status,q7_status,q8_status,challenge_status,core_decision,decision_contradiction,missing_data_count
AAA,NORMAL_ENTERPRISE,READY,VULNERABLE,VULNERABLE,INSUFFICIENT_DATA,INSUFFICIENT_DATA,INSUFFICIENT_DATA,WATCH,VULNERABLE,RESILIENT,HIGH_RISK,AVOID,False,1
AAH,NORMAL_ENTERPRISE,READY,VULNERABLE,VULNERABLE,INSUFFICIENT_DATA,INSUFFICIENT_DATA,INSUFFICIENT_DATA,WATCH,VULNERABLE,RESILIENT,HIGH_RISK,AVOID,False,2
AAM,NORMAL_ENTERPRISE,READY,VULNERABLE,VULNERABLE,INSUFFICIENT_DATA,INSUFFICIENT_DATA,INSUFFICIENT_DATA,WATCH,VULNERABLE,RESILIENT,HIGH_RISK,AVOID,False,3
AAN,NORMAL_ENTERPRISE,PARTIAL,VULNERABLE,VULNERABLE,INSUFFICIENT_DATA,INSUFFICIENT_DATA,INSUFFICIENT_DATA,WATCH,VULNERABLE,RESILIENT,HIGH_RISK,AVOID,False,2
AAS,NORMAL_ENTERPRISE,READY,VULNERABLE,VULNERABLE,INSUFFICIENT_DATA,INSUFFICIENT_DATA,INSUFFICIENT_DATA,WATCH,VULNERABLE,RESILIENT,HIGH_RISK,AVOID,False,2
AAT,NORMAL_ENTERPRISE,READY,VULNERABLE,VULNERABLE,INSUFFICIENT_DATA,INSUFFICIENT_DATA,INSUFFICIENT_DATA,WATCH,VULNERABLE,RESILIENT,HIGH_RISK,AVOID,False,3
AAV,NORMAL_ENTERPRISE,READY,VULNERABLE,VULNERABLE,INSUFFICIENT_DATA,INSUFFICIENT_DATA,INSUFFICIENT_DATA,WATCH,VULNERABLE,RESILIENT,HIGH_RISK,AVOID,False,3
ABB,BANK,READY,VULNERABLE,VULNERABLE,INSUFFICIENT_DATA,INSUFFICIENT_DATA,INSUFFICIENT_DATA,WATCH,VULNERABLE,RESILIENT,HIGH_RISK,AVOID,False,1
ABC,NORMAL_ENTERPRISE,READY,VULNERABLE,VULNERABLE,INSUFFICIENT_DATA,INSUFFICIENT_DATA,INSUFFICIENT_DATA,WATCH,VULNERABLE,RESILIENT,HIGH_RISK,AVOID,False,3
ABI,NORMAL_ENTERPRISE,READY,VULNERABLE,RESILIENT,INSUFFICIENT_DATA,INSUFFICIENT_DATA,INSUFFICIENT_DATA,WATCH,VULNERABLE,RESILIENT,HIGH_RISK,AVOID,False,1
ABR,NORMAL_ENTERPRISE,READY,VULNERABLE,VULNERABLE,INSUFFICIENT_DATA,INSUFFICIENT_DATA,INSUFFICIENT_DATA,WATCH,VULNERABLE,RESILIENT,HIGH_RISK,AVOID,False,2
ABS,NORMAL_ENTERPRISE,READY,VULNERABLE,VULNERABLE,INSUFFICIENT_DATA,INSUFFICIENT_DATA,INSUFFICIENT_DATA,WATCH,VULNERABLE,RESILIENT,HIGH_RISK,AVOID,False,2
ABT,NORMAL_ENTERPRISE,READY,RESILIENT,WATCH,INSUFFICIENT_DATA,INSUFFICIENT_DATA,INSUFFICIENT_DATA,RESILIENT,INSUFFICIENT_DATA,RESILIENT,CLEAR,WAIT_FOR_MOS,False,0
ABW,NORMAL_ENTERPRISE,READY,VULNERABLE,VULNERABLE,INSUFFICIENT_DATA,INSUFFICIENT_DATA,INSUFFICIENT_DATA,WATCH,VULNERABLE,RESILIENT,HIGH_RISK,AVOID,False,3
ACB,BANK,READY,RESILIENT,RESILIENT,INSUFFICIENT_DATA,INSUFFICIENT_DATA,INSUFFICIENT_DATA,RESILIENT,INSUFFICIENT_DATA,RESILIENT,CLEAR,WAIT_FOR_MOS,False,0
ACC,NORMAL_ENTERPRISE,READY,VULNERABLE,WATCH,INSUFFICIENT_DATA,INSUFFICIENT_DATA,INSUFFICIENT_DATA,WATCH,VULNERABLE,RESILIENT,HIGH_RISK,AVOID,False,2
ACE,NORMAL_ENTERPRISE,READY,VULNERABLE,RESILIENT,INSUFFICIENT_DATA,INSUFFICIENT_DATA,INSUFFICIENT_DATA,WATCH,VULNERABLE,RESILIENT,HIGH_RISK,AVOID,False,1
ACG,NORMAL_ENTERPRISE,READY,WATCH,WATCH,INSUFFICIENT_DATA,INSUFFICIENT_DATA,INSUFFICIENT_DATA,RESILIENT,WATCH,RESILIENT,WATCH,WAIT_FOR_MOS,False,0
ACL,NORMAL_ENTERPRISE,READY,VULNERABLE,VULNERABLE,INSUFFICIENT_DATA,INSUFFICIENT_DATA,INSUFFICIENT_DATA,WATCH,VULNERABLE,RESILIENT,HIGH_RISK,AVOID,False,1
ACM,NORMAL_ENTERPRISE,READY,VULNERABLE,VULNERABLE,INSUFFICIENT_DATA,INSUFFICIENT_DATA,INSUFFICIENT_DATA,WATCH,VULNERABLE,RESILIENT,HIGH_RISK,AVOID,False,3
ACS,NORMAL_ENTERPRISE,READY,VULNERABLE,VULNERABLE,INSUFFICIENT_DATA,INSUFFICIENT_DATA,INSUFFICIENT_DATA,WATCH,VULNERABLE,RESILIENT,HIGH_RISK,AVOID,False,4
ACV,NORMAL_ENTERPRISE,READY,RESILIENT,WATCH,INSUFFICIENT_DATA,INSUFFICIENT_DATA,INSUFFICIENT_DATA,RESILIENT,INSUFFICIENT_DATA,RESILIENT,CLEAR,WAIT_FOR_MOS,False,0
ADC,NORMAL_ENTERPRISE,READY,WATCH,RESILIENT,INSUFFICIENT_DATA,INSUFFICIENT_DATA,INSUFFICIENT_DATA,RESILIENT,WATCH,RESILIENT,WATCH,WAIT_FOR_MOS,False,0
ADG,NORMAL_ENTERPRISE,READY,WATCH,RESILIENT,INSUFFICIENT_DATA,INSUFFICIENT_DATA,INSUFFICIENT_DATA,RESILIENT,WATCH,RESILIENT,WATCH,WAIT_FOR_MOS,False,0
ADP,NORMAL_ENTERPRISE,READY,RESILIENT,RESILIENT,INSUFFICIENT_DATA,INSUFFICIENT_DATA,INSUFFICIENT_DATA,RESILIENT,INSUFFICIENT_DATA,RESILIENT,CLEAR,WAIT_FOR_MOS,False,0
ADS,NORMAL_ENTERPRISE,READY,VULNERABLE,WATCH,INSUFFICIENT_DATA,INSUFFICIENT_DATA,INSUFFICIENT_DATA,WATCH,VULNERABLE,RESILIENT,HIGH_RISK,AVOID,False,1
AFX,NORMAL_ENTERPRISE,READY,VULNERABLE,VULNERABLE,INSUFFICIENT_DATA,INSUFFICIENT_DATA,INSUFFICIENT_DATA,WATCH,VULNERABLE,RESILIENT,HIGH_RISK,AVOID,False,2
AG1,NORMAL_ENTERPRISE,INSUFFICIENT,VULNERABLE,VULNERABLE,INSUFFICIENT_DATA,INSUFFICIENT_DATA,INSUFFICIENT_DATA,WATCH,VULNERABLE,RESILIENT,HIGH_RISK,AVOID,False,2
AGF,NORMAL_ENTERPRISE,READY,VULNERABLE,VULNERABLE,INSUFFICIENT_DATA,INSUFFICIENT_DATA,INSUFFICIENT_DATA,WATCH,VULNERABLE,RESILIENT,HIGH_RISK,AVOID,False,2
AGG,NORMAL_ENTERPRISE,READY,VULNERABLE,RESILIENT,INSUFFICIENT_DATA,INSUFFICIENT_DATA,INSUFFICIENT_DATA,WATCH,VULNERABLE,RESILIENT,HIGH_RISK,AVOID,False,1
AGM,NORMAL_ENTERPRISE,READY,VULNERABLE,VULNERABLE,INSUFFICIENT_DATA,INSUFFICIENT_DATA,INSUFFICIENT_DATA,WATCH,VULNERABLE,RESILIENT,HIGH_RISK,AVOID,False,3
AGP,NORMAL_ENTERPRISE,READY,VULNERABLE,WATCH,INSUFFICIENT_DATA,INSUFFICIENT_DATA,INSUFFICIENT_DATA,WATCH,VULNERABLE,RESILIENT,HIGH_RISK,AVOID,False,2
AGR,SECURITIES,READY,VULNERABLE,VULNERABLE,INSUFFICIENT_DATA,INSUFFICIENT_DATA,INSUFFICIENT_DATA,WATCH,VULNERABLE,RESILIENT,HIGH_RISK,AVOID,False,1
AGX,NORMAL_ENTERPRISE,READY,WATCH,RESILIENT,INSUFFICIENT_DATA,INSUFFICIENT_DATA,INSUFFICIENT_DATA,RESILIENT,WATCH,RESILIENT,WATCH,WAIT_FOR_MOS,False,0
AIC,NORMAL_ENTERPRISE,READY,VULNERABLE,VULNERABLE,INSUFFICIENT_DATA,INSUFFICIENT_DATA,INSUFFICIENT_DATA,WATCH,VULNERABLE,RESILIENT,HIGH_RISK,AVOID,False,2
AIG,NORMAL_ENTERPRISE,READY,VULNERABLE,WATCH,INSUFFICIENT_DATA,INSUFFICIENT_DATA,INSUFFICIENT_DATA,WATCH,VULNERABLE,RESILIENT,HIGH_RISK,AVOID,False,1
ALC,NORMAL_ENTERPRISE,INSUFFICIENT,RESILIENT,RESILIENT,INSUFFICIENT_DATA,INSUFFICIENT_DATA,INSUFFICIENT_DATA,VULNERABLE,INSUFFICIENT_DATA,RESILIENT,WATCH,REVIEW_BUSINESS,False,0
ALT,NORMAL_ENTERPRISE,READY,VULNERABLE,VULNERABLE,INSUFFICIENT_DATA,INSUFFICIENT_DATA,INSUFFICIENT_DATA,WATCH,VULNERABLE,RESILIENT,HIGH_RISK,AVOID,False,1
ALV,NORMAL_ENTERPRISE,READY,VULNERABLE,VULNERABLE,INSUFFICIENT_DATA,INSUFFICIENT_DATA,INSUFFICIENT_DATA,WATCH,VULNERABLE,RESILIENT,HIGH_RISK,AVOID,False,2
AMC,NORMAL_ENTERPRISE,READY,RESILIENT,RESILIENT,INSUFFICIENT_DATA,INSUFFICIENT_DATA,INSUFFICIENT_DATA,RESILIENT,INSUFFICIENT_DATA,RESILIENT,CLEAR,WAIT_FOR_MOS,False,0
AME,NORMAL_ENTERPRISE,READY,VULNERABLE,VULNERABLE,INSUFFICIENT_DATA,INSUFFICIENT_DATA,INSUFFICIENT_DATA,WATCH,VULNERABLE,RESILIENT,HIGH_RISK,AVOID,False,3
AMP,NORMAL_ENTERPRISE,READY,VULNERABLE,VULNERABLE,INSUFFICIENT_DATA,INSUFFICIENT_DATA,INSUFFICIENT_DATA,WATCH,VULNERABLE,RESILIENT,HIGH_RISK,AVOID,False,3
AMS,NORMAL_ENTERPRISE,READY,VULNERABLE,VULNERABLE,INSUFFICIENT_DATA,INSUFFICIENT_DATA,INSUFFICIENT_DATA,WATCH,VULNERABLE,RESILIENT,HIGH_RISK,AVOID,False,3
AMV,NORMAL_ENTERPRISE,READY,VULNERABLE,VULNERABLE,INSUFFICIENT_DATA,INSUFFICIENT_DATA,INSUFFICIENT_DATA,WATCH,VULNERABLE,RESILIENT,HIGH_RISK,AVOID,False,3
ANI,NORMAL_ENTERPRISE,READY,VULNERABLE,RESILIENT,INSUFFICIENT_DATA,INSUFFICIENT_DATA,INSUFFICIENT_DATA,WATCH,VULNERABLE,RESILIENT,HIGH_RISK,AVOID,False,2
ANT,NORMAL_ENTERPRISE,READY,VULNERABLE,WATCH,INSUFFICIENT_DATA,INSUFFICIENT_DATA,INSUFFICIENT_DATA,WATCH,VULNERABLE,RESILIENT,HIGH_RISK,AVOID,False,2
ANV,NORMAL_ENTERPRISE,READY,VULNERABLE,VULNERABLE,INSUFFICIENT_DATA,INSUFFICIENT_DATA,INSUFFICIENT_DATA,WATCH,VULNERABLE,RESILIENT,HIGH_RISK,AVOID,False,1
APC,NORMAL_ENTERPRISE,READY,VULNERABLE,VULNERABLE,INSUFFICIENT_DATA,INSUFFICIENT_DATA,INSUFFICIENT_DATA,WATCH,VULNERABLE,RESILIENT,HIGH_RISK,AVOID,False,2
APF,NORMAL_ENTERPRISE,READY,RESILIENT,RESILIENT,INSUFFICIENT_DATA,INSUFFICIENT_DATA,INSUFFICIENT_DATA,RESILIENT,INSUFFICIENT_DATA,RESILIENT,CLEAR,WAIT_FOR_MOS,False,0
APG,NORMAL_ENTERPRISE,READY,VULNERABLE,VULNERABLE,INSUFFICIENT_DATA,INSUFFICIENT_DATA,INSUFFICIENT_DATA,WATCH,VULNERABLE,RESILIENT,HIGH_RISK,AVOID,False,3
APH,NORMAL_ENTERPRISE,READY,VULNERABLE,VULNERABLE,INSUFFICIENT_DATA,INSUFFICIENT_DATA,INSUFFICIENT_DATA,WATCH,VULNERABLE,RESILIENT,HIGH_RISK,AVOID,False,1
API,NORMAL_ENTERPRISE,READY,VULNERABLE,VULNERABLE,INSUFFICIENT_DATA,INSUFFICIENT_DATA,INSUFFICIENT_DATA,WATCH,VULNERABLE,RESILIENT,HIGH_RISK,AVOID,False,3
APL,NORMAL_ENTERPRISE,READY,VULNERABLE,WATCH,INSUFFICIENT_DATA,INSUFFICIENT_DATA,INSUFFICIENT_DATA,WATCH,VULNERABLE,RESILIENT,HIGH_RISK,AVOID,False,2
APP,NORMAL_ENTERPRISE,READY,VULNERABLE,VULNERABLE,INSUFFICIENT_DATA,INSUFFICIENT_DATA,INSUFFICIENT_DATA,WATCH,VULNERABLE,RESILIENT,HIGH_RISK,AVOID,False,3
APS,NORMAL_ENTERPRISE,READY,VULNERABLE,VULNERABLE,INSUFFICIENT_DATA,INSUFFICIENT_DATA,INSUFFICIENT_DATA,WATCH,VULNERABLE,RESILIENT,HIGH_RISK,AVOID,False,3
APT,NORMAL_ENTERPRISE,READY,VULNERABLE,WATCH,INSUFFICIENT_DATA,INSUFFICIENT_DATA,INSUFFICIENT_DATA,WATCH,VULNERABLE,RESILIENT,HIGH_RISK,AVOID,False,1
ARM,NORMAL_ENTERPRISE,READY,VULNERABLE,WATCH,INSUFFICIENT_DATA,INSUFFICIENT_DATA,INSUFFICIENT_DATA,WATCH,VULNERABLE,RESILIENT,HIGH_RISK,AVOID,False,2
ART,NORMAL_ENTERPRISE,READY,VULNERABLE,VULNERABLE,INSUFFICIENT_DATA,INSUFFICIENT_DATA,INSUFFICIENT_DATA,WATCH,VULNERABLE,RESILIENT,HIGH_RISK,AVOID,False,3
ASM,NORMAL_ENTERPRISE,READY,VULNERABLE,VULNERABLE,INSUFFICIENT_DATA,INSUFFICIENT_DATA,INSUFFICIENT_DATA,WATCH,VULNERABLE,RESILIENT,HIGH_RISK,AVOID,False,3
ASP,NORMAL_ENTERPRISE,READY,VULNERABLE,VULNERABLE,INSUFFICIENT_DATA,INSUFFICIENT_DATA,INSUFFICIENT_DATA,WATCH,VULNERABLE,RESILIENT,HIGH_RISK,AVOID,False,3
AST,NORMAL_ENTERPRISE,READY,VULNERABLE,RESILIENT,INSUFFICIENT_DATA,INSUFFICIENT_DATA,INSUFFICIENT_DATA,WATCH,VULNERABLE,RESILIENT,HIGH_RISK,AVOID,False,1
ATA,NORMAL_ENTERPRISE,READY,VULNERABLE,WATCH,INSUFFICIENT_DATA,INSUFFICIENT_DATA,INSUFFICIENT_DATA,WATCH,VULNERABLE,RESILIENT,HIGH_RISK,AVOID,False,2
ATG,NORMAL_ENTERPRISE,READY,VULNERABLE,VULNERABLE,INSUFFICIENT_DATA,INSUFFICIENT_DATA,INSUFFICIENT_DATA,WATCH,VULNERABLE,RESILIENT,HIGH_RISK,AVOID,False,4
ATS,NORMAL_ENTERPRISE,READY,VULNERABLE,VULNERABLE,INSUFFICIENT_DATA,INSUFFICIENT_DATA,INSUFFICIENT_DATA,WATCH,VULNERABLE,RESILIENT,HIGH_RISK,AVOID,False,3
AVC,NORMAL_ENTERPRISE,READY,RESILIENT,RESILIENT,INSUFFICIENT_DATA,INSUFFICIENT_DATA,INSUFFICIENT_DATA,RESILIENT,INSUFFICIENT_DATA,RESILIENT,CLEAR,WAIT_FOR_MOS,False,0
AVG,NORMAL_ENTERPRISE,PARTIAL,VULNERABLE,VULNERABLE,INSUFFICIENT_DATA,INSUFFICIENT_DATA,INSUFFICIENT_DATA,WATCH,VULNERABLE,RESILIENT,HIGH_RISK,AVOID,False,2
BAB,BANK,READY,VULNERABLE,VULNERABLE,INSUFFICIENT_DATA,INSUFFICIENT_DATA,INSUFFICIENT_DATA,WATCH,VULNERABLE,RESILIENT,HIGH_RISK,AVOID,False,1
BAF,NORMAL_ENTERPRISE,READY,VULNERABLE,WATCH,INSUFFICIENT_DATA,INSUFFICIENT_DATA,INSUFFICIENT_DATA,WATCH,VULNERABLE,RESILIENT,HIGH_RISK,AVOID,False,3
BAL,NORMAL_ENTERPRISE,READY,VULNERABLE,VULNERABLE,INSUFFICIENT_DATA,INSUFFICIENT_DATA,INSUFFICIENT_DATA,WATCH,VULNERABLE,RESILIENT,HIGH_RISK,AVOID,False,2
BAX,NORMAL_ENTERPRISE,READY,VULNERABLE,RESILIENT,INSUFFICIENT_DATA,INSUFFICIENT_DATA,INSUFFICIENT_DATA,WATCH,VULNERABLE,RESILIENT,HIGH_RISK,AVOID,False,1
BBH,NORMAL_ENTERPRISE,READY,VULNERABLE,VULNERABLE,INSUFFICIENT_DATA,INSUFFICIENT_DATA,INSUFFICIENT_DATA,WATCH,VULNERABLE,RESILIENT,HIGH_RISK,AVOID,False,1
BBM,NORMAL_ENTERPRISE,READY,VULNERABLE,VULNERABLE,INSUFFICIENT_DATA,INSUFFICIENT_DATA,INSUFFICIENT_DATA,WATCH,VULNERABLE,RESILIENT,HIGH_RISK,AVOID,False,1
BBS,NORMAL_ENTERPRISE,READY,VULNERABLE,VULNERABLE,INSUFFICIENT_DATA,INSUFFICIENT_DATA,INSUFFICIENT_DATA,WATCH,VULNERABLE,RESILIENT,HIGH_RISK,AVOID,False,1
BBT,NORMAL_ENTERPRISE,READY,VULNERABLE,RESILIENT,INSUFFICIENT_DATA,INSUFFICIENT_DATA,INSUFFICIENT_DATA,WATCH,VULNERABLE,RESILIENT,HIGH_RISK,AVOID,False,1
BCA,NORMAL_ENTERPRISE,READY,VULNERABLE,VULNERABLE,INSUFFICIENT_DATA,INSUFFICIENT_DATA,INSUFFICIENT_DATA,WATCH,VULNERABLE,RESILIENT,HIGH_RISK,AVOID,False,4
BCB,NORMAL_ENTERPRISE,READY,VULNERABLE,RESILIENT,INSUFFICIENT_DATA,INSUFFICIENT_DATA,INSUFFICIENT_DATA,WATCH,VULNERABLE,RESILIENT,HIGH_RISK,AVOID,False,1
BCC,NORMAL_ENTERPRISE,READY,VULNERABLE,VULNERABLE,INSUFFICIENT_DATA,INSUFFICIENT_DATA,INSUFFICIENT_DATA,WATCH,VULNERABLE,RESILIENT,HIGH_RISK,AVOID,False,2
BCE,NORMAL_ENTERPRISE,READY,VULNERABLE,VULNERABLE,INSUFFICIENT_DATA,INSUFFICIENT_DATA,INSUFFICIENT_DATA,WATCH,VULNERABLE,RESILIENT,HIGH_RISK,AVOID,False,2
BCF,NORMAL_ENTERPRISE,READY,RESILIENT,RESILIENT,INSUFFICIENT_DATA,INSUFFICIENT_DATA,INSUFFICIENT_DATA,RESILIENT,INSUFFICIENT_DATA,RESILIENT,CLEAR,WAIT_FOR_MOS,False,0
BCM,NORMAL_ENTERPRISE,READY,VULNERABLE,WATCH,INSUFFICIENT_DATA,INSUFFICIENT_DATA,INSUFFICIENT_DATA,WATCH,VULNERABLE,RESILIENT,HIGH_RISK,AVOID,False,1
BCP,NORMAL_ENTERPRISE,READY,VULNERABLE,VULNERABLE,INSUFFICIENT_DATA,INSUFFICIENT_DATA,INSUFFICIENT_DATA,WATCH,VULNERABLE,RESILIENT,HIGH_RISK,AVOID,False,4
BCV,NORMAL_ENTERPRISE,READY,VULNERABLE,VULNERABLE,INSUFFICIENT_DATA,INSUFFICIENT_DATA,INSUFFICIENT_DATA,WATCH,VULNERABLE,RESILIENT,HIGH_RISK,AVOID,False,2
BDG,NORMAL_ENTERPRISE,READY,WATCH,RESILIENT,INSUFFICIENT_DATA,INSUFFICIENT_DATA,INSUFFICIENT_DATA,RESILIENT,WATCH,RESILIENT,WATCH,WAIT_FOR_MOS,False,0
BDT,NORMAL_ENTERPRISE,READY,VULNERABLE,WATCH,INSUFFICIENT_DATA,INSUFFICIENT_DATA,INSUFFICIENT_DATA,WATCH,VULNERABLE,RESILIENT,HIGH_RISK,AVOID,False,1
BDW,NORMAL_ENTERPRISE,READY,RESILIENT,WATCH,INSUFFICIENT_DATA,INSUFFICIENT_DATA,INSUFFICIENT_DATA,RESILIENT,INSUFFICIENT_DATA,RESILIENT,CLEAR,WAIT_FOR_MOS,False,0
BED,NORMAL_ENTERPRISE,READY,RESILIENT,RESILIENT,INSUFFICIENT_DATA,INSUFFICIENT_DATA,INSUFFICIENT_DATA,RESILIENT,INSUFFICIENT_DATA,RESILIENT,CLEAR,WAIT_FOR_MOS,False,0
BEL,NORMAL_ENTERPRISE,READY,VULNERABLE,VULNERABLE,INSUFFICIENT_DATA,INSUFFICIENT_DATA,INSUFFICIENT_DATA,WATCH,VULNERABLE,RESILIENT,HIGH_RISK,AVOID,False,2
BFC,NORMAL_ENTERPRISE,READY,VULNERABLE,RESILIENT,INSUFFICIENT_DATA,INSUFFICIENT_DATA,INSUFFICIENT_DATA,WATCH,VULNERABLE,RESILIENT,HIGH_RISK,AVOID,False,1
BGE,NORMAL_ENTERPRISE,PARTIAL,VULNERABLE,VULNERABLE,INSUFFICIENT_DATA,INSUFFICIENT_DATA,INSUFFICIENT_DATA,WATCH,VULNERABLE,RESILIENT,HIGH_RISK,AVOID,False,2
BGW,NORMAL_ENTERPRISE,READY,VULNERABLE,VULNERABLE,INSUFFICIENT_DATA,INSUFFICIENT_DATA,INSUFFICIENT_DATA,WATCH,VULNERABLE,RESILIENT,HIGH_RISK,AVOID,False,2
BHA,NORMAL_ENTERPRISE,READY,WATCH,WATCH,INSUFFICIENT_DATA,INSUFFICIENT_DATA,INSUFFICIENT_DATA,RESILIENT,WATCH,RESILIENT,WATCH,WAIT_FOR_MOS,False,0
BHC,NORMAL_ENTERPRISE,READY,VULNERABLE,WATCH,INSUFFICIENT_DATA,INSUFFICIENT_DATA,INSUFFICIENT_DATA,WATCH,VULNERABLE,RESILIENT,HIGH_RISK,AVOID,False,2
BHG,NORMAL_ENTERPRISE,READY,VULNERABLE,VULNERABLE,INSUFFICIENT_DATA,INSUFFICIENT_DATA,INSUFFICIENT_DATA,WATCH,VULNERABLE,RESILIENT,HIGH_RISK,AVOID,False,2
BHH,NORMAL_ENTERPRISE,INSUFFICIENT,VULNERABLE,VULNERABLE,INSUFFICIENT_DATA,INSUFFICIENT_DATA,INSUFFICIENT_DATA,WATCH,VULNERABLE,RESILIENT,HIGH_RISK,AVOID,False,1
BHI,NORMAL_ENTERPRISE,INSUFFICIENT,VULNERABLE,VULNERABLE,INSUFFICIENT_DATA,INSUFFICIENT_DATA,INSUFFICIENT_DATA,WATCH,VULNERABLE,RESILIENT,HIGH_RISK,AVOID,False,3
BHK,NORMAL_ENTERPRISE,READY,RESILIENT,WATCH,INSUFFICIENT_DATA,INSUFFICIENT_DATA,INSUFFICIENT_DATA,RESILIENT,INSUFFICIENT_DATA,RESILIENT,CLEAR,WAIT_FOR_MOS,False,0
BHN,NORMAL_ENTERPRISE,READY,VULNERABLE,VULNERABLE,INSUFFICIENT_DATA,INSUFFICIENT_DATA,INSUFFICIENT_DATA,WATCH,VULNERABLE,RESILIENT,HIGH_RISK,AVOID,False,1
BHP,NORMAL_ENTERPRISE,READY,VULNERABLE,VULNERABLE,INSUFFICIENT_DATA,INSUFFICIENT_DATA,INSUFFICIENT_DATA,WATCH,VULNERABLE,RESILIENT,HIGH_RISK,AVOID,False,1
BIC,NORMAL_ENTERPRISE,READY,VULNERABLE,WATCH,INSUFFICIENT_DATA,INSUFFICIENT_DATA,INSUFFICIENT_DATA,WATCH,VULNERABLE,RESILIENT,HIGH_RISK,AVOID,False,1
BID,BANK,READY,WATCH,WATCH,INSUFFICIENT_DATA,INSUFFICIENT_DATA,INSUFFICIENT_DATA,RESILIENT,WATCH,RESILIENT,WATCH,WAIT_FOR_MOS,False,0
BIG,NORMAL_ENTERPRISE,READY,VULNERABLE,VULNERABLE,INSUFFICIENT_DATA,INSUFFICIENT_DATA,INSUFFICIENT_DATA,WATCH,VULNERABLE,RESILIENT,HIGH_RISK,AVOID,False,2
BIO,NORMAL_ENTERPRISE,READY,VULNERABLE,VULNERABLE,INSUFFICIENT_DATA,INSUFFICIENT_DATA,INSUFFICIENT_DATA,WATCH,VULNERABLE,RESILIENT,HIGH_RISK,AVOID,False,2
BKC,NORMAL_ENTERPRISE,READY,VULNERABLE,VULNERABLE,INSUFFICIENT_DATA,INSUFFICIENT_DATA,INSUFFICIENT_DATA,WATCH,VULNERABLE,RESILIENT,HIGH_RISK,AVOID,False,3
BKG,NORMAL_ENTERPRISE,READY,VULNERABLE,VULNERABLE,INSUFFICIENT_DATA,INSUFFICIENT_DATA,INSUFFICIENT_DATA,WATCH,VULNERABLE,RESILIENT,HIGH_RISK,AVOID,False,3
BLF,NORMAL_ENTERPRISE,READY,VULNERABLE,VULNERABLE,INSUFFICIENT_DATA,INSUFFICIENT_DATA,INSUFFICIENT_DATA,WATCH,VULNERABLE,RESILIENT,HIGH_RISK,AVOID,False,4
BLI,NORMAL_ENTERPRISE,READY,VULNERABLE,VULNERABLE,INSUFFICIENT_DATA,INSUFFICIENT_DATA,INSUFFICIENT_DATA,WATCH,VULNERABLE,RESILIENT,HIGH_RISK,AVOID,False,2
BLN,NORMAL_ENTERPRISE,READY,VULNERABLE,VULNERABLE,INSUFFICIENT_DATA,INSUFFICIENT_DATA,INSUFFICIENT_DATA,WATCH,VULNERABLE,RESILIENT,HIGH_RISK,AVOID,False,3
BLT,NORMAL_ENTERPRISE,READY,VULNERABLE,VULNERABLE,INSUFFICIENT_DATA,INSUFFICIENT_DATA,INSUFFICIENT_DATA,WATCH,VULNERABLE,RESILIENT,HIGH_RISK,AVOID,False,2
BMC,NORMAL_ENTERPRISE,READY,VULNERABLE,VULNERABLE,INSUFFICIENT_DATA,INSUFFICIENT_DATA,INSUFFICIENT_DATA,WATCH,VULNERABLE,RESILIENT,HIGH_RISK,AVOID,False,2
BMD,NORMAL_ENTERPRISE,READY,VULNERABLE,RESILIENT,INSUFFICIENT_DATA,INSUFFICIENT_DATA,INSUFFICIENT_DATA,WATCH,VULNERABLE,RESILIENT,HIGH_RISK,AVOID,False,1
BMF,NORMAL_ENTERPRISE,READY,VULNERABLE,WATCH,INSUFFICIENT_DATA,INSUFFICIENT_DATA,INSUFFICIENT_DATA,WATCH,VULNERABLE,RESILIENT,HIGH_RISK,AVOID,False,2
BMG,NORMAL_ENTERPRISE,READY,VULNERABLE,WATCH,INSUFFICIENT_DATA,INSUFFICIENT_DATA,INSUFFICIENT_DATA,WATCH,VULNERABLE,RESILIENT,HIGH_RISK,AVOID,False,1
BMI,NORMAL_ENTERPRISE,READY,VULNERABLE,VULNERABLE,INSUFFICIENT_DATA,INSUFFICIENT_DATA,INSUFFICIENT_DATA,WATCH,VULNERABLE,RESILIENT,HIGH_RISK,AVOID,False,3
BMJ,NORMAL_ENTERPRISE,READY,VULNERABLE,WATCH,INSUFFICIENT_DATA,INSUFFICIENT_DATA,INSUFFICIENT_DATA,WATCH,VULNERABLE,RESILIENT,HIGH_RISK,AVOID,False,1
BMP,NORMAL_ENTERPRISE,READY,RESILIENT,RESILIENT,INSUFFICIENT_DATA,INSUFFICIENT_DATA,INSUFFICIENT_DATA,RESILIENT,INSUFFICIENT_DATA,RESILIENT,CLEAR,WAIT_FOR_MOS,False,0
BMS,NORMAL_ENTERPRISE,READY,VULNERABLE,VULNERABLE,INSUFFICIENT_DATA,INSUFFICIENT_DATA,INSUFFICIENT_DATA,WATCH,VULNERABLE,RESILIENT,HIGH_RISK,AVOID,False,2
BMV,NORMAL_ENTERPRISE,READY,VULNERABLE,VULNERABLE,INSUFFICIENT_DATA,INSUFFICIENT_DATA,INSUFFICIENT_DATA,WATCH,VULNERABLE,RESILIENT,HIGH_RISK,AVOID,False,2
BNA,NORMAL_ENTERPRISE,READY,VULNERABLE,VULNERABLE,INSUFFICIENT_DATA,INSUFFICIENT_DATA,INSUFFICIENT_DATA,WATCH,VULNERABLE,RESILIENT,HIGH_RISK,AVOID,False,2
BNW,NORMAL_ENTERPRISE,READY,VULNERABLE,VULNERABLE,INSUFFICIENT_DATA,INSUFFICIENT_DATA,INSUFFICIENT_DATA,WATCH,VULNERABLE,RESILIENT,HIGH_RISK,AVOID,False,1
BOT,NORMAL_ENTERPRISE,READY,VULNERABLE,VULNERABLE,INSUFFICIENT_DATA,INSUFFICIENT_DATA,INSUFFICIENT_DATA,WATCH,VULNERABLE,RESILIENT,HIGH_RISK,AVOID,False,2
BPC,NORMAL_ENTERPRISE,READY,VULNERABLE,VULNERABLE,INSUFFICIENT_DATA,INSUFFICIENT_DATA,INSUFFICIENT_DATA,WATCH,VULNERABLE,RESILIENT,HIGH_RISK,AVOID,False,1
BQB,NORMAL_ENTERPRISE,READY,VULNERABLE,VULNERABLE,INSUFFICIENT_DATA,INSUFFICIENT_DATA,INSUFFICIENT_DATA,WATCH,VULNERABLE,RESILIENT,HIGH_RISK,AVOID,False,2
BQP,NORMAL_ENTERPRISE,INSUFFICIENT,RESILIENT,WATCH,INSUFFICIENT_DATA,INSUFFICIENT_DATA,INSUFFICIENT_DATA,VULNERABLE,INSUFFICIENT_DATA,RESILIENT,WATCH,REVIEW_BUSINESS,False,0
BRC,NORMAL_ENTERPRISE,READY,VULNERABLE,VULNERABLE,INSUFFICIENT_DATA,INSUFFICIENT_DATA,INSUFFICIENT_DATA,WATCH,VULNERABLE,RESILIENT,HIGH_RISK,AVOID,False,1
BRR,NORMAL_ENTERPRISE,READY,VULNERABLE,VULNERABLE,INSUFFICIENT_DATA,INSUFFICIENT_DATA,INSUFFICIENT_DATA,WATCH,VULNERABLE,RESILIENT,HIGH_RISK,AVOID,False,1
BRS,NORMAL_ENTERPRISE,READY,RESILIENT,RESILIENT,INSUFFICIENT_DATA,INSUFFICIENT_DATA,INSUFFICIENT_DATA,RESILIENT,INSUFFICIENT_DATA,RESILIENT,CLEAR,WAIT_FOR_MOS,False,0
BSA,NORMAL_ENTERPRISE,READY,WATCH,RESILIENT,INSUFFICIENT_DATA,INSUFFICIENT_DATA,INSUFFICIENT_DATA,RESILIENT,WATCH,RESILIENT,WATCH,WAIT_FOR_MOS,False,0
BSD,NORMAL_ENTERPRISE,READY,RESILIENT,WATCH,INSUFFICIENT_DATA,INSUFFICIENT_DATA,INSUFFICIENT_DATA,RESILIENT,INSUFFICIENT_DATA,RESILIENT,CLEAR,WAIT_FOR_MOS,False,0
BSG,NORMAL_ENTERPRISE,READY,VULNERABLE,VULNERABLE,INSUFFICIENT_DATA,INSUFFICIENT_DATA,INSUFFICIENT_DATA,WATCH,VULNERABLE,RESILIENT,HIGH_RISK,AVOID,False,2
BSH,NORMAL_ENTERPRISE,READY,RESILIENT,RESILIENT,INSUFFICIENT_DATA,INSUFFICIENT_DATA,INSUFFICIENT_DATA,RESILIENT,INSUFFICIENT_DATA,RESILIENT,CLEAR,WAIT_FOR_MOS,False,0
BSI,SECURITIES,READY,RESILIENT,VULNERABLE,INSUFFICIENT_DATA,INSUFFICIENT_DATA,INSUFFICIENT_DATA,RESILIENT,WATCH,RESILIENT,WATCH,WAIT_FOR_MOS,False,0
BSL,NORMAL_ENTERPRISE,READY,VULNERABLE,VULNERABLE,INSUFFICIENT_DATA,INSUFFICIENT_DATA,INSUFFICIENT_DATA,WATCH,VULNERABLE,RESILIENT,HIGH_RISK,AVOID,False,1
BSP,NORMAL_ENTERPRISE,READY,VULNERABLE,VULNERABLE,INSUFFICIENT_DATA,INSUFFICIENT_DATA,INSUFFICIENT_DATA,WATCH,VULNERABLE,RESILIENT,HIGH_RISK,AVOID,False,2
BSQ,NORMAL_ENTERPRISE,READY,RESILIENT,RESILIENT,INSUFFICIENT_DATA,INSUFFICIENT_DATA,INSUFFICIENT_DATA,RESILIENT,INSUFFICIENT_DATA,RESILIENT,CLEAR,WAIT_FOR_MOS,False,0
BSR,NORMAL_ENTERPRISE,READY,VULNERABLE,WATCH,INSUFFICIENT_DATA,INSUFFICIENT_DATA,INSUFFICIENT_DATA,WATCH,VULNERABLE,RESILIENT,HIGH_RISK,AVOID,False,1
BTB,NORMAL_ENTERPRISE,READY,VULNERABLE,VULNERABLE,INSUFFICIENT_DATA,INSUFFICIENT_DATA,INSUFFICIENT_DATA,WATCH,VULNERABLE,RESILIENT,HIGH_RISK,AVOID,False,2
BTD,NORMAL_ENTERPRISE,READY,VULNERABLE,RESILIENT,INSUFFICIENT_DATA,INSUFFICIENT_DATA,INSUFFICIENT_DATA,WATCH,VULNERABLE,RESILIENT,HIGH_RISK,AVOID,False,2
BTG,NORMAL_ENTERPRISE,READY,VULNERABLE,VULNERABLE,INSUFFICIENT_DATA,INSUFFICIENT_DATA,INSUFFICIENT_DATA,WATCH,VULNERABLE,RESILIENT,HIGH_RISK,AVOID,False,3
BTH,NORMAL_ENTERPRISE,READY,VULNERABLE,VULNERABLE,INSUFFICIENT_DATA,INSUFFICIENT_DATA,INSUFFICIENT_DATA,WATCH,VULNERABLE,RESILIENT,HIGH_RISK,AVOID,False,3
BTN,NORMAL_ENTERPRISE,READY,VULNERABLE,VULNERABLE,INSUFFICIENT_DATA,INSUFFICIENT_DATA,INSUFFICIENT_DATA,WATCH,VULNERABLE,RESILIENT,HIGH_RISK,AVOID,False,4
BTP,NORMAL_ENTERPRISE,READY,VULNERABLE,VULNERABLE,INSUFFICIENT_DATA,INSUFFICIENT_DATA,INSUFFICIENT_DATA,WATCH,VULNERABLE,RESILIENT,HIGH_RISK,AVOID,False,1
BTS,NORMAL_ENTERPRISE,READY,VULNERABLE,VULNERABLE,INSUFFICIENT_DATA,INSUFFICIENT_DATA,INSUFFICIENT_DATA,WATCH,VULNERABLE,RESILIENT,HIGH_RISK,AVOID,False,3
BTT,NORMAL_ENTERPRISE,READY,RESILIENT,WATCH,INSUFFICIENT_DATA,INSUFFICIENT_DATA,INSUFFICIENT_DATA,RESILIENT,INSUFFICIENT_DATA,RESILIENT,CLEAR,WAIT_FOR_MOS,False,0
BTU,NORMAL_ENTERPRISE,READY,RESILIENT,RESILIENT,INSUFFICIENT_DATA,INSUFFICIENT_DATA,INSUFFICIENT_DATA,RESILIENT,INSUFFICIENT_DATA,RESILIENT,CLEAR,WAIT_FOR_MOS,False,0
BTV,NORMAL_ENTERPRISE,READY,VULNERABLE,VULNERABLE,INSUFFICIENT_DATA,INSUFFICIENT_DATA,INSUFFICIENT_DATA,WATCH,VULNERABLE,RESILIENT,HIGH_RISK,AVOID,False,3
BTW,NORMAL_ENTERPRISE,READY,RESILIENT,RESILIENT,INSUFFICIENT_DATA,INSUFFICIENT_DATA,INSUFFICIENT_DATA,RESILIENT,INSUFFICIENT_DATA,RESILIENT,CLEAR,WAIT_FOR_MOS,False,0
BVB,BANK,READY,VULNERABLE,VULNERABLE,INSUFFICIENT_DATA,INSUFFICIENT_DATA,INSUFFICIENT_DATA,WATCH,VULNERABLE,RESILIENT,HIGH_RISK,AVOID,False,1
BVG,NORMAL_ENTERPRISE,READY,VULNERABLE,VULNERABLE,INSUFFICIENT_DATA,INSUFFICIENT_DATA,INSUFFICIENT_DATA,WATCH,VULNERABLE,RESILIENT,HIGH_RISK,AVOID,False,3
BVH,NORMAL_ENTERPRISE,READY,VULNERABLE,VULNERABLE,INSUFFICIENT_DATA,INSUFFICIENT_DATA,INSUFFICIENT_DATA,WATCH,VULNERABLE,RESILIENT,HIGH_RISK,AVOID,False,2
BVL,NORMAL_ENTERPRISE,READY,VULNERABLE,VULNERABLE,INSUFFICIENT_DATA,INSUFFICIENT_DATA,INSUFFICIENT_DATA,WATCH,VULNERABLE,RESILIENT,HIGH_RISK,AVOID,False,1
BVN,NORMAL_ENTERPRISE,READY,VULNERABLE,VULNERABLE,INSUFFICIENT_DATA,INSUFFICIENT_DATA,INSUFFICIENT_DATA,WATCH,VULNERABLE,RESILIENT,HIGH_RISK,AVOID,False,3
BVS,NORMAL_ENTERPRISE,READY,VULNERABLE,VULNERABLE,INSUFFICIENT_DATA,INSUFFICIENT_DATA,INSUFFICIENT_DATA,WATCH,VULNERABLE,RESILIENT,HIGH_RISK,AVOID,False,3
BWA,NORMAL_ENTERPRISE,READY,VULNERABLE,VULNERABLE,INSUFFICIENT_DATA,INSUFFICIENT_DATA,INSUFFICIENT_DATA,WATCH,VULNERABLE,RESILIENT,HIGH_RISK,AVOID,False,2
BWE,NORMAL_ENTERPRISE,READY,VULNERABLE,VULNERABLE,INSUFFICIENT_DATA,INSUFFICIENT_DATA,INSUFFICIENT_DATA,WATCH,VULNERABLE,RESILIENT,HIGH_RISK,AVOID,False,1
BWS,NORMAL_ENTERPRISE,READY,WATCH,RESILIENT,INSUFFICIENT_DATA,INSUFFICIENT_DATA,INSUFFICIENT_DATA,RESILIENT,WATCH,RESILIENT,WATCH,WAIT_FOR_MOS,False,0
BXH,NORMAL_ENTERPRISE,READY,VULNERABLE,VULNERABLE,INSUFFICIENT_DATA,INSUFFICIENT_DATA,INSUFFICIENT_DATA,WATCH,VULNERABLE,RESILIENT,HIGH_RISK,AVOID,False,1
C21,NORMAL_ENTERPRISE,READY,VULNERABLE,VULNERABLE,INSUFFICIENT_DATA,INSUFFICIENT_DATA,INSUFFICIENT_DATA,WATCH,VULNERABLE,RESILIENT,HIGH_RISK,AVOID,False,3
C32,NORMAL_ENTERPRISE,READY,VULNERABLE,RESILIENT,INSUFFICIENT_DATA,INSUFFICIENT_DATA,INSUFFICIENT_DATA,WATCH,VULNERABLE,RESILIENT,HIGH_RISK,AVOID,False,1
C47,NORMAL_ENTERPRISE,READY,VULNERABLE,VULNERABLE,INSUFFICIENT_DATA,INSUFFICIENT_DATA,INSUFFICIENT_DATA,WATCH,VULNERABLE,RESILIENT,HIGH_RISK,AVOID,False,4
C4G,NORMAL_ENTERPRISE,READY,VULNERABLE,VULNERABLE,INSUFFICIENT_DATA,INSUFFICIENT_DATA,INSUFFICIENT_DATA,WATCH,VULNERABLE,RESILIENT,HIGH_RISK,AVOID,False,2
C69,NORMAL_ENTERPRISE,READY,VULNERABLE,VULNERABLE,INSUFFICIENT_DATA,INSUFFICIENT_DATA,INSUFFICIENT_DATA,WATCH,VULNERABLE,RESILIENT,HIGH_RISK,AVOID,False,2
C92,NORMAL_ENTERPRISE,READY,VULNERABLE,VULNERABLE,INSUFFICIENT_DATA,INSUFFICIENT_DATA,INSUFFICIENT_DATA,WATCH,VULNERABLE,RESILIENT,HIGH_RISK,AVOID,False,4
CAD,NORMAL_ENTERPRISE,READY,VULNERABLE,WATCH,INSUFFICIENT_DATA,INSUFFICIENT_DATA,INSUFFICIENT_DATA,WATCH,VULNERABLE,RESILIENT,HIGH_RISK,AVOID,False,1
CAG,NORMAL_ENTERPRISE,READY,VULNERABLE,VULNERABLE,INSUFFICIENT_DATA,INSUFFICIENT_DATA,INSUFFICIENT_DATA,WATCH,VULNERABLE,RESILIENT,HIGH_RISK,AVOID,False,1
CAN,NORMAL_ENTERPRISE,READY,VULNERABLE,VULNERABLE,INSUFFICIENT_DATA,INSUFFICIENT_DATA,INSUFFICIENT_DATA,WATCH,VULNERABLE,RESILIENT,HIGH_RISK,AVOID,False,4
CAP,NORMAL_ENTERPRISE,READY,VULNERABLE,RESILIENT,INSUFFICIENT_DATA,INSUFFICIENT_DATA,INSUFFICIENT_DATA,WATCH,VULNERABLE,RESILIENT,HIGH_RISK,AVOID,False,1
CAR,NORMAL_ENTERPRISE,PARTIAL,VULNERABLE,VULNERABLE,INSUFFICIENT_DATA,INSUFFICIENT_DATA,INSUFFICIENT_DATA,WATCH,VULNERABLE,RESILIENT,HIGH_RISK,AVOID,False,2
CAT,NORMAL_ENTERPRISE,READY,VULNERABLE,RESILIENT,INSUFFICIENT_DATA,INSUFFICIENT_DATA,INSUFFICIENT_DATA,WATCH,VULNERABLE,RESILIENT,HIGH_RISK,AVOID,False,1
CBI,NORMAL_ENTERPRISE,READY,VULNERABLE,VULNERABLE,INSUFFICIENT_DATA,INSUFFICIENT_DATA,INSUFFICIENT_DATA,WATCH,VULNERABLE,RESILIENT,HIGH_RISK,AVOID,False,3
CBS,NORMAL_ENTERPRISE,READY,VULNERABLE,RESILIENT,INSUFFICIENT_DATA,INSUFFICIENT_DATA,INSUFFICIENT_DATA,WATCH,VULNERABLE,RESILIENT,HIGH_RISK,AVOID,False,1
CCA,NORMAL_ENTERPRISE,READY,VULNERABLE,VULNERABLE,INSUFFICIENT_DATA,INSUFFICIENT_DATA,INSUFFICIENT_DATA,WATCH,VULNERABLE,RESILIENT,HIGH_RISK,AVOID,False,3
CCC,NORMAL_ENTERPRISE,PARTIAL,VULNERABLE,VULNERABLE,INSUFFICIENT_DATA,INSUFFICIENT_DATA,INSUFFICIENT_DATA,WATCH,VULNERABLE,RESILIENT,HIGH_RISK,AVOID,False,3
CCI,NORMAL_ENTERPRISE,READY,VULNERABLE,WATCH,INSUFFICIENT_DATA,INSUFFICIENT_DATA,INSUFFICIENT_DATA,WATCH,VULNERABLE,RESILIENT,HIGH_RISK,AVOID,False,1
CCL,NORMAL_ENTERPRISE,READY,VULNERABLE,VULNERABLE,INSUFFICIENT_DATA,INSUFFICIENT_DATA,INSUFFICIENT_DATA,WATCH,VULNERABLE,RESILIENT,HIGH_RISK,AVOID,False,2
CCM,NORMAL_ENTERPRISE,READY,RESILIENT,WATCH,INSUFFICIENT_DATA,INSUFFICIENT_DATA,INSUFFICIENT_DATA,RESILIENT,INSUFFICIENT_DATA,RESILIENT,CLEAR,WAIT_FOR_MOS,False,0
CCP,NORMAL_ENTERPRISE,READY,VULNERABLE,VULNERABLE,INSUFFICIENT_DATA,INSUFFICIENT_DATA,INSUFFICIENT_DATA,WATCH,VULNERABLE,RESILIENT,HIGH_RISK,AVOID,False,3
CCR,NORMAL_ENTERPRISE,READY,VULNERABLE,VULNERABLE,INSUFFICIENT_DATA,INSUFFICIENT_DATA,INSUFFICIENT_DATA,WATCH,VULNERABLE,RESILIENT,HIGH_RISK,AVOID,False,1
CCS,NORMAL_ENTERPRISE,PARTIAL,VULNERABLE,WATCH,INSUFFICIENT_DATA,INSUFFICIENT_DATA,INSUFFICIENT_DATA,WATCH,VULNERABLE,RESILIENT,HIGH_RISK,AVOID,False,1
CCT,NORMAL_ENTERPRISE,READY,VULNERABLE,VULNERABLE,INSUFFICIENT_DATA,INSUFFICIENT_DATA,INSUFFICIENT_DATA,WATCH,VULNERABLE,RESILIENT,HIGH_RISK,AVOID,False,2
CCV,NORMAL_ENTERPRISE,READY,VULNERABLE,RESILIENT,INSUFFICIENT_DATA,INSUFFICIENT_DATA,INSUFFICIENT_DATA,WATCH,VULNERABLE,RESILIENT,HIGH_RISK,AVOID,False,1
CDC,NORMAL_ENTERPRISE,READY,VULNERABLE,VULNERABLE,INSUFFICIENT_DATA,INSUFFICIENT_DATA,INSUFFICIENT_DATA,WATCH,VULNERABLE,RESILIENT,HIGH_RISK,AVOID,False,3
CDG,NORMAL_ENTERPRISE,READY,VULNERABLE,VULNERABLE,INSUFFICIENT_DATA,INSUFFICIENT_DATA,INSUFFICIENT_DATA,WATCH,VULNERABLE,RESILIENT,HIGH_RISK,AVOID,False,1
CDN,NORMAL_ENTERPRISE,READY,RESILIENT,RESILIENT,INSUFFICIENT_DATA,INSUFFICIENT_DATA,INSUFFICIENT_DATA,RESILIENT,INSUFFICIENT_DATA,RESILIENT,CLEAR,WAIT_FOR_MOS,False,0
CDO,NORMAL_ENTERPRISE,READY,VULNERABLE,VULNERABLE,INSUFFICIENT_DATA,INSUFFICIENT_DATA,INSUFFICIENT_DATA,WATCH,VULNERABLE,RESILIENT,HIGH_RISK,AVOID,False,3
CDP,NORMAL_ENTERPRISE,READY,VULNERABLE,WATCH,INSUFFICIENT_DATA,INSUFFICIENT_DATA,INSUFFICIENT_DATA,WATCH,VULNERABLE,RESILIENT,HIGH_RISK,AVOID,False,2
CDR,NORMAL_ENTERPRISE,READY,VULNERABLE,VULNERABLE,INSUFFICIENT_DATA,INSUFFICIENT_DATA,INSUFFICIENT_DATA,WATCH,VULNERABLE,RESILIENT,HIGH_RISK,AVOID,False,3
CEN,NORMAL_ENTERPRISE,READY,VULNERABLE,VULNERABLE,INSUFFICIENT_DATA,INSUFFICIENT_DATA,INSUFFICIENT_DATA,WATCH,VULNERABLE,RESILIENT,HIGH_RISK,AVOID,False,3
CEO,NORMAL_ENTERPRISE,READY,VULNERABLE,VULNERABLE,INSUFFICIENT_DATA,INSUFFICIENT_DATA,INSUFFICIENT_DATA,WATCH,VULNERABLE,RESILIENT,HIGH_RISK,AVOID,False,2
CET,NORMAL_ENTERPRISE,READY,VULNERABLE,VULNERABLE,INSUFFICIENT_DATA,INSUFFICIENT_DATA,INSUFFICIENT_DATA,WATCH,VULNERABLE,RESILIENT,HIGH_RISK,AVOID,False,3
CFM,NORMAL_ENTERPRISE,READY,VULNERABLE,VULNERABLE,INSUFFICIENT_DATA,INSUFFICIENT_DATA,INSUFFICIENT_DATA,WATCH,VULNERABLE,RESILIENT,HIGH_RISK,AVOID,False,3
CGV,NORMAL_ENTERPRISE,READY,VULNERABLE,VULNERABLE,INSUFFICIENT_DATA,INSUFFICIENT_DATA,INSUFFICIENT_DATA,WATCH,VULNERABLE,RESILIENT,HIGH_RISK,AVOID,False,3
CH5,NORMAL_ENTERPRISE,INSUFFICIENT,RESILIENT,WATCH,INSUFFICIENT_DATA,INSUFFICIENT_DATA,INSUFFICIENT_DATA,VULNERABLE,INSUFFICIENT_DATA,RESILIENT,WATCH,REVIEW_BUSINESS,False,0
CHC,NORMAL_ENTERPRISE,READY,VULNERABLE,RESILIENT,INSUFFICIENT_DATA,INSUFFICIENT_DATA,INSUFFICIENT_DATA,WATCH,VULNERABLE,RESILIENT,HIGH_RISK,AVOID,False,1
CHP,NORMAL_ENTERPRISE,READY,RESILIENT,RESILIENT,INSUFFICIENT_DATA,INSUFFICIENT_DATA,INSUFFICIENT_DATA,RESILIENT,INSUFFICIENT_DATA,RESILIENT,CLEAR,WAIT_FOR_MOS,False,0
CHS,NORMAL_ENTERPRISE,READY,VULNERABLE,WATCH,INSUFFICIENT_DATA,INSUFFICIENT_DATA,INSUFFICIENT_DATA,WATCH,VULNERABLE,RESILIENT,HIGH_RISK,AVOID,False,1
CIA,NORMAL_ENTERPRISE,READY,VULNERABLE,VULNERABLE,INSUFFICIENT_DATA,INSUFFICIENT_DATA,INSUFFICIENT_DATA,WATCH,VULNERABLE,RESILIENT,HIGH_RISK,AVOID,False,3
CID,NORMAL_ENTERPRISE,READY,VULNERABLE,WATCH,INSUFFICIENT_DATA,INSUFFICIENT_DATA,INSUFFICIENT_DATA,WATCH,VULNERABLE,RESILIENT,HIGH_RISK,AVOID,False,1
CIG,NORMAL_ENTERPRISE,READY,VULNERABLE,VULNERABLE,INSUFFICIENT_DATA,INSUFFICIENT_DATA,INSUFFICIENT_DATA,WATCH,VULNERABLE,RESILIENT,HIGH_RISK,AVOID,False,4
CII,NORMAL_ENTERPRISE,READY,VULNERABLE,VULNERABLE,INSUFFICIENT_DATA,INSUFFICIENT_DATA,INSUFFICIENT_DATA,WATCH,VULNERABLE,RESILIENT,HIGH_RISK,AVOID,False,3
CIP,NORMAL_ENTERPRISE,READY,VULNERABLE,VULNERABLE,INSUFFICIENT_DATA,INSUFFICIENT_DATA,INSUFFICIENT_DATA,WATCH,VULNERABLE,RESILIENT,HIGH_RISK,AVOID,False,4
CJC,NORMAL_ENTERPRISE,READY,VULNERABLE,VULNERABLE,INSUFFICIENT_DATA,INSUFFICIENT_DATA,INSUFFICIENT_DATA,WATCH,VULNERABLE,RESILIENT,HIGH_RISK,AVOID,False,3
CKA,NORMAL_ENTERPRISE,READY,VULNERABLE,RESILIENT,INSUFFICIENT_DATA,INSUFFICIENT_DATA,INSUFFICIENT_DATA,WATCH,VULNERABLE,RESILIENT,HIGH_RISK,AVOID,False,1
CKD,NORMAL_ENTERPRISE,READY,VULNERABLE,RESILIENT,INSUFFICIENT_DATA,INSUFFICIENT_DATA,INSUFFICIENT_DATA,WATCH,VULNERABLE,RESILIENT,HIGH_RISK,AVOID,False,2
CKG,NORMAL_ENTERPRISE,READY,VULNERABLE,RESILIENT,INSUFFICIENT_DATA,INSUFFICIENT_DATA,INSUFFICIENT_DATA,WATCH,VULNERABLE,RESILIENT,HIGH_RISK,AVOID,False,1
CKV,NORMAL_ENTERPRISE,READY,VULNERABLE,VULNERABLE,INSUFFICIENT_DATA,INSUFFICIENT_DATA,INSUFFICIENT_DATA,WATCH,VULNERABLE,RESILIENT,HIGH_RISK,AVOID,False,1
CLC,NORMAL_ENTERPRISE,READY,VULNERABLE,RESILIENT,INSUFFICIENT_DATA,INSUFFICIENT_DATA,INSUFFICIENT_DATA,WATCH,VULNERABLE,RESILIENT,HIGH_RISK,AVOID,False,1
CLH,NORMAL_ENTERPRISE,READY,RESILIENT,RESILIENT,INSUFFICIENT_DATA,INSUFFICIENT_DATA,INSUFFICIENT_DATA,RESILIENT,INSUFFICIENT_DATA,RESILIENT,CLEAR,WAIT_FOR_MOS,False,0
CLI,NORMAL_ENTERPRISE,INSUFFICIENT,VULNERABLE,VULNERABLE,INSUFFICIENT_DATA,INSUFFICIENT_DATA,INSUFFICIENT_DATA,WATCH,VULNERABLE,RESILIENT,HIGH_RISK,AVOID,False,1
CLL,NORMAL_ENTERPRISE,READY,RESILIENT,WATCH,INSUFFICIENT_DATA,INSUFFICIENT_DATA,INSUFFICIENT_DATA,RESILIENT,INSUFFICIENT_DATA,RESILIENT,CLEAR,WAIT_FOR_MOS,False,0
CLM,NORMAL_ENTERPRISE,READY,VULNERABLE,RESILIENT,INSUFFICIENT_DATA,INSUFFICIENT_DATA,INSUFFICIENT_DATA,WATCH,VULNERABLE,RESILIENT,HIGH_RISK,AVOID,False,1
CLW,NORMAL_ENTERPRISE,READY,RESILIENT,WATCH,INSUFFICIENT_DATA,INSUFFICIENT_DATA,INSUFFICIENT_DATA,RESILIENT,INSUFFICIENT_DATA,RESILIENT,CLEAR,WAIT_FOR_MOS,False,0
CLX,NORMAL_ENTERPRISE,READY,VULNERABLE,WATCH,INSUFFICIENT_DATA,INSUFFICIENT_DATA,INSUFFICIENT_DATA,WATCH,VULNERABLE,RESILIENT,HIGH_RISK,AVOID,False,1
CMC,NORMAL_ENTERPRISE,READY,VULNERABLE,VULNERABLE,INSUFFICIENT_DATA,INSUFFICIENT_DATA,INSUFFICIENT_DATA,WATCH,VULNERABLE,RESILIENT,HIGH_RISK,AVOID,False,3
CMD,NORMAL_ENTERPRISE,READY,VULNERABLE,RESILIENT,INSUFFICIENT_DATA,INSUFFICIENT_DATA,INSUFFICIENT_DATA,WATCH,VULNERABLE,RESILIENT,HIGH_RISK,AVOID,False,1
CMF,NORMAL_ENTERPRISE,READY,WATCH,RESILIENT,INSUFFICIENT_DATA,INSUFFICIENT_DATA,INSUFFICIENT_DATA,RESILIENT,WATCH,RESILIENT,WATCH,WAIT_FOR_MOS,False,0
CMG,NORMAL_ENTERPRISE,READY,VULNERABLE,VULNERABLE,INSUFFICIENT_DATA,INSUFFICIENT_DATA,INSUFFICIENT_DATA,WATCH,VULNERABLE,RESILIENT,HIGH_RISK,AVOID,False,2
CMI,NORMAL_ENTERPRISE,READY,VULNERABLE,VULNERABLE,INSUFFICIENT_DATA,INSUFFICIENT_DATA,INSUFFICIENT_DATA,WATCH,VULNERABLE,RESILIENT,HIGH_RISK,AVOID,False,3
CMK,NORMAL_ENTERPRISE,READY,VULNERABLE,VULNERABLE,INSUFFICIENT_DATA,INSUFFICIENT_DATA,INSUFFICIENT_DATA,WATCH,VULNERABLE,RESILIENT,HIGH_RISK,AVOID,False,3
CMM,NORMAL_ENTERPRISE,READY,VULNERABLE,VULNERABLE,INSUFFICIENT_DATA,INSUFFICIENT_DATA,INSUFFICIENT_DATA,WATCH,VULNERABLE,RESILIENT,HIGH_RISK,AVOID,False,3
CMN,NORMAL_ENTERPRISE,READY,VULNERABLE,RESILIENT,INSUFFICIENT_DATA,INSUFFICIENT_DATA,INSUFFICIENT_DATA,WATCH,VULNERABLE,RESILIENT,HIGH_RISK,AVOID,False,1
CMP,NORMAL_ENTERPRISE,READY,VULNERABLE,VULNERABLE,INSUFFICIENT_DATA,INSUFFICIENT_DATA,INSUFFICIENT_DATA,WATCH,VULNERABLE,RESILIENT,HIGH_RISK,AVOID,False,2
CMS,NORMAL_ENTERPRISE,READY,VULNERABLE,VULNERABLE,INSUFFICIENT_DATA,INSUFFICIENT_DATA,INSUFFICIENT_DATA,WATCH,VULNERABLE,RESILIENT,HIGH_RISK,AVOID,False,2
CMT,NORMAL_ENTERPRISE,READY,VULNERABLE,VULNERABLE,INSUFFICIENT_DATA,INSUFFICIENT_DATA,INSUFFICIENT_DATA,WATCH,VULNERABLE,RESILIENT,HIGH_RISK,AVOID,False,2
CMV,NORMAL_ENTERPRISE,READY,VULNERABLE,VULNERABLE,INSUFFICIENT_DATA,INSUFFICIENT_DATA,INSUFFICIENT_DATA,WATCH,VULNERABLE,RESILIENT,HIGH_RISK,AVOID,False,2
CMW,NORMAL_ENTERPRISE,READY,VULNERABLE,VULNERABLE,INSUFFICIENT_DATA,INSUFFICIENT_DATA,INSUFFICIENT_DATA,WATCH,VULNERABLE,RESILIENT,HIGH_RISK,AVOID,False,1
CMX,NORMAL_ENTERPRISE,READY,VULNERABLE,VULNERABLE,INSUFFICIENT_DATA,INSUFFICIENT_DATA,INSUFFICIENT_DATA,WATCH,VULNERABLE,RESILIENT,HIGH_RISK,AVOID,False,3
CNA,NORMAL_ENTERPRISE,READY,VULNERABLE,VULNERABLE,INSUFFICIENT_DATA,INSUFFICIENT_DATA,INSUFFICIENT_DATA,WATCH,VULNERABLE,RESILIENT,HIGH_RISK,AVOID,False,2
CNC,NORMAL_ENTERPRISE,READY,RESILIENT,RESILIENT,INSUFFICIENT_DATA,INSUFFICIENT_DATA,INSUFFICIENT_DATA,RESILIENT,INSUFFICIENT_DATA,RESILIENT,CLEAR,WAIT_FOR_MOS,False,0
CNG,NORMAL_ENTERPRISE,READY,VULNERABLE,RESILIENT,INSUFFICIENT_DATA,INSUFFICIENT_DATA,INSUFFICIENT_DATA,WATCH,VULNERABLE,RESILIENT,HIGH_RISK,AVOID,False,1
CNN,NORMAL_ENTERPRISE,READY,VULNERABLE,WATCH,INSUFFICIENT_DATA,INSUFFICIENT_DATA,INSUFFICIENT_DATA,WATCH,VULNERABLE,RESILIENT,HIGH_RISK,AVOID,False,1
CNT,NORMAL_ENTERPRISE,READY,VULNERABLE,RESILIENT,INSUFFICIENT_DATA,INSUFFICIENT_DATA,INSUFFICIENT_DATA,WATCH,VULNERABLE,RESILIENT,HIGH_RISK,AVOID,False,2
COM,NORMAL_ENTERPRISE,READY,VULNERABLE,VULNERABLE,INSUFFICIENT_DATA,INSUFFICIENT_DATA,INSUFFICIENT_DATA,WATCH,VULNERABLE,RESILIENT,HIGH_RISK,AVOID,False,1
CPA,NORMAL_ENTERPRISE,READY,VULNERABLE,VULNERABLE,INSUFFICIENT_DATA,INSUFFICIENT_DATA,INSUFFICIENT_DATA,WATCH,VULNERABLE,RESILIENT,HIGH_RISK,AVOID,False,3
CPC,NORMAL_ENTERPRISE,READY,VULNERABLE,WATCH,INSUFFICIENT_DATA,INSUFFICIENT_DATA,INSUFFICIENT_DATA,WATCH,VULNERABLE,RESILIENT,HIGH_RISK,AVOID,False,1
CPH,NORMAL_ENTERPRISE,READY,VULNERABLE,RESILIENT,INSUFFICIENT_DATA,INSUFFICIENT_DATA,INSUFFICIENT_DATA,WATCH,VULNERABLE,RESILIENT,HIGH_RISK,AVOID,False,1
CPI,NORMAL_ENTERPRISE,READY,VULNERABLE,WATCH,INSUFFICIENT_DATA,INSUFFICIENT_DATA,INSUFFICIENT_DATA,WATCH,VULNERABLE,RESILIENT,HIGH_RISK,AVOID,False,2
CQN,NORMAL_ENTERPRISE,READY,VULNERABLE,WATCH,INSUFFICIENT_DATA,INSUFFICIENT_DATA,INSUFFICIENT_DATA,WATCH,VULNERABLE,RESILIENT,HIGH_RISK,AVOID,False,1
CQT,NORMAL_ENTERPRISE,READY,VULNERABLE,VULNERABLE,INSUFFICIENT_DATA,INSUFFICIENT_DATA,INSUFFICIENT_DATA,WATCH,VULNERABLE,RESILIENT,HIGH_RISK,AVOID,False,1
CRC,NORMAL_ENTERPRISE,READY,VULNERABLE,VULNERABLE,INSUFFICIENT_DATA,INSUFFICIENT_DATA,INSUFFICIENT_DATA,WATCH,VULNERABLE,RESILIENT,HIGH_RISK,AVOID,False,2
CRE,NORMAL_ENTERPRISE,READY,VULNERABLE,WATCH,INSUFFICIENT_DATA,INSUFFICIENT_DATA,INSUFFICIENT_DATA,WATCH,VULNERABLE,RESILIENT,HIGH_RISK,AVOID,False,2
CRV,NORMAL_ENTERPRISE,READY,VULNERABLE,VULNERABLE,INSUFFICIENT_DATA,INSUFFICIENT_DATA,INSUFFICIENT_DATA,WATCH,VULNERABLE,RESILIENT,HIGH_RISK,AVOID,False,1
CSC,NORMAL_ENTERPRISE,READY,VULNERABLE,WATCH,INSUFFICIENT_DATA,INSUFFICIENT_DATA,INSUFFICIENT_DATA,WATCH,VULNERABLE,RESILIENT,HIGH_RISK,AVOID,False,1
CSI,NORMAL_ENTERPRISE,READY,VULNERABLE,VULNERABLE,INSUFFICIENT_DATA,INSUFFICIENT_DATA,INSUFFICIENT_DATA,WATCH,VULNERABLE,RESILIENT,HIGH_RISK,AVOID,False,3
CSM,NORMAL_ENTERPRISE,READY,VULNERABLE,VULNERABLE,INSUFFICIENT_DATA,INSUFFICIENT_DATA,INSUFFICIENT_DATA,WATCH,VULNERABLE,RESILIENT,HIGH_RISK,AVOID,False,2
CST,NORMAL_ENTERPRISE,READY,WATCH,WATCH,INSUFFICIENT_DATA,INSUFFICIENT_DATA,INSUFFICIENT_DATA,RESILIENT,WATCH,RESILIENT,WATCH,WAIT_FOR_MOS,False,0
CSV,NORMAL_ENTERPRISE,READY,WATCH,RESILIENT,INSUFFICIENT_DATA,INSUFFICIENT_DATA,INSUFFICIENT_DATA,RESILIENT,WATCH,RESILIENT,WATCH,WAIT_FOR_MOS,False,0
CT6,NORMAL_ENTERPRISE,READY,VULNERABLE,VULNERABLE,INSUFFICIENT_DATA,INSUFFICIENT_DATA,INSUFFICIENT_DATA,WATCH,VULNERABLE,RESILIENT,HIGH_RISK,AVOID,False,3
CTB,NORMAL_ENTERPRISE,READY,VULNERABLE,RESILIENT,INSUFFICIENT_DATA,INSUFFICIENT_DATA,INSUFFICIENT_DATA,WATCH,VULNERABLE,RESILIENT,HIGH_RISK,AVOID,False,1
CTD,NORMAL_ENTERPRISE,READY,VULNERABLE,WATCH,INSUFFICIENT_DATA,INSUFFICIENT_DATA,INSUFFICIENT_DATA,WATCH,VULNERABLE,RESILIENT,HIGH_RISK,AVOID,False,1
CTF,NORMAL_ENTERPRISE,READY,VULNERABLE,VULNERABLE,INSUFFICIENT_DATA,INSUFFICIENT_DATA,INSUFFICIENT_DATA,WATCH,VULNERABLE,RESILIENT,HIGH_RISK,AVOID,False,3
CTG,BANK,READY,RESILIENT,RESILIENT,INSUFFICIENT_DATA,INSUFFICIENT_DATA,INSUFFICIENT_DATA,RESILIENT,INSUFFICIENT_DATA,RESILIENT,CLEAR,WAIT_FOR_MOS,False,0
CTI,NORMAL_ENTERPRISE,READY,VULNERABLE,VULNERABLE,INSUFFICIENT_DATA,INSUFFICIENT_DATA,INSUFFICIENT_DATA,WATCH,VULNERABLE,RESILIENT,HIGH_RISK,AVOID,False,1
CTP,NORMAL_ENTERPRISE,READY,VULNERABLE,VULNERABLE,INSUFFICIENT_DATA,INSUFFICIENT_DATA,INSUFFICIENT_DATA,WATCH,VULNERABLE,RESILIENT,HIGH_RISK,AVOID,False,2
CTR,NORMAL_ENTERPRISE,READY,RESILIENT,RESILIENT,INSUFFICIENT_DATA,INSUFFICIENT_DATA,INSUFFICIENT_DATA,RESILIENT,INSUFFICIENT_DATA,RESILIENT,CLEAR,WAIT_FOR_MOS,False,0
CTS,SECURITIES,READY,RESILIENT,VULNERABLE,INSUFFICIENT_DATA,INSUFFICIENT_DATA,INSUFFICIENT_DATA,RESILIENT,WATCH,RESILIENT,WATCH,WAIT_FOR_MOS,False,0
CTT,NORMAL_ENTERPRISE,READY,VULNERABLE,RESILIENT,INSUFFICIENT_DATA,INSUFFICIENT_DATA,INSUFFICIENT_DATA,WATCH,VULNERABLE,RESILIENT,HIGH_RISK,AVOID,False,1
CTW,NORMAL_ENTERPRISE,READY,RESILIENT,WATCH,INSUFFICIENT_DATA,INSUFFICIENT_DATA,INSUFFICIENT_DATA,RESILIENT,INSUFFICIENT_DATA,RESILIENT,CLEAR,WAIT_FOR_MOS,False,0
CTX,NORMAL_ENTERPRISE,READY,VULNERABLE,VULNERABLE,INSUFFICIENT_DATA,INSUFFICIENT_DATA,INSUFFICIENT_DATA,WATCH,VULNERABLE,RESILIENT,HIGH_RISK,AVOID,False,2
CVN,NORMAL_ENTERPRISE,READY,VULNERABLE,VULNERABLE,INSUFFICIENT_DATA,INSUFFICIENT_DATA,INSUFFICIENT_DATA,WATCH,VULNERABLE,RESILIENT,HIGH_RISK,AVOID,False,3
CVT,NORMAL_ENTERPRISE,READY,VULNERABLE,RESILIENT,INSUFFICIENT_DATA,INSUFFICIENT_DATA,INSUFFICIENT_DATA,WATCH,VULNERABLE,RESILIENT,HIGH_RISK,AVOID,False,1
CX8,NORMAL_ENTERPRISE,READY,VULNERABLE,VULNERABLE,INSUFFICIENT_DATA,INSUFFICIENT_DATA,INSUFFICIENT_DATA,WATCH,VULNERABLE,RESILIENT,HIGH_RISK,AVOID,False,4
D11,NORMAL_ENTERPRISE,READY,VULNERABLE,WATCH,INSUFFICIENT_DATA,INSUFFICIENT_DATA,INSUFFICIENT_DATA,WATCH,VULNERABLE,RESILIENT,HIGH_RISK,AVOID,False,1
D2D,NORMAL_ENTERPRISE,READY,VULNERABLE,WATCH,INSUFFICIENT_DATA,INSUFFICIENT_DATA,INSUFFICIENT_DATA,WATCH,VULNERABLE,RESILIENT,HIGH_RISK,AVOID,False,1
DAC,NORMAL_ENTERPRISE,READY,VULNERABLE,VULNERABLE,INSUFFICIENT_DATA,INSUFFICIENT_DATA,INSUFFICIENT_DATA,WATCH,VULNERABLE,RESILIENT,HIGH_RISK,AVOID,False,2
DAD,NORMAL_ENTERPRISE,READY,WATCH,RESILIENT,INSUFFICIENT_DATA,INSUFFICIENT_DATA,INSUFFICIENT_DATA,RESILIENT,WATCH,RESILIENT,WATCH,WAIT_FOR_MOS,False,0
DAE,NORMAL_ENTERPRISE,READY,RESILIENT,WATCH,INSUFFICIENT_DATA,INSUFFICIENT_DATA,INSUFFICIENT_DATA,RESILIENT,INSUFFICIENT_DATA,RESILIENT,CLEAR,WAIT_FOR_MOS,False,0
DAG,NORMAL_ENTERPRISE,READY,VULNERABLE,VULNERABLE,INSUFFICIENT_DATA,INSUFFICIENT_DATA,INSUFFICIENT_DATA,WATCH,VULNERABLE,RESILIENT,HIGH_RISK,AVOID,False,3
DAH,NORMAL_ENTERPRISE,READY,VULNERABLE,VULNERABLE,INSUFFICIENT_DATA,INSUFFICIENT_DATA,INSUFFICIENT_DATA,WATCH,VULNERABLE,RESILIENT,HIGH_RISK,AVOID,False,3
DAN,NORMAL_ENTERPRISE,READY,VULNERABLE,VULNERABLE,INSUFFICIENT_DATA,INSUFFICIENT_DATA,INSUFFICIENT_DATA,WATCH,VULNERABLE,RESILIENT,HIGH_RISK,AVOID,False,2
DAS,NORMAL_ENTERPRISE,READY,VULNERABLE,VULNERABLE,INSUFFICIENT_DATA,INSUFFICIENT_DATA,INSUFFICIENT_DATA,WATCH,VULNERABLE,RESILIENT,HIGH_RISK,AVOID,False,4
DAT,NORMAL_ENTERPRISE,READY,VULNERABLE,VULNERABLE,INSUFFICIENT_DATA,INSUFFICIENT_DATA,INSUFFICIENT_DATA,WATCH,VULNERABLE,RESILIENT,HIGH_RISK,AVOID,False,2
DBC,NORMAL_ENTERPRISE,READY,RESILIENT,WATCH,INSUFFICIENT_DATA,INSUFFICIENT_DATA,INSUFFICIENT_DATA,RESILIENT,INSUFFICIENT_DATA,RESILIENT,CLEAR,WAIT_FOR_MOS,False,0
DBD,NORMAL_ENTERPRISE,READY,RESILIENT,RESILIENT,INSUFFICIENT_DATA,INSUFFICIENT_DATA,INSUFFICIENT_DATA,RESILIENT,INSUFFICIENT_DATA,RESILIENT,CLEAR,WAIT_FOR_MOS,False,0
DBM,NORMAL_ENTERPRISE,READY,VULNERABLE,WATCH,INSUFFICIENT_DATA,INSUFFICIENT_DATA,INSUFFICIENT_DATA,WATCH,VULNERABLE,RESILIENT,HIGH_RISK,AVOID,False,1
DBT,NORMAL_ENTERPRISE,READY,VULNERABLE,VULNERABLE,INSUFFICIENT_DATA,INSUFFICIENT_DATA,INSUFFICIENT_DATA,WATCH,VULNERABLE,RESILIENT,HIGH_RISK,AVOID,False,3
DC1,NORMAL_ENTERPRISE,INSUFFICIENT,VULNERABLE,VULNERABLE,INSUFFICIENT_DATA,INSUFFICIENT_DATA,INSUFFICIENT_DATA,WATCH,VULNERABLE,RESILIENT,HIGH_RISK,AVOID,False,2
DC2,NORMAL_ENTERPRISE,READY,VULNERABLE,VULNERABLE,INSUFFICIENT_DATA,INSUFFICIENT_DATA,INSUFFICIENT_DATA,WATCH,VULNERABLE,RESILIENT,HIGH_RISK,AVOID,False,4
DC4,NORMAL_ENTERPRISE,READY,VULNERABLE,VULNERABLE,INSUFFICIENT_DATA,INSUFFICIENT_DATA,INSUFFICIENT_DATA,WATCH,VULNERABLE,RESILIENT,HIGH_RISK,AVOID,False,2
DCF,NORMAL_ENTERPRISE,READY,VULNERABLE,VULNERABLE,INSUFFICIENT_DATA,INSUFFICIENT_DATA,INSUFFICIENT_DATA,WATCH,VULNERABLE,RESILIENT,HIGH_RISK,AVOID,False,4
DCG,NORMAL_ENTERPRISE,READY,VULNERABLE,RESILIENT,INSUFFICIENT_DATA,INSUFFICIENT_DATA,INSUFFICIENT_DATA,WATCH,VULNERABLE,RESILIENT,HIGH_RISK,AVOID,False,1
DCH,NORMAL_ENTERPRISE,READY,VULNERABLE,VULNERABLE,INSUFFICIENT_DATA,INSUFFICIENT_DATA,INSUFFICIENT_DATA,WATCH,VULNERABLE,RESILIENT,HIGH_RISK,AVOID,False,3
DCL,NORMAL_ENTERPRISE,READY,VULNERABLE,VULNERABLE,INSUFFICIENT_DATA,INSUFFICIENT_DATA,INSUFFICIENT_DATA,WATCH,VULNERABLE,RESILIENT,HIGH_RISK,AVOID,False,2
DCM,NORMAL_ENTERPRISE,READY,WATCH,WATCH,INSUFFICIENT_DATA,INSUFFICIENT_DATA,INSUFFICIENT_DATA,RESILIENT,WATCH,RESILIENT,WATCH,WAIT_FOR_MOS,False,0
DCR,NORMAL_ENTERPRISE,READY,VULNERABLE,VULNERABLE,INSUFFICIENT_DATA,INSUFFICIENT_DATA,INSUFFICIENT_DATA,WATCH,VULNERABLE,RESILIENT,HIGH_RISK,AVOID,False,4
DCS,NORMAL_ENTERPRISE,READY,VULNERABLE,VULNERABLE,INSUFFICIENT_DATA,INSUFFICIENT_DATA,INSUFFICIENT_DATA,WATCH,VULNERABLE,RESILIENT,HIGH_RISK,AVOID,False,3
DCT,NORMAL_ENTERPRISE,READY,VULNERABLE,WATCH,INSUFFICIENT_DATA,INSUFFICIENT_DATA,INSUFFICIENT_DATA,WATCH,VULNERABLE,RESILIENT,HIGH_RISK,AVOID,False,2
DCV,NORMAL_ENTERPRISE,PARTIAL,RESILIENT,RESILIENT,INSUFFICIENT_DATA,INSUFFICIENT_DATA,INSUFFICIENT_DATA,VULNERABLE,INSUFFICIENT_DATA,RESILIENT,WATCH,WAIT_FOR_MOS,False,0
DDB,NORMAL_ENTERPRISE,READY,VULNERABLE,VULNERABLE,INSUFFICIENT_DATA,INSUFFICIENT_DATA,INSUFFICIENT_DATA,WATCH,VULNERABLE,RESILIENT,HIGH_RISK,AVOID,False,2
DDG,NORMAL_ENTERPRISE,READY,VULNERABLE,VULNERABLE,INSUFFICIENT_DATA,INSUFFICIENT_DATA,INSUFFICIENT_DATA,WATCH,VULNERABLE,RESILIENT,HIGH_RISK,AVOID,False,4
DDH,NORMAL_ENTERPRISE,READY,VULNERABLE,VULNERABLE,INSUFFICIENT_DATA,INSUFFICIENT_DATA,INSUFFICIENT_DATA,WATCH,VULNERABLE,RESILIENT,HIGH_RISK,AVOID,False,2
DDM,NORMAL_ENTERPRISE,READY,VULNERABLE,WATCH,INSUFFICIENT_DATA,INSUFFICIENT_DATA,INSUFFICIENT_DATA,WATCH,VULNERABLE,RESILIENT,HIGH_RISK,AVOID,False,1
DDN,NORMAL_ENTERPRISE,READY,VULNERABLE,VULNERABLE,INSUFFICIENT_DATA,INSUFFICIENT_DATA,INSUFFICIENT_DATA,WATCH,VULNERABLE,RESILIENT,HIGH_RISK,AVOID,False,2
DDV,NORMAL_ENTERPRISE,READY,VULNERABLE,VULNERABLE,INSUFFICIENT_DATA,INSUFFICIENT_DATA,INSUFFICIENT_DATA,WATCH,VULNERABLE,RESILIENT,HIGH_RISK,AVOID,False,1
DFC,NORMAL_ENTERPRISE,READY,WATCH,RESILIENT,INSUFFICIENT_DATA,INSUFFICIENT_DATA,INSUFFICIENT_DATA,RESILIENT,WATCH,RESILIENT,WATCH,WAIT_FOR_MOS,False,0
DFF,NORMAL_ENTERPRISE,READY,VULNERABLE,VULNERABLE,INSUFFICIENT_DATA,INSUFFICIENT_DATA,INSUFFICIENT_DATA,WATCH,VULNERABLE,RESILIENT,HIGH_RISK,AVOID,False,3
DGC,NORMAL_ENTERPRISE,READY,WATCH,RESILIENT,INSUFFICIENT_DATA,INSUFFICIENT_DATA,INSUFFICIENT_DATA,RESILIENT,WATCH,RESILIENT,WATCH,WAIT_FOR_MOS,False,0
DGT,NORMAL_ENTERPRISE,READY,VULNERABLE,VULNERABLE,INSUFFICIENT_DATA,INSUFFICIENT_DATA,INSUFFICIENT_DATA,WATCH,VULNERABLE,RESILIENT,HIGH_RISK,AVOID,False,3
DGW,NORMAL_ENTERPRISE,READY,VULNERABLE,RESILIENT,INSUFFICIENT_DATA,INSUFFICIENT_DATA,INSUFFICIENT_DATA,WATCH,VULNERABLE,RESILIENT,HIGH_RISK,AVOID,False,1
DHA,NORMAL_ENTERPRISE,READY,WATCH,WATCH,INSUFFICIENT_DATA,INSUFFICIENT_DATA,INSUFFICIENT_DATA,RESILIENT,WATCH,RESILIENT,WATCH,WAIT_FOR_MOS,False,0
DHB,NORMAL_ENTERPRISE,READY,VULNERABLE,VULNERABLE,INSUFFICIENT_DATA,INSUFFICIENT_DATA,INSUFFICIENT_DATA,WATCH,VULNERABLE,RESILIENT,HIGH_RISK,AVOID,False,3
DHC,NORMAL_ENTERPRISE,READY,WATCH,RESILIENT,INSUFFICIENT_DATA,INSUFFICIENT_DATA,INSUFFICIENT_DATA,RESILIENT,WATCH,RESILIENT,WATCH,WAIT_FOR_MOS,False,0
DHD,NORMAL_ENTERPRISE,READY,VULNERABLE,VULNERABLE,INSUFFICIENT_DATA,INSUFFICIENT_DATA,INSUFFICIENT_DATA,WATCH,VULNERABLE,RESILIENT,HIGH_RISK,AVOID,False,1
DHG,NORMAL_ENTERPRISE,READY,RESILIENT,RESILIENT,INSUFFICIENT_DATA,INSUFFICIENT_DATA,INSUFFICIENT_DATA,RESILIENT,INSUFFICIENT_DATA,RESILIENT,CLEAR,WAIT_FOR_MOS,False,0
DHM,NORMAL_ENTERPRISE,READY,VULNERABLE,VULNERABLE,INSUFFICIENT_DATA,INSUFFICIENT_DATA,INSUFFICIENT_DATA,WATCH,VULNERABLE,RESILIENT,HIGH_RISK,AVOID,False,3
DHN,NORMAL_ENTERPRISE,READY,RESILIENT,WATCH,INSUFFICIENT_DATA,INSUFFICIENT_DATA,INSUFFICIENT_DATA,RESILIENT,INSUFFICIENT_DATA,RESILIENT,CLEAR,WAIT_FOR_MOS,False,0
DHP,NORMAL_ENTERPRISE,READY,VULNERABLE,VULNERABLE,INSUFFICIENT_DATA,INSUFFICIENT_DATA,INSUFFICIENT_DATA,WATCH,VULNERABLE,RESILIENT,HIGH_RISK,AVOID,False,1
DHT,NORMAL_ENTERPRISE,READY,WATCH,RESILIENT,INSUFFICIENT_DATA,INSUFFICIENT_DATA,INSUFFICIENT_DATA,RESILIENT,WATCH,RESILIENT,WATCH,WAIT_FOR_MOS,False,0
DIC,NORMAL_ENTERPRISE,READY,VULNERABLE,VULNERABLE,INSUFFICIENT_DATA,INSUFFICIENT_DATA,INSUFFICIENT_DATA,WATCH,VULNERABLE,RESILIENT,HIGH_RISK,AVOID,False,2
DID,NORMAL_ENTERPRISE,READY,VULNERABLE,VULNERABLE,INSUFFICIENT_DATA,INSUFFICIENT_DATA,INSUFFICIENT_DATA,WATCH,VULNERABLE,RESILIENT,HIGH_RISK,AVOID,False,2
DIG,NORMAL_ENTERPRISE,READY,VULNERABLE,VULNERABLE,INSUFFICIENT_DATA,INSUFFICIENT_DATA,INSUFFICIENT_DATA,WATCH,VULNERABLE,RESILIENT,HIGH_RISK,AVOID,False,2
DIH,NORMAL_ENTERPRISE,READY,VULNERABLE,VULNERABLE,INSUFFICIENT_DATA,INSUFFICIENT_DATA,INSUFFICIENT_DATA,WATCH,VULNERABLE,RESILIENT,HIGH_RISK,AVOID,False,3
DKC,NORMAL_ENTERPRISE,READY,RESILIENT,WATCH,INSUFFICIENT_DATA,INSUFFICIENT_DATA,INSUFFICIENT_DATA,RESILIENT,INSUFFICIENT_DATA,RESILIENT,CLEAR,WAIT_FOR_MOS,False,0
DKG,NORMAL_ENTERPRISE,PARTIAL,VULNERABLE,VULNERABLE,INSUFFICIENT_DATA,INSUFFICIENT_DATA,INSUFFICIENT_DATA,WATCH,VULNERABLE,RESILIENT,HIGH_RISK,AVOID,False,2
DL1,NORMAL_ENTERPRISE,READY,VULNERABLE,VULNERABLE,INSUFFICIENT_DATA,INSUFFICIENT_DATA,INSUFFICIENT_DATA,WATCH,VULNERABLE,RESILIENT,HIGH_RISK,AVOID,False,2
DLD,NORMAL_ENTERPRISE,READY,VULNERABLE,VULNERABLE,INSUFFICIENT_DATA,INSUFFICIENT_DATA,INSUFFICIENT_DATA,WATCH,VULNERABLE,RESILIENT,HIGH_RISK,AVOID,False,2
DLG,NORMAL_ENTERPRISE,READY,VULNERABLE,VULNERABLE,INSUFFICIENT_DATA,INSUFFICIENT_DATA,INSUFFICIENT_DATA,WATCH,VULNERABLE,RESILIENT,HIGH_RISK,AVOID,False,3
DLR,NORMAL_ENTERPRISE,READY,VULNERABLE,VULNERABLE,INSUFFICIENT_DATA,INSUFFICIENT_DATA,INSUFFICIENT_DATA,WATCH,VULNERABLE,RESILIENT,HIGH_RISK,AVOID,False,4
DLT,NORMAL_ENTERPRISE,READY,VULNERABLE,WATCH,INSUFFICIENT_DATA,INSUFFICIENT_DATA,INSUFFICIENT_DATA,WATCH,VULNERABLE,RESILIENT,HIGH_RISK,AVOID,False,2
DMC,NORMAL_ENTERPRISE,READY,WATCH,WATCH,INSUFFICIENT_DATA,INSUFFICIENT_DATA,INSUFFICIENT_DATA,RESILIENT,WATCH,RESILIENT,WATCH,WAIT_FOR_MOS,False,0
DMN,NORMAL_ENTERPRISE,READY,VULNERABLE,VULNERABLE,INSUFFICIENT_DATA,INSUFFICIENT_DATA,INSUFFICIENT_DATA,WATCH,VULNERABLE,RESILIENT,HIGH_RISK,AVOID,False,2
DMX,NORMAL_ENTERPRISE,INSUFFICIENT,VULNERABLE,VULNERABLE,INSUFFICIENT_DATA,INSUFFICIENT_DATA,INSUFFICIENT_DATA,WATCH,VULNERABLE,RESILIENT,HIGH_RISK,AVOID,False,2
DNA,NORMAL_ENTERPRISE,READY,RESILIENT,WATCH,INSUFFICIENT_DATA,INSUFFICIENT_DATA,INSUFFICIENT_DATA,RESILIENT,INSUFFICIENT_DATA,RESILIENT,CLEAR,WAIT_FOR_MOS,False,0
DNC,NORMAL_ENTERPRISE,READY,WATCH,RESILIENT,INSUFFICIENT_DATA,INSUFFICIENT_DATA,INSUFFICIENT_DATA,RESILIENT,WATCH,RESILIENT,WATCH,WAIT_FOR_MOS,False,0
DND,NORMAL_ENTERPRISE,READY,VULNERABLE,VULNERABLE,INSUFFICIENT_DATA,INSUFFICIENT_DATA,INSUFFICIENT_DATA,WATCH,VULNERABLE,RESILIENT,HIGH_RISK,AVOID,False,3
DNE,NORMAL_ENTERPRISE,READY,WATCH,WATCH,INSUFFICIENT_DATA,INSUFFICIENT_DATA,INSUFFICIENT_DATA,RESILIENT,WATCH,RESILIENT,WATCH,WAIT_FOR_MOS,False,0
DNH,NORMAL_ENTERPRISE,READY,RESILIENT,RESILIENT,INSUFFICIENT_DATA,INSUFFICIENT_DATA,INSUFFICIENT_DATA,RESILIENT,INSUFFICIENT_DATA,RESILIENT,CLEAR,WAIT_FOR_MOS,False,0
DNL,NORMAL_ENTERPRISE,READY,RESILIENT,WATCH,INSUFFICIENT_DATA,INSUFFICIENT_DATA,INSUFFICIENT_DATA,RESILIENT,INSUFFICIENT_DATA,RESILIENT,CLEAR,WAIT_FOR_MOS,False,0
DNM,NORMAL_ENTERPRISE,READY,VULNERABLE,WATCH,INSUFFICIENT_DATA,INSUFFICIENT_DATA,INSUFFICIENT_DATA,WATCH,VULNERABLE,RESILIENT,HIGH_RISK,AVOID,False,3
DNN,NORMAL_ENTERPRISE,READY,WATCH,RESILIENT,INSUFFICIENT_DATA,INSUFFICIENT_DATA,INSUFFICIENT_DATA,RESILIENT,WATCH,RESILIENT,WATCH,WAIT_FOR_MOS,False,0
DNP,NORMAL_ENTERPRISE,READY,VULNERABLE,VULNERABLE,INSUFFICIENT_DATA,INSUFFICIENT_DATA,INSUFFICIENT_DATA,WATCH,VULNERABLE,RESILIENT,HIGH_RISK,AVOID,False,2
DNT,NORMAL_ENTERPRISE,READY,WATCH,WATCH,INSUFFICIENT_DATA,INSUFFICIENT_DATA,INSUFFICIENT_DATA,RESILIENT,WATCH,RESILIENT,WATCH,WAIT_FOR_MOS,False,0
DNW,NORMAL_ENTERPRISE,READY,RESILIENT,WATCH,INSUFFICIENT_DATA,INSUFFICIENT_DATA,INSUFFICIENT_DATA,RESILIENT,INSUFFICIENT_DATA,RESILIENT,CLEAR,WAIT_FOR_MOS,False,0
DOC,NORMAL_ENTERPRISE,READY,VULNERABLE,VULNERABLE,INSUFFICIENT_DATA,INSUFFICIENT_DATA,INSUFFICIENT_DATA,WATCH,VULNERABLE,RESILIENT,HIGH_RISK,AVOID,False,2
DOP,NORMAL_ENTERPRISE,READY,RESILIENT,WATCH,INSUFFICIENT_DATA,INSUFFICIENT_DATA,INSUFFICIENT_DATA,RESILIENT,INSUFFICIENT_DATA,RESILIENT,CLEAR,WAIT_FOR_MOS,False,0
DP1,NORMAL_ENTERPRISE,READY,VULNERABLE,VULNERABLE,INSUFFICIENT_DATA,INSUFFICIENT_DATA,INSUFFICIENT_DATA,WATCH,VULNERABLE,RESILIENT,HIGH_RISK,AVOID,False,3
DP2,NORMAL_ENTERPRISE,READY,VULNERABLE,VULNERABLE,INSUFFICIENT_DATA,INSUFFICIENT_DATA,INSUFFICIENT_DATA,WATCH,VULNERABLE,RESILIENT,HIGH_RISK,AVOID,False,4
DP3,NORMAL_ENTERPRISE,READY,VULNERABLE,VULNERABLE,INSUFFICIENT_DATA,INSUFFICIENT_DATA,INSUFFICIENT_DATA,WATCH,VULNERABLE,RESILIENT,HIGH_RISK,AVOID,False,2
DPC,NORMAL_ENTERPRISE,READY,VULNERABLE,VULNERABLE,INSUFFICIENT_DATA,INSUFFICIENT_DATA,INSUFFICIENT_DATA,WATCH,VULNERABLE,RESILIENT,HIGH_RISK,AVOID,False,2
DPG,NORMAL_ENTERPRISE,READY,WATCH,RESILIENT,INSUFFICIENT_DATA,INSUFFICIENT_DATA,INSUFFICIENT_DATA,RESILIENT,WATCH,RESILIENT,WATCH,WAIT_FOR_MOS,False,0
DPH,NORMAL_ENTERPRISE,READY,WATCH,WATCH,INSUFFICIENT_DATA,INSUFFICIENT_DATA,INSUFFICIENT_DATA,RESILIENT,WATCH,RESILIENT,WATCH,WAIT_FOR_MOS,False,0
DPM,NORMAL_ENTERPRISE,READY,RESILIENT,WATCH,INSUFFICIENT_DATA,INSUFFICIENT_DATA,INSUFFICIENT_DATA,RESILIENT,INSUFFICIENT_DATA,RESILIENT,CLEAR,WAIT_FOR_MOS,False,0
DPP,NORMAL_ENTERPRISE,READY,WATCH,RESILIENT,INSUFFICIENT_DATA,INSUFFICIENT_DATA,INSUFFICIENT_DATA,RESILIENT,WATCH,RESILIENT,WATCH,WAIT_FOR_MOS,False,0
DPR,NORMAL_ENTERPRISE,READY,VULNERABLE,VULNERABLE,INSUFFICIENT_DATA,INSUFFICIENT_DATA,INSUFFICIENT_DATA,WATCH,VULNERABLE,RESILIENT,HIGH_RISK,AVOID,False,1
DQC,NORMAL_ENTERPRISE,READY,VULNERABLE,VULNERABLE,INSUFFICIENT_DATA,INSUFFICIENT_DATA,INSUFFICIENT_DATA,WATCH,VULNERABLE,RESILIENT,HIGH_RISK,AVOID,False,3
DRC,NORMAL_ENTERPRISE,READY,RESILIENT,RESILIENT,INSUFFICIENT_DATA,INSUFFICIENT_DATA,INSUFFICIENT_DATA,RESILIENT,INSUFFICIENT_DATA,RESILIENT,CLEAR,WAIT_FOR_MOS,False,0
DRG,NORMAL_ENTERPRISE,READY,VULNERABLE,VULNERABLE,INSUFFICIENT_DATA,INSUFFICIENT_DATA,INSUFFICIENT_DATA,WATCH,VULNERABLE,RESILIENT,HIGH_RISK,AVOID,False,1
DRH,NORMAL_ENTERPRISE,READY,VULNERABLE,VULNERABLE,INSUFFICIENT_DATA,INSUFFICIENT_DATA,INSUFFICIENT_DATA,WATCH,VULNERABLE,RESILIENT,HIGH_RISK,AVOID,False,4
DRI,NORMAL_ENTERPRISE,READY,WATCH,WATCH,INSUFFICIENT_DATA,INSUFFICIENT_DATA,INSUFFICIENT_DATA,RESILIENT,WATCH,RESILIENT,WATCH,WAIT_FOR_MOS,False,0
DRL,NORMAL_ENTERPRISE,READY,RESILIENT,RESILIENT,INSUFFICIENT_DATA,INSUFFICIENT_DATA,INSUFFICIENT_DATA,RESILIENT,INSUFFICIENT_DATA,RESILIENT,CLEAR,WAIT_FOR_MOS,False,0
DSC,NORMAL_ENTERPRISE,READY,VULNERABLE,VULNERABLE,INSUFFICIENT_DATA,INSUFFICIENT_DATA,INSUFFICIENT_DATA,WATCH,VULNERABLE,RESILIENT,HIGH_RISK,AVOID,False,3
DSD,NORMAL_ENTERPRISE,READY,VULNERABLE,VULNERABLE,INSUFFICIENT_DATA,INSUFFICIENT_DATA,INSUFFICIENT_DATA,WATCH,VULNERABLE,RESILIENT,HIGH_RISK,AVOID,False,1
DSE,NORMAL_ENTERPRISE,READY,VULNERABLE,VULNERABLE,INSUFFICIENT_DATA,INSUFFICIENT_DATA,INSUFFICIENT_DATA,WATCH,VULNERABLE,RESILIENT,HIGH_RISK,AVOID,False,3
DSG,NORMAL_ENTERPRISE,READY,VULNERABLE,VULNERABLE,INSUFFICIENT_DATA,INSUFFICIENT_DATA,INSUFFICIENT_DATA,WATCH,VULNERABLE,RESILIENT,HIGH_RISK,AVOID,False,2
DSH,NORMAL_ENTERPRISE,PARTIAL,VULNERABLE,RESILIENT,INSUFFICIENT_DATA,INSUFFICIENT_DATA,INSUFFICIENT_DATA,WATCH,VULNERABLE,RESILIENT,HIGH_RISK,AVOID,False,1
DSN,NORMAL_ENTERPRISE,READY,WATCH,RESILIENT,INSUFFICIENT_DATA,INSUFFICIENT_DATA,INSUFFICIENT_DATA,RESILIENT,WATCH,RESILIENT,WATCH,WAIT_FOR_MOS,False,0
DSP,NORMAL_ENTERPRISE,READY,VULNERABLE,VULNERABLE,INSUFFICIENT_DATA,INSUFFICIENT_DATA,INSUFFICIENT_DATA,WATCH,VULNERABLE,RESILIENT,HIGH_RISK,AVOID,False,3
DST,NORMAL_ENTERPRISE,READY,VULNERABLE,VULNERABLE,INSUFFICIENT_DATA,INSUFFICIENT_DATA,INSUFFICIENT_DATA,WATCH,VULNERABLE,RESILIENT,HIGH_RISK,AVOID,False,3
DTA,NORMAL_ENTERPRISE,READY,VULNERABLE,VULNERABLE,INSUFFICIENT_DATA,INSUFFICIENT_DATA,INSUFFICIENT_DATA,WATCH,VULNERABLE,RESILIENT,HIGH_RISK,AVOID,False,4
DTC,NORMAL_ENTERPRISE,READY,VULNERABLE,WATCH,INSUFFICIENT_DATA,INSUFFICIENT_DATA,INSUFFICIENT_DATA,WATCH,VULNERABLE,RESILIENT,HIGH_RISK,AVOID,False,1
DTD,NORMAL_ENTERPRISE,READY,WATCH,RESILIENT,INSUFFICIENT_DATA,INSUFFICIENT_DATA,INSUFFICIENT_DATA,RESILIENT,WATCH,RESILIENT,WATCH,WAIT_FOR_MOS,False,0
DTG,NORMAL_ENTERPRISE,READY,WATCH,WATCH,INSUFFICIENT_DATA,INSUFFICIENT_DATA,INSUFFICIENT_DATA,RESILIENT,WATCH,RESILIENT,WATCH,WAIT_FOR_MOS,False,0
DTI,NORMAL_ENTERPRISE,READY,VULNERABLE,VULNERABLE,INSUFFICIENT_DATA,INSUFFICIENT_DATA,INSUFFICIENT_DATA,WATCH,VULNERABLE,RESILIENT,HIGH_RISK,AVOID,False,4
DTK,NORMAL_ENTERPRISE,READY,VULNERABLE,VULNERABLE,INSUFFICIENT_DATA,INSUFFICIENT_DATA,INSUFFICIENT_DATA,WATCH,VULNERABLE,RESILIENT,HIGH_RISK,AVOID,False,1
DTL,NORMAL_ENTERPRISE,READY,VULNERABLE,VULNERABLE,INSUFFICIENT_DATA,INSUFFICIENT_DATA,INSUFFICIENT_DATA,WATCH,VULNERABLE,RESILIENT,HIGH_RISK,AVOID,False,4
DTT,NORMAL_ENTERPRISE,READY,VULNERABLE,VULNERABLE,INSUFFICIENT_DATA,INSUFFICIENT_DATA,INSUFFICIENT_DATA,WATCH,VULNERABLE,RESILIENT,HIGH_RISK,AVOID,False,1
DUS,NORMAL_ENTERPRISE,READY,VULNERABLE,RESILIENT,INSUFFICIENT_DATA,INSUFFICIENT_DATA,INSUFFICIENT_DATA,WATCH,VULNERABLE,RESILIENT,HIGH_RISK,AVOID,False,3
DVC,NORMAL_ENTERPRISE,READY,VULNERABLE,VULNERABLE,INSUFFICIENT_DATA,INSUFFICIENT_DATA,INSUFFICIENT_DATA,WATCH,VULNERABLE,RESILIENT,HIGH_RISK,AVOID,False,1
DVG,NORMAL_ENTERPRISE,READY,VULNERABLE,VULNERABLE,INSUFFICIENT_DATA,INSUFFICIENT_DATA,INSUFFICIENT_DATA,WATCH,VULNERABLE,RESILIENT,HIGH_RISK,AVOID,False,1
DVM,NORMAL_ENTERPRISE,READY,VULNERABLE,VULNERABLE,INSUFFICIENT_DATA,INSUFFICIENT_DATA,INSUFFICIENT_DATA,WATCH,VULNERABLE,RESILIENT,HIGH_RISK,AVOID,False,1
DVN,NORMAL_ENTERPRISE,READY,VULNERABLE,VULNERABLE,INSUFFICIENT_DATA,INSUFFICIENT_DATA,INSUFFICIENT_DATA,WATCH,VULNERABLE,RESILIENT,HIGH_RISK,AVOID,False,2
DVP,NORMAL_ENTERPRISE,READY,RESILIENT,RESILIENT,INSUFFICIENT_DATA,INSUFFICIENT_DATA,INSUFFICIENT_DATA,RESILIENT,INSUFFICIENT_DATA,RESILIENT,CLEAR,WAIT_FOR_MOS,False,0
DVW,NORMAL_ENTERPRISE,READY,RESILIENT,RESILIENT,INSUFFICIENT_DATA,INSUFFICIENT_DATA,INSUFFICIENT_DATA,RESILIENT,INSUFFICIENT_DATA,RESILIENT,CLEAR,WAIT_FOR_MOS,False,0
DWS,NORMAL_ENTERPRISE,READY,VULNERABLE,WATCH,INSUFFICIENT_DATA,INSUFFICIENT_DATA,INSUFFICIENT_DATA,WATCH,VULNERABLE,RESILIENT,HIGH_RISK,AVOID,False,1
DXG,NORMAL_ENTERPRISE,READY,VULNERABLE,WATCH,INSUFFICIENT_DATA,INSUFFICIENT_DATA,INSUFFICIENT_DATA,WATCH,VULNERABLE,RESILIENT,HIGH_RISK,AVOID,False,2
DXL,NORMAL_ENTERPRISE,READY,VULNERABLE,VULNERABLE,INSUFFICIENT_DATA,INSUFFICIENT_DATA,INSUFFICIENT_DATA,WATCH,VULNERABLE,RESILIENT,HIGH_RISK,AVOID,False,3
DXP,NORMAL_ENTERPRISE,READY,WATCH,WATCH,INSUFFICIENT_DATA,INSUFFICIENT_DATA,INSUFFICIENT_DATA,RESILIENT,WATCH,RESILIENT,WATCH,WAIT_FOR_MOS,False,0
DXS,NORMAL_ENTERPRISE,READY,VULNERABLE,VULNERABLE,INSUFFICIENT_DATA,INSUFFICIENT_DATA,INSUFFICIENT_DATA,WATCH,VULNERABLE,RESILIENT,HIGH_RISK,AVOID,False,3
DXV,NORMAL_ENTERPRISE,READY,VULNERABLE,VULNERABLE,INSUFFICIENT_DATA,INSUFFICIENT_DATA,INSUFFICIENT_DATA,WATCH,VULNERABLE,RESILIENT,HIGH_RISK,AVOID,False,3
E12,NORMAL_ENTERPRISE,READY,VULNERABLE,VULNERABLE,INSUFFICIENT_DATA,INSUFFICIENT_DATA,INSUFFICIENT_DATA,WATCH,VULNERABLE,RESILIENT,HIGH_RISK,AVOID,False,3
E29,NORMAL_ENTERPRISE,INSUFFICIENT,VULNERABLE,VULNERABLE,INSUFFICIENT_DATA,INSUFFICIENT_DATA,INSUFFICIENT_DATA,WATCH,VULNERABLE,RESILIENT,HIGH_RISK,AVOID,False,3
EBS,NORMAL_ENTERPRISE,READY,VULNERABLE,VULNERABLE,INSUFFICIENT_DATA,INSUFFICIENT_DATA,INSUFFICIENT_DATA,WATCH,VULNERABLE,RESILIENT,HIGH_RISK,AVOID,False,2
ECI,NORMAL_ENTERPRISE,READY,VULNERABLE,VULNERABLE,INSUFFICIENT_DATA,INSUFFICIENT_DATA,INSUFFICIENT_DATA,WATCH,VULNERABLE,RESILIENT,HIGH_RISK,AVOID,False,2
ECO,NORMAL_ENTERPRISE,PARTIAL,VULNERABLE,VULNERABLE,INSUFFICIENT_DATA,INSUFFICIENT_DATA,INSUFFICIENT_DATA,WATCH,VULNERABLE,RESILIENT,HIGH_RISK,AVOID,False,2
EFI,NORMAL_ENTERPRISE,READY,VULNERABLE,VULNERABLE,INSUFFICIENT_DATA,INSUFFICIENT_DATA,INSUFFICIENT_DATA,WATCH,VULNERABLE,RESILIENT,HIGH_RISK,AVOID,False,3
EGL,NORMAL_ENTERPRISE,PARTIAL,RESILIENT,RESILIENT,INSUFFICIENT_DATA,INSUFFICIENT_DATA,INSUFFICIENT_DATA,VULNERABLE,INSUFFICIENT_DATA,RESILIENT,WATCH,WAIT_FOR_MOS,False,0
EIB,BANK,READY,VULNERABLE,VULNERABLE,INSUFFICIENT_DATA,INSUFFICIENT_DATA,INSUFFICIENT_DATA,WATCH,VULNERABLE,RESILIENT,HIGH_RISK,AVOID,False,1
EIC,NORMAL_ENTERPRISE,READY,VULNERABLE,WATCH,INSUFFICIENT_DATA,INSUFFICIENT_DATA,INSUFFICIENT_DATA,WATCH,VULNERABLE,RESILIENT,HIGH_RISK,AVOID,False,1
EID,NORMAL_ENTERPRISE,READY,RESILIENT,RESILIENT,INSUFFICIENT_DATA,INSUFFICIENT_DATA,INSUFFICIENT_DATA,RESILIENT,INSUFFICIENT_DATA,RESILIENT,CLEAR,WAIT_FOR_MOS,False,0
EIN,NORMAL_ENTERPRISE,READY,VULNERABLE,VULNERABLE,INSUFFICIENT_DATA,INSUFFICIENT_DATA,INSUFFICIENT_DATA,WATCH,VULNERABLE,RESILIENT,HIGH_RISK,AVOID,False,3
ELC,NORMAL_ENTERPRISE,READY,VULNERABLE,VULNERABLE,INSUFFICIENT_DATA,INSUFFICIENT_DATA,INSUFFICIENT_DATA,WATCH,VULNERABLE,RESILIENT,HIGH_RISK,AVOID,False,2
EME,NORMAL_ENTERPRISE,READY,VULNERABLE,VULNERABLE,INSUFFICIENT_DATA,INSUFFICIENT_DATA,INSUFFICIENT_DATA,WATCH,VULNERABLE,RESILIENT,HIGH_RISK,AVOID,False,4
EMG,NORMAL_ENTERPRISE,READY,WATCH,WATCH,INSUFFICIENT_DATA,INSUFFICIENT_DATA,INSUFFICIENT_DATA,RESILIENT,WATCH,RESILIENT,WATCH,WAIT_FOR_MOS,False,0
EMS,NORMAL_ENTERPRISE,READY,WATCH,RESILIENT,INSUFFICIENT_DATA,INSUFFICIENT_DATA,INSUFFICIENT_DATA,RESILIENT,WATCH,RESILIENT,WATCH,WAIT_FOR_MOS,False,0
EVE,NORMAL_ENTERPRISE,READY,VULNERABLE,VULNERABLE,INSUFFICIENT_DATA,INSUFFICIENT_DATA,INSUFFICIENT_DATA,WATCH,VULNERABLE,RESILIENT,HIGH_RISK,AVOID,False,1
EVF,NORMAL_ENTERPRISE,READY,VULNERABLE,VULNERABLE,INSUFFICIENT_DATA,INSUFFICIENT_DATA,INSUFFICIENT_DATA,WATCH,VULNERABLE,RESILIENT,HIGH_RISK,AVOID,False,3
EVG,NORMAL_ENTERPRISE,READY,VULNERABLE,VULNERABLE,INSUFFICIENT_DATA,INSUFFICIENT_DATA,INSUFFICIENT_DATA,WATCH,VULNERABLE,RESILIENT,HIGH_RISK,AVOID,False,3
EVS,NORMAL_ENTERPRISE,READY,VULNERABLE,VULNERABLE,INSUFFICIENT_DATA,INSUFFICIENT_DATA,INSUFFICIENT_DATA,WATCH,VULNERABLE,RESILIENT,HIGH_RISK,AVOID,False,3
F88,NORMAL_ENTERPRISE,READY,VULNERABLE,RESILIENT,INSUFFICIENT_DATA,INSUFFICIENT_DATA,INSUFFICIENT_DATA,WATCH,VULNERABLE,RESILIENT,HIGH_RISK,AVOID,False,1
FBC,NORMAL_ENTERPRISE,READY,VULNERABLE,RESILIENT,INSUFFICIENT_DATA,INSUFFICIENT_DATA,INSUFFICIENT_DATA,WATCH,VULNERABLE,RESILIENT,HIGH_RISK,AVOID,False,1
FCC,NORMAL_ENTERPRISE,READY,VULNERABLE,VULNERABLE,INSUFFICIENT_DATA,INSUFFICIENT_DATA,INSUFFICIENT_DATA,WATCH,VULNERABLE,RESILIENT,HIGH_RISK,AVOID,False,3
FCM,NORMAL_ENTERPRISE,READY,VULNERABLE,VULNERABLE,INSUFFICIENT_DATA,INSUFFICIENT_DATA,INSUFFICIENT_DATA,WATCH,VULNERABLE,RESILIENT,HIGH_RISK,AVOID,False,1
FCN,NORMAL_ENTERPRISE,READY,VULNERABLE,WATCH,INSUFFICIENT_DATA,INSUFFICIENT_DATA,INSUFFICIENT_DATA,WATCH,VULNERABLE,RESILIENT,HIGH_RISK,AVOID,False,1
FCS,NORMAL_ENTERPRISE,READY,VULNERABLE,VULNERABLE,INSUFFICIENT_DATA,INSUFFICIENT_DATA,INSUFFICIENT_DATA,WATCH,VULNERABLE,RESILIENT,HIGH_RISK,AVOID,False,4
FDC,NORMAL_ENTERPRISE,READY,VULNERABLE,VULNERABLE,INSUFFICIENT_DATA,INSUFFICIENT_DATA,INSUFFICIENT_DATA,WATCH,VULNERABLE,RESILIENT,HIGH_RISK,AVOID,False,2
FGL,NORMAL_ENTERPRISE,READY,VULNERABLE,VULNERABLE,INSUFFICIENT_DATA,INSUFFICIENT_DATA,INSUFFICIENT_DATA,WATCH,VULNERABLE,RESILIENT,HIGH_RISK,AVOID,False,3
FHN,NORMAL_ENTERPRISE,READY,VULNERABLE,VULNERABLE,INSUFFICIENT_DATA,INSUFFICIENT_DATA,INSUFFICIENT_DATA,WATCH,VULNERABLE,RESILIENT,HIGH_RISK,AVOID,False,2
FHS,NORMAL_ENTERPRISE,READY,VULNERABLE,RESILIENT,INSUFFICIENT_DATA,INSUFFICIENT_DATA,INSUFFICIENT_DATA,WATCH,VULNERABLE,RESILIENT,HIGH_RISK,AVOID,False,2
FIC,NORMAL_ENTERPRISE,READY,VULNERABLE,VULNERABLE,INSUFFICIENT_DATA,INSUFFICIENT_DATA,INSUFFICIENT_DATA,WATCH,VULNERABLE,RESILIENT,HIGH_RISK,AVOID,False,1
FID,NORMAL_ENTERPRISE,READY,VULNERABLE,VULNERABLE,INSUFFICIENT_DATA,INSUFFICIENT_DATA,INSUFFICIENT_DATA,WATCH,VULNERABLE,RESILIENT,HIGH_RISK,AVOID,False,3
FIR,NORMAL_ENTERPRISE,READY,VULNERABLE,WATCH,INSUFFICIENT_DATA,INSUFFICIENT_DATA,INSUFFICIENT_DATA,WATCH,VULNERABLE,RESILIENT,HIGH_RISK,AVOID,False,1
FIT,NORMAL_ENTERPRISE,READY,VULNERABLE,VULNERABLE,INSUFFICIENT_DATA,INSUFFICIENT_DATA,INSUFFICIENT_DATA,WATCH,VULNERABLE,RESILIENT,HIGH_RISK,AVOID,False,2
FMC,NORMAL_ENTERPRISE,READY,RESILIENT,RESILIENT,INSUFFICIENT_DATA,INSUFFICIENT_DATA,INSUFFICIENT_DATA,RESILIENT,INSUFFICIENT_DATA,RESILIENT,CLEAR,WAIT_FOR_MOS,False,0
FOC,NORMAL_ENTERPRISE,READY,WATCH,RESILIENT,INSUFFICIENT_DATA,INSUFFICIENT_DATA,INSUFFICIENT_DATA,RESILIENT,WATCH,RESILIENT,WATCH,WAIT_FOR_MOS,False,0
FOX,NORMAL_ENTERPRISE,READY,WATCH,RESILIENT,INSUFFICIENT_DATA,INSUFFICIENT_DATA,INSUFFICIENT_DATA,RESILIENT,WATCH,RESILIENT,WATCH,WAIT_FOR_MOS,False,0
FPT,NORMAL_ENTERPRISE,READY,WATCH,RESILIENT,INSUFFICIENT_DATA,INSUFFICIENT_DATA,INSUFFICIENT_DATA,RESILIENT,WATCH,RESILIENT,WATCH,WAIT_FOR_MOS,False,0
FRC,NORMAL_ENTERPRISE,READY,WATCH,RESILIENT,INSUFFICIENT_DATA,INSUFFICIENT_DATA,INSUFFICIENT_DATA,RESILIENT,WATCH,RESILIENT,WATCH,WAIT_FOR_MOS,False,0
FRM,NORMAL_ENTERPRISE,READY,VULNERABLE,VULNERABLE,INSUFFICIENT_DATA,INSUFFICIENT_DATA,INSUFFICIENT_DATA,WATCH,VULNERABLE,RESILIENT,HIGH_RISK,AVOID,False,2
FRT,NORMAL_ENTERPRISE,READY,VULNERABLE,RESILIENT,INSUFFICIENT_DATA,INSUFFICIENT_DATA,INSUFFICIENT_DATA,WATCH,VULNERABLE,RESILIENT,HIGH_RISK,AVOID,False,3
FSO,NORMAL_ENTERPRISE,READY,VULNERABLE,VULNERABLE,INSUFFICIENT_DATA,INSUFFICIENT_DATA,INSUFFICIENT_DATA,WATCH,VULNERABLE,RESILIENT,HIGH_RISK,AVOID,False,3
FTI,NORMAL_ENTERPRISE,READY,VULNERABLE,VULNERABLE,INSUFFICIENT_DATA,INSUFFICIENT_DATA,INSUFFICIENT_DATA,WATCH,VULNERABLE,RESILIENT,HIGH_RISK,AVOID,False,3
FTM,NORMAL_ENTERPRISE,READY,VULNERABLE,VULNERABLE,INSUFFICIENT_DATA,INSUFFICIENT_DATA,INSUFFICIENT_DATA,WATCH,VULNERABLE,RESILIENT,HIGH_RISK,AVOID,False,3
FTS,SECURITIES,READY,RESILIENT,WATCH,INSUFFICIENT_DATA,INSUFFICIENT_DATA,INSUFFICIENT_DATA,RESILIENT,INSUFFICIENT_DATA,RESILIENT,CLEAR,WAIT_FOR_MOS,False,0
G20,NORMAL_ENTERPRISE,PARTIAL,VULNERABLE,VULNERABLE,INSUFFICIENT_DATA,INSUFFICIENT_DATA,INSUFFICIENT_DATA,WATCH,VULNERABLE,RESILIENT,HIGH_RISK,AVOID,False,3
G36,NORMAL_ENTERPRISE,READY,VULNERABLE,VULNERABLE,INSUFFICIENT_DATA,INSUFFICIENT_DATA,INSUFFICIENT_DATA,WATCH,VULNERABLE,RESILIENT,HIGH_RISK,AVOID,False,1
GAS,NORMAL_ENTERPRISE,READY,WATCH,RESILIENT,INSUFFICIENT_DATA,INSUFFICIENT_DATA,INSUFFICIENT_DATA,RESILIENT,WATCH,RESILIENT,WATCH,WAIT_FOR_MOS,False,0
GCB,NORMAL_ENTERPRISE,READY,VULNERABLE,VULNERABLE,INSUFFICIENT_DATA,INSUFFICIENT_DATA,INSUFFICIENT_DATA,WATCH,VULNERABLE,RESILIENT,HIGH_RISK,AVOID,False,3
GCF,NORMAL_ENTERPRISE,READY,VULNERABLE,VULNERABLE,INSUFFICIENT_DATA,INSUFFICIENT_DATA,INSUFFICIENT_DATA,WATCH,VULNERABLE,RESILIENT,HIGH_RISK,AVOID,False,1
GDH,NORMAL_ENTERPRISE,INSUFFICIENT,VULNERABLE,RESILIENT,INSUFFICIENT_DATA,INSUFFICIENT_DATA,INSUFFICIENT_DATA,WATCH,VULNERABLE,RESILIENT,HIGH_RISK,AVOID,False,1
GDT,NORMAL_ENTERPRISE,READY,WATCH,RESILIENT,INSUFFICIENT_DATA,INSUFFICIENT_DATA,INSUFFICIENT_DATA,RESILIENT,WATCH,RESILIENT,WATCH,WAIT_FOR_MOS,False,0
GDW,NORMAL_ENTERPRISE,READY,RESILIENT,WATCH,INSUFFICIENT_DATA,INSUFFICIENT_DATA,INSUFFICIENT_DATA,RESILIENT,INSUFFICIENT_DATA,RESILIENT,CLEAR,WAIT_FOR_MOS,False,0
GEE,NORMAL_ENTERPRISE,READY,WATCH,RESILIENT,INSUFFICIENT_DATA,INSUFFICIENT_DATA,INSUFFICIENT_DATA,RESILIENT,WATCH,RESILIENT,WATCH,WAIT_FOR_MOS,False,0
GEG,NORMAL_ENTERPRISE,READY,VULNERABLE,VULNERABLE,INSUFFICIENT_DATA,INSUFFICIENT_DATA,INSUFFICIENT_DATA,WATCH,VULNERABLE,RESILIENT,HIGH_RISK,AVOID,False,1
GEL,NORMAL_ENTERPRISE,PARTIAL,VULNERABLE,VULNERABLE,INSUFFICIENT_DATA,INSUFFICIENT_DATA,INSUFFICIENT_DATA,WATCH,VULNERABLE,RESILIENT,HIGH_RISK,AVOID,False,2
GER,NORMAL_ENTERPRISE,READY,VULNERABLE,VULNERABLE,INSUFFICIENT_DATA,INSUFFICIENT_DATA,INSUFFICIENT_DATA,WATCH,VULNERABLE,RESILIENT,HIGH_RISK,AVOID,False,3
GEX,NORMAL_ENTERPRISE,READY,WATCH,WATCH,INSUFFICIENT_DATA,INSUFFICIENT_DATA,INSUFFICIENT_DATA,RESILIENT,WATCH,RESILIENT,WATCH,WAIT_FOR_MOS,False,0
GGG,NORMAL_ENTERPRISE,READY,VULNERABLE,WATCH,INSUFFICIENT_DATA,INSUFFICIENT_DATA,INSUFFICIENT_DATA,WATCH,VULNERABLE,RESILIENT,HIGH_RISK,AVOID,False,1
GHC,NORMAL_ENTERPRISE,READY,WATCH,RESILIENT,INSUFFICIENT_DATA,INSUFFICIENT_DATA,INSUFFICIENT_DATA,RESILIENT,WATCH,RESILIENT,WATCH,WAIT_FOR_MOS,False,0
GIC,NORMAL_ENTERPRISE,READY,VULNERABLE,VULNERABLE,INSUFFICIENT_DATA,INSUFFICIENT_DATA,INSUFFICIENT_DATA,WATCH,VULNERABLE,RESILIENT,HIGH_RISK,AVOID,False,1
GIL,NORMAL_ENTERPRISE,READY,VULNERABLE,RESILIENT,INSUFFICIENT_DATA,INSUFFICIENT_DATA,INSUFFICIENT_DATA,WATCH,VULNERABLE,RESILIENT,HIGH_RISK,AVOID,False,2
GKM,NORMAL_ENTERPRISE,READY,VULNERABLE,VULNERABLE,INSUFFICIENT_DATA,INSUFFICIENT_DATA,INSUFFICIENT_DATA,WATCH,VULNERABLE,RESILIENT,HIGH_RISK,AVOID,False,2
GLC,NORMAL_ENTERPRISE,READY,VULNERABLE,VULNERABLE,INSUFFICIENT_DATA,INSUFFICIENT_DATA,INSUFFICIENT_DATA,WATCH,VULNERABLE,RESILIENT,HIGH_RISK,AVOID,False,3
GLT,NORMAL_ENTERPRISE,READY,VULNERABLE,RESILIENT,INSUFFICIENT_DATA,INSUFFICIENT_DATA,INSUFFICIENT_DATA,WATCH,VULNERABLE,RESILIENT,HIGH_RISK,AVOID,False,1
GLW,NORMAL_ENTERPRISE,READY,VULNERABLE,VULNERABLE,INSUFFICIENT_DATA,INSUFFICIENT_DATA,INSUFFICIENT_DATA,WATCH,VULNERABLE,RESILIENT,HIGH_RISK,AVOID,False,2
GMA,NORMAL_ENTERPRISE,READY,VULNERABLE,VULNERABLE,INSUFFICIENT_DATA,INSUFFICIENT_DATA,INSUFFICIENT_DATA,WATCH,VULNERABLE,RESILIENT,HIGH_RISK,AVOID,False,2
GMC,NORMAL_ENTERPRISE,READY,VULNERABLE,VULNERABLE,INSUFFICIENT_DATA,INSUFFICIENT_DATA,INSUFFICIENT_DATA,WATCH,VULNERABLE,RESILIENT,HIGH_RISK,AVOID,False,3
GMD,NORMAL_ENTERPRISE,READY,VULNERABLE,VULNERABLE,INSUFFICIENT_DATA,INSUFFICIENT_DATA,INSUFFICIENT_DATA,WATCH,VULNERABLE,RESILIENT,HIGH_RISK,AVOID,False,1
GMH,NORMAL_ENTERPRISE,READY,VULNERABLE,VULNERABLE,INSUFFICIENT_DATA,INSUFFICIENT_DATA,INSUFFICIENT_DATA,WATCH,VULNERABLE,RESILIENT,HIGH_RISK,AVOID,False,1
GMX,NORMAL_ENTERPRISE,READY,WATCH,RESILIENT,INSUFFICIENT_DATA,INSUFFICIENT_DATA,INSUFFICIENT_DATA,RESILIENT,WATCH,RESILIENT,WATCH,WAIT_FOR_MOS,False,0
GND,NORMAL_ENTERPRISE,READY,WATCH,RESILIENT,INSUFFICIENT_DATA,INSUFFICIENT_DATA,INSUFFICIENT_DATA,RESILIENT,WATCH,RESILIENT,WATCH,WAIT_FOR_MOS,False,0
GPC,NORMAL_ENTERPRISE,READY,VULNERABLE,VULNERABLE,INSUFFICIENT_DATA,INSUFFICIENT_DATA,INSUFFICIENT_DATA,WATCH,VULNERABLE,RESILIENT,HIGH_RISK,AVOID,False,2
GSM,NORMAL_ENTERPRISE,READY,RESILIENT,WATCH,INSUFFICIENT_DATA,INSUFFICIENT_DATA,INSUFFICIENT_DATA,RESILIENT,INSUFFICIENT_DATA,RESILIENT,CLEAR,WAIT_FOR_MOS,False,0
GSP,NORMAL_ENTERPRISE,READY,WATCH,WATCH,INSUFFICIENT_DATA,INSUFFICIENT_DATA,INSUFFICIENT_DATA,RESILIENT,WATCH,RESILIENT,WATCH,WAIT_FOR_MOS,False,0
GTA,NORMAL_ENTERPRISE,READY,VULNERABLE,VULNERABLE,INSUFFICIENT_DATA,INSUFFICIENT_DATA,INSUFFICIENT_DATA,WATCH,VULNERABLE,RESILIENT,HIGH_RISK,AVOID,False,2
GTD,NORMAL_ENTERPRISE,READY,VULNERABLE,VULNERABLE,INSUFFICIENT_DATA,INSUFFICIENT_DATA,INSUFFICIENT_DATA,WATCH,VULNERABLE,RESILIENT,HIGH_RISK,AVOID,False,2
GTS,NORMAL_ENTERPRISE,READY,VULNERABLE,WATCH,INSUFFICIENT_DATA,INSUFFICIENT_DATA,INSUFFICIENT_DATA,WATCH,VULNERABLE,RESILIENT,HIGH_RISK,AVOID,False,1
GTT,NORMAL_ENTERPRISE,READY,VULNERABLE,WATCH,INSUFFICIENT_DATA,INSUFFICIENT_DATA,INSUFFICIENT_DATA,WATCH,VULNERABLE,RESILIENT,HIGH_RISK,AVOID,False,1
GVR,NORMAL_ENTERPRISE,READY,VULNERABLE,VULNERABLE,INSUFFICIENT_DATA,INSUFFICIENT_DATA,INSUFFICIENT_DATA,WATCH,VULNERABLE,RESILIENT,HIGH_RISK,AVOID,False,1
GVT,NORMAL_ENTERPRISE,READY,WATCH,RESILIENT,INSUFFICIENT_DATA,INSUFFICIENT_DATA,INSUFFICIENT_DATA,RESILIENT,WATCH,RESILIENT,WATCH,WAIT_FOR_MOS,False,0
HAC,NORMAL_ENTERPRISE,READY,VULNERABLE,VULNERABLE,INSUFFICIENT_DATA,INSUFFICIENT_DATA,INSUFFICIENT_DATA,WATCH,VULNERABLE,RESILIENT,HIGH_RISK,AVOID,False,3
HAD,NORMAL_ENTERPRISE,READY,RESILIENT,WATCH,INSUFFICIENT_DATA,INSUFFICIENT_DATA,INSUFFICIENT_DATA,RESILIENT,INSUFFICIENT_DATA,RESILIENT,CLEAR,WAIT_FOR_MOS,False,0
HAF,NORMAL_ENTERPRISE,READY,VULNERABLE,VULNERABLE,INSUFFICIENT_DATA,INSUFFICIENT_DATA,INSUFFICIENT_DATA,WATCH,VULNERABLE,RESILIENT,HIGH_RISK,AVOID,False,3
HAG,NORMAL_ENTERPRISE,READY,VULNERABLE,VULNERABLE,INSUFFICIENT_DATA,INSUFFICIENT_DATA,INSUFFICIENT_DATA,WATCH,VULNERABLE,RESILIENT,HIGH_RISK,AVOID,False,3
HAH,NORMAL_ENTERPRISE,READY,WATCH,RESILIENT,INSUFFICIENT_DATA,INSUFFICIENT_DATA,INSUFFICIENT_DATA,RESILIENT,WATCH,RESILIENT,WATCH,WAIT_FOR_MOS,False,0
HAM,NORMAL_ENTERPRISE,READY,VULNERABLE,RESILIENT,INSUFFICIENT_DATA,INSUFFICIENT_DATA,INSUFFICIENT_DATA,WATCH,VULNERABLE,RESILIENT,HIGH_RISK,AVOID,False,2
HAN,NORMAL_ENTERPRISE,READY,VULNERABLE,VULNERABLE,INSUFFICIENT_DATA,INSUFFICIENT_DATA,INSUFFICIENT_DATA,WATCH,VULNERABLE,RESILIENT,HIGH_RISK,AVOID,False,3
HAP,NORMAL_ENTERPRISE,READY,VULNERABLE,VULNERABLE,INSUFFICIENT_DATA,INSUFFICIENT_DATA,INSUFFICIENT_DATA,WATCH,VULNERABLE,RESILIENT,HIGH_RISK,AVOID,False,2
HAR,NORMAL_ENTERPRISE,READY,VULNERABLE,VULNERABLE,INSUFFICIENT_DATA,INSUFFICIENT_DATA,INSUFFICIENT_DATA,WATCH,VULNERABLE,RESILIENT,HIGH_RISK,AVOID,False,2
HAS,NORMAL_ENTERPRISE,READY,VULNERABLE,VULNERABLE,INSUFFICIENT_DATA,INSUFFICIENT_DATA,INSUFFICIENT_DATA,WATCH,VULNERABLE,RESILIENT,HIGH_RISK,AVOID,False,3
HAT,NORMAL_ENTERPRISE,READY,VULNERABLE,RESILIENT,INSUFFICIENT_DATA,INSUFFICIENT_DATA,INSUFFICIENT_DATA,WATCH,VULNERABLE,RESILIENT,HIGH_RISK,AVOID,False,2
HAV,NORMAL_ENTERPRISE,PARTIAL,RESILIENT,WATCH,INSUFFICIENT_DATA,INSUFFICIENT_DATA,INSUFFICIENT_DATA,VULNERABLE,WATCH,RESILIENT,WATCH,WAIT_FOR_MOS,False,0
HAX,NORMAL_ENTERPRISE,READY,VULNERABLE,RESILIENT,INSUFFICIENT_DATA,INSUFFICIENT_DATA,INSUFFICIENT_DATA,WATCH,VULNERABLE,RESILIENT,HIGH_RISK,AVOID,False,2
HBC,NORMAL_ENTERPRISE,READY,VULNERABLE,WATCH,INSUFFICIENT_DATA,INSUFFICIENT_DATA,INSUFFICIENT_DATA,WATCH,VULNERABLE,RESILIENT,HIGH_RISK,AVOID,False,4
HBD,NORMAL_ENTERPRISE,READY,VULNERABLE,WATCH,INSUFFICIENT_DATA,INSUFFICIENT_DATA,INSUFFICIENT_DATA,WATCH,VULNERABLE,RESILIENT,HIGH_RISK,AVOID,False,1
HBH,NORMAL_ENTERPRISE,READY,VULNERABLE,VULNERABLE,INSUFFICIENT_DATA,INSUFFICIENT_DATA,INSUFFICIENT_DATA,WATCH,VULNERABLE,RESILIENT,HIGH_RISK,AVOID,False,2
HBS,NORMAL_ENTERPRISE,READY,VULNERABLE,VULNERABLE,INSUFFICIENT_DATA,INSUFFICIENT_DATA,INSUFFICIENT_DATA,WATCH,VULNERABLE,RESILIENT,HIGH_RISK,AVOID,False,2
HC3,NORMAL_ENTERPRISE,READY,VULNERABLE,VULNERABLE,INSUFFICIENT_DATA,INSUFFICIENT_DATA,INSUFFICIENT_DATA,WATCH,VULNERABLE,RESILIENT,HIGH_RISK,AVOID,False,2
HCC,NORMAL_ENTERPRISE,READY,RESILIENT,RESILIENT,INSUFFICIENT_DATA,INSUFFICIENT_DATA,INSUFFICIENT_DATA,RESILIENT,INSUFFICIENT_DATA,RESILIENT,CLEAR,WAIT_FOR_MOS,False,0
HCD,NORMAL_ENTERPRISE,READY,VULNERABLE,VULNERABLE,INSUFFICIENT_DATA,INSUFFICIENT_DATA,INSUFFICIENT_DATA,WATCH,VULNERABLE,RESILIENT,HIGH_RISK,AVOID,False,2
HCI,NORMAL_ENTERPRISE,READY,VULNERABLE,VULNERABLE,INSUFFICIENT_DATA,INSUFFICIENT_DATA,INSUFFICIENT_DATA,WATCH,VULNERABLE,RESILIENT,HIGH_RISK,AVOID,False,4
HCM,SECURITIES,READY,RESILIENT,WATCH,INSUFFICIENT_DATA,INSUFFICIENT_DATA,INSUFFICIENT_DATA,RESILIENT,INSUFFICIENT_DATA,RESILIENT,CLEAR,WAIT_FOR_MOS,False,0
HCT,NORMAL_ENTERPRISE,READY,VULNERABLE,VULNERABLE,INSUFFICIENT_DATA,INSUFFICIENT_DATA,INSUFFICIENT_DATA,WATCH,VULNERABLE,RESILIENT,HIGH_RISK,AVOID,False,2
HD6,NORMAL_ENTERPRISE,READY,VULNERABLE,VULNERABLE,INSUFFICIENT_DATA,INSUFFICIENT_DATA,INSUFFICIENT_DATA,WATCH,VULNERABLE,RESILIENT,HIGH_RISK,AVOID,False,2
HDA,NORMAL_ENTERPRISE,READY,VULNERABLE,VULNERABLE,INSUFFICIENT_DATA,INSUFFICIENT_DATA,INSUFFICIENT_DATA,WATCH,VULNERABLE,RESILIENT,HIGH_RISK,AVOID,False,2
HDB,BANK,READY,RESILIENT,RESILIENT,INSUFFICIENT_DATA,INSUFFICIENT_DATA,INSUFFICIENT_DATA,RESILIENT,INSUFFICIENT_DATA,RESILIENT,CLEAR,WAIT_FOR_MOS,False,0
HDC,NORMAL_ENTERPRISE,READY,VULNERABLE,WATCH,INSUFFICIENT_DATA,INSUFFICIENT_DATA,INSUFFICIENT_DATA,WATCH,VULNERABLE,RESILIENT,HIGH_RISK,AVOID,False,1
HDG,NORMAL_ENTERPRISE,READY,WATCH,WATCH,INSUFFICIENT_DATA,INSUFFICIENT_DATA,INSUFFICIENT_DATA,RESILIENT,WATCH,RESILIENT,WATCH,WAIT_FOR_MOS,False,0
HDM,NORMAL_ENTERPRISE,READY,VULNERABLE,RESILIENT,INSUFFICIENT_DATA,INSUFFICIENT_DATA,INSUFFICIENT_DATA,WATCH,VULNERABLE,RESILIENT,HIGH_RISK,AVOID,False,1
HDP,NORMAL_ENTERPRISE,READY,VULNERABLE,VULNERABLE,INSUFFICIENT_DATA,INSUFFICIENT_DATA,INSUFFICIENT_DATA,WATCH,VULNERABLE,RESILIENT,HIGH_RISK,AVOID,False,1
HDW,NORMAL_ENTERPRISE,READY,RESILIENT,WATCH,INSUFFICIENT_DATA,INSUFFICIENT_DATA,INSUFFICIENT_DATA,RESILIENT,INSUFFICIENT_DATA,RESILIENT,CLEAR,WAIT_FOR_MOS,False,0
HEC,NORMAL_ENTERPRISE,READY,VULNERABLE,RESILIENT,INSUFFICIENT_DATA,INSUFFICIENT_DATA,INSUFFICIENT_DATA,WATCH,VULNERABLE,RESILIENT,HIGH_RISK,AVOID,False,1
HEJ,NORMAL_ENTERPRISE,READY,VULNERABLE,VULNERABLE,INSUFFICIENT_DATA,INSUFFICIENT_DATA,INSUFFICIENT_DATA,WATCH,VULNERABLE,RESILIENT,HIGH_RISK,AVOID,False,4
HEP,NORMAL_ENTERPRISE,READY,VULNERABLE,VULNERABLE,INSUFFICIENT_DATA,INSUFFICIENT_DATA,INSUFFICIENT_DATA,WATCH,VULNERABLE,RESILIENT,HIGH_RISK,AVOID,False,2
HES,NORMAL_ENTERPRISE,READY,VULNERABLE,VULNERABLE,INSUFFICIENT_DATA,INSUFFICIENT_DATA,INSUFFICIENT_DATA,WATCH,VULNERABLE,RESILIENT,HIGH_RISK,AVOID,False,2
HEV,NORMAL_ENTERPRISE,READY,VULNERABLE,WATCH,INSUFFICIENT_DATA,INSUFFICIENT_DATA,INSUFFICIENT_DATA,WATCH,VULNERABLE,RESILIENT,HIGH_RISK,AVOID,False,2
HFB,NORMAL_ENTERPRISE,READY,VULNERABLE,VULNERABLE,INSUFFICIENT_DATA,INSUFFICIENT_DATA,INSUFFICIENT_DATA,WATCH,VULNERABLE,RESILIENT,HIGH_RISK,AVOID,False,3
HFC,NORMAL_ENTERPRISE,READY,VULNERABLE,VULNERABLE,INSUFFICIENT_DATA,INSUFFICIENT_DATA,INSUFFICIENT_DATA,WATCH,VULNERABLE,RESILIENT,HIGH_RISK,AVOID,False,2
HFX,NORMAL_ENTERPRISE,READY,VULNERABLE,WATCH,INSUFFICIENT_DATA,INSUFFICIENT_DATA,INSUFFICIENT_DATA,WATCH,VULNERABLE,RESILIENT,HIGH_RISK,AVOID,False,1
HGM,NORMAL_ENTERPRISE,READY,RESILIENT,RESILIENT,INSUFFICIENT_DATA,INSUFFICIENT_DATA,INSUFFICIENT_DATA,RESILIENT,INSUFFICIENT_DATA,RESILIENT,CLEAR,WAIT_FOR_MOS,False,0
HGT,NORMAL_ENTERPRISE,READY,VULNERABLE,VULNERABLE,INSUFFICIENT_DATA,INSUFFICIENT_DATA,INSUFFICIENT_DATA,WATCH,VULNERABLE,RESILIENT,HIGH_RISK,AVOID,False,3
HHB,NORMAL_ENTERPRISE,INSUFFICIENT,RESILIENT,WATCH,INSUFFICIENT_DATA,INSUFFICIENT_DATA,INSUFFICIENT_DATA,VULNERABLE,INSUFFICIENT_DATA,RESILIENT,WATCH,REVIEW_BUSINESS,False,0
HHC,NORMAL_ENTERPRISE,READY,VULNERABLE,VULNERABLE,INSUFFICIENT_DATA,INSUFFICIENT_DATA,INSUFFICIENT_DATA,WATCH,VULNERABLE,RESILIENT,HIGH_RISK,AVOID,False,2
HHG,NORMAL_ENTERPRISE,READY,VULNERABLE,VULNERABLE,INSUFFICIENT_DATA,INSUFFICIENT_DATA,INSUFFICIENT_DATA,WATCH,VULNERABLE,RESILIENT,HIGH_RISK,AVOID,False,4
HHN,NORMAL_ENTERPRISE,READY,VULNERABLE,VULNERABLE,INSUFFICIENT_DATA,INSUFFICIENT_DATA,INSUFFICIENT_DATA,WATCH,VULNERABLE,RESILIENT,HIGH_RISK,AVOID,False,2
HHP,NORMAL_ENTERPRISE,READY,VULNERABLE,VULNERABLE,INSUFFICIENT_DATA,INSUFFICIENT_DATA,INSUFFICIENT_DATA,WATCH,VULNERABLE,RESILIENT,HIGH_RISK,AVOID,False,3
HHS,NORMAL_ENTERPRISE,READY,VULNERABLE,VULNERABLE,INSUFFICIENT_DATA,INSUFFICIENT_DATA,INSUFFICIENT_DATA,WATCH,VULNERABLE,RESILIENT,HIGH_RISK,AVOID,False,3
HHV,NORMAL_ENTERPRISE,READY,VULNERABLE,VULNERABLE,INSUFFICIENT_DATA,INSUFFICIENT_DATA,INSUFFICIENT_DATA,WATCH,VULNERABLE,RESILIENT,HIGH_RISK,AVOID,False,3
HII,NORMAL_ENTERPRISE,READY,VULNERABLE,VULNERABLE,INSUFFICIENT_DATA,INSUFFICIENT_DATA,INSUFFICIENT_DATA,WATCH,VULNERABLE,RESILIENT,HIGH_RISK,AVOID,False,2
HIO,NORMAL_ENTERPRISE,PARTIAL,VULNERABLE,VULNERABLE,INSUFFICIENT_DATA,INSUFFICIENT_DATA,INSUFFICIENT_DATA,WATCH,VULNERABLE,RESILIENT,HIGH_RISK,AVOID,False,1
HJC,NORMAL_ENTERPRISE,READY,VULNERABLE,VULNERABLE,INSUFFICIENT_DATA,INSUFFICIENT_DATA,INSUFFICIENT_DATA,WATCH,VULNERABLE,RESILIENT,HIGH_RISK,AVOID,False,3
HJS,NORMAL_ENTERPRISE,READY,RESILIENT,RESILIENT,INSUFFICIENT_DATA,INSUFFICIENT_DATA,INSUFFICIENT_DATA,RESILIENT,INSUFFICIENT_DATA,RESILIENT,CLEAR,WAIT_FOR_MOS,False,0
HKB,NORMAL_ENTERPRISE,READY,VULNERABLE,VULNERABLE,INSUFFICIENT_DATA,INSUFFICIENT_DATA,INSUFFICIENT_DATA,WATCH,VULNERABLE,RESILIENT,HIGH_RISK,AVOID,False,3
HKT,NORMAL_ENTERPRISE,READY,VULNERABLE,VULNERABLE,INSUFFICIENT_DATA,INSUFFICIENT_DATA,INSUFFICIENT_DATA,WATCH,VULNERABLE,RESILIENT,HIGH_RISK,AVOID,False,3
HLA,NORMAL_ENTERPRISE,READY,VULNERABLE,WATCH,INSUFFICIENT_DATA,INSUFFICIENT_DATA,INSUFFICIENT_DATA,WATCH,VULNERABLE,RESILIENT,HIGH_RISK,AVOID,False,1
HLB,NORMAL_ENTERPRISE,READY,RESILIENT,RESILIENT,INSUFFICIENT_DATA,INSUFFICIENT_DATA,INSUFFICIENT_DATA,RESILIENT,INSUFFICIENT_DATA,RESILIENT,CLEAR,WAIT_FOR_MOS,False,0
HLC,NORMAL_ENTERPRISE,READY,VULNERABLE,RESILIENT,INSUFFICIENT_DATA,INSUFFICIENT_DATA,INSUFFICIENT_DATA,WATCH,VULNERABLE,RESILIENT,HIGH_RISK,AVOID,False,1
HLD,NORMAL_ENTERPRISE,READY,VULNERABLE,VULNERABLE,INSUFFICIENT_DATA,INSUFFICIENT_DATA,INSUFFICIENT_DATA,WATCH,VULNERABLE,RESILIENT,HIGH_RISK,AVOID,False,3
HLO,NORMAL_ENTERPRISE,PARTIAL,WATCH,WATCH,INSUFFICIENT_DATA,INSUFFICIENT_DATA,INSUFFICIENT_DATA,WATCH,WATCH,RESILIENT,WATCH,WAIT_FOR_MOS,False,0
HLS,NORMAL_ENTERPRISE,READY,WATCH,RESILIENT,INSUFFICIENT_DATA,INSUFFICIENT_DATA,INSUFFICIENT_DATA,RESILIENT,WATCH,RESILIENT,WATCH,WAIT_FOR_MOS,False,0
HLT,NORMAL_ENTERPRISE,READY,VULNERABLE,VULNERABLE,INSUFFICIENT_DATA,INSUFFICIENT_DATA,INSUFFICIENT_DATA,WATCH,VULNERABLE,RESILIENT,HIGH_RISK,AVOID,False,3
HLY,NORMAL_ENTERPRISE,READY,VULNERABLE,VULNERABLE,INSUFFICIENT_DATA,INSUFFICIENT_DATA,INSUFFICIENT_DATA,WATCH,VULNERABLE,RESILIENT,HIGH_RISK,AVOID,False,3
HMC,NORMAL_ENTERPRISE,READY,VULNERABLE,RESILIENT,INSUFFICIENT_DATA,INSUFFICIENT_DATA,INSUFFICIENT_DATA,WATCH,VULNERABLE,RESILIENT,HIGH_RISK,AVOID,False,2
HMD,NORMAL_ENTERPRISE,INSUFFICIENT,VULNERABLE,RESILIENT,INSUFFICIENT_DATA,INSUFFICIENT_DATA,INSUFFICIENT_DATA,WATCH,VULNERABLE,RESILIENT,HIGH_RISK,AVOID,False,1
HMH,NORMAL_ENTERPRISE,READY,VULNERABLE,VULNERABLE,INSUFFICIENT_DATA,INSUFFICIENT_DATA,INSUFFICIENT_DATA,WATCH,VULNERABLE,RESILIENT,HIGH_RISK,AVOID,False,2
HMR,NORMAL_ENTERPRISE,READY,VULNERABLE,VULNERABLE,INSUFFICIENT_DATA,INSUFFICIENT_DATA,INSUFFICIENT_DATA,WATCH,VULNERABLE,RESILIENT,HIGH_RISK,AVOID,False,2
HMS,NORMAL_ENTERPRISE,READY,VULNERABLE,RESILIENT,INSUFFICIENT_DATA,INSUFFICIENT_DATA,INSUFFICIENT_DATA,WATCH,VULNERABLE,RESILIENT,HIGH_RISK,AVOID,False,2
HNA,NORMAL_ENTERPRISE,READY,VULNERABLE,VULNERABLE,INSUFFICIENT_DATA,INSUFFICIENT_DATA,INSUFFICIENT_DATA,WATCH,VULNERABLE,RESILIENT,HIGH_RISK,AVOID,False,1
HNB,NORMAL_ENTERPRISE,READY,VULNERABLE,VULNERABLE,INSUFFICIENT_DATA,INSUFFICIENT_DATA,INSUFFICIENT_DATA,WATCH,VULNERABLE,RESILIENT,HIGH_RISK,AVOID,False,1
HND,NORMAL_ENTERPRISE,READY,VULNERABLE,VULNERABLE,INSUFFICIENT_DATA,INSUFFICIENT_DATA,INSUFFICIENT_DATA,WATCH,VULNERABLE,RESILIENT,HIGH_RISK,AVOID,False,1
HNF,NORMAL_ENTERPRISE,READY,VULNERABLE,WATCH,INSUFFICIENT_DATA,INSUFFICIENT_DATA,INSUFFICIENT_DATA,WATCH,VULNERABLE,RESILIENT,HIGH_RISK,AVOID,False,1
HNG,NORMAL_ENTERPRISE,READY,VULNERABLE,VULNERABLE,INSUFFICIENT_DATA,INSUFFICIENT_DATA,INSUFFICIENT_DATA,WATCH,VULNERABLE,RESILIENT,HIGH_RISK,AVOID,False,4
HNI,NORMAL_ENTERPRISE,READY,WATCH,RESILIENT,INSUFFICIENT_DATA,INSUFFICIENT_DATA,INSUFFICIENT_DATA,RESILIENT,WATCH,RESILIENT,WATCH,WAIT_FOR_MOS,False,0
HNM,NORMAL_ENTERPRISE,READY,VULNERABLE,VULNERABLE,INSUFFICIENT_DATA,INSUFFICIENT_DATA,INSUFFICIENT_DATA,WATCH,VULNERABLE,RESILIENT,HIGH_RISK,AVOID,False,2
HNP,NORMAL_ENTERPRISE,READY,VULNERABLE,VULNERABLE,INSUFFICIENT_DATA,INSUFFICIENT_DATA,INSUFFICIENT_DATA,WATCH,VULNERABLE,RESILIENT,HIGH_RISK,AVOID,False,1
HNR,NORMAL_ENTERPRISE,READY,VULNERABLE,VULNERABLE,INSUFFICIENT_DATA,INSUFFICIENT_DATA,INSUFFICIENT_DATA,WATCH,VULNERABLE,RESILIENT,HIGH_RISK,AVOID,False,2
HOM,NORMAL_ENTERPRISE,READY,VULNERABLE,VULNERABLE,INSUFFICIENT_DATA,INSUFFICIENT_DATA,INSUFFICIENT_DATA,WATCH,VULNERABLE,RESILIENT,HIGH_RISK,AVOID,False,2
HOT,NORMAL_ENTERPRISE,READY,VULNERABLE,WATCH,INSUFFICIENT_DATA,INSUFFICIENT_DATA,INSUFFICIENT_DATA,WATCH,VULNERABLE,RESILIENT,HIGH_RISK,AVOID,False,2
HPA,NORMAL_ENTERPRISE,PARTIAL,RESILIENT,RESILIENT,INSUFFICIENT_DATA,INSUFFICIENT_DATA,INSUFFICIENT_DATA,VULNERABLE,INSUFFICIENT_DATA,RESILIENT,WATCH,WAIT_FOR_MOS,False,0
HPB,NORMAL_ENTERPRISE,READY,VULNERABLE,VULNERABLE,INSUFFICIENT_DATA,INSUFFICIENT_DATA,INSUFFICIENT_DATA,WATCH,VULNERABLE,RESILIENT,HIGH_RISK,AVOID,False,1
HPD,NORMAL_ENTERPRISE,READY,RESILIENT,RESILIENT,INSUFFICIENT_DATA,INSUFFICIENT_DATA,INSUFFICIENT_DATA,RESILIENT,INSUFFICIENT_DATA,RESILIENT,CLEAR,WAIT_FOR_MOS,False,0
HPG,NORMAL_ENTERPRISE,READY,WATCH,RESILIENT,INSUFFICIENT_DATA,INSUFFICIENT_DATA,INSUFFICIENT_DATA,RESILIENT,WATCH,RESILIENT,WATCH,WAIT_FOR_MOS,False,0
HPH,NORMAL_ENTERPRISE,READY,VULNERABLE,VULNERABLE,INSUFFICIENT_DATA,INSUFFICIENT_DATA,INSUFFICIENT_DATA,WATCH,VULNERABLE,RESILIENT,HIGH_RISK,AVOID,False,2
HPI,NORMAL_ENTERPRISE,READY,VULNERABLE,WATCH,INSUFFICIENT_DATA,INSUFFICIENT_DATA,INSUFFICIENT_DATA,WATCH,VULNERABLE,RESILIENT,HIGH_RISK,AVOID,False,3
HPP,NORMAL_ENTERPRISE,READY,VULNERABLE,RESILIENT,INSUFFICIENT_DATA,INSUFFICIENT_DATA,INSUFFICIENT_DATA,WATCH,VULNERABLE,RESILIENT,HIGH_RISK,AVOID,False,1
HPT,NORMAL_ENTERPRISE,READY,VULNERABLE,RESILIENT,INSUFFICIENT_DATA,INSUFFICIENT_DATA,INSUFFICIENT_DATA,WATCH,VULNERABLE,RESILIENT,HIGH_RISK,AVOID,False,1
HPW,NORMAL_ENTERPRISE,READY,VULNERABLE,VULNERABLE,INSUFFICIENT_DATA,INSUFFICIENT_DATA,INSUFFICIENT_DATA,WATCH,VULNERABLE,RESILIENT,HIGH_RISK,AVOID,False,1
HPX,NORMAL_ENTERPRISE,READY,VULNERABLE,VULNERABLE,INSUFFICIENT_DATA,INSUFFICIENT_DATA,INSUFFICIENT_DATA,WATCH,VULNERABLE,RESILIENT,HIGH_RISK,AVOID,False,2
HQC,NORMAL_ENTERPRISE,READY,VULNERABLE,VULNERABLE,INSUFFICIENT_DATA,INSUFFICIENT_DATA,INSUFFICIENT_DATA,WATCH,VULNERABLE,RESILIENT,HIGH_RISK,AVOID,False,3
HRB,NORMAL_ENTERPRISE,READY,WATCH,RESILIENT,INSUFFICIENT_DATA,INSUFFICIENT_DATA,INSUFFICIENT_DATA,RESILIENT,WATCH,RESILIENT,WATCH,WAIT_FOR_MOS,False,0
HRC,NORMAL_ENTERPRISE,READY,VULNERABLE,VULNERABLE,INSUFFICIENT_DATA,INSUFFICIENT_DATA,INSUFFICIENT_DATA,WATCH,VULNERABLE,RESILIENT,HIGH_RISK,AVOID,False,2
HSA,NORMAL_ENTERPRISE,READY,VULNERABLE,VULNERABLE,INSUFFICIENT_DATA,INSUFFICIENT_DATA,INSUFFICIENT_DATA,WATCH,VULNERABLE,RESILIENT,HIGH_RISK,AVOID,False,3
HSG,NORMAL_ENTERPRISE,READY,VULNERABLE,RESILIENT,INSUFFICIENT_DATA,INSUFFICIENT_DATA,INSUFFICIENT_DATA,WATCH,VULNERABLE,RESILIENT,HIGH_RISK,AVOID,False,1
HSL,NORMAL_ENTERPRISE,READY,VULNERABLE,VULNERABLE,INSUFFICIENT_DATA,INSUFFICIENT_DATA,INSUFFICIENT_DATA,WATCH,VULNERABLE,RESILIENT,HIGH_RISK,AVOID,False,2
HSM,NORMAL_ENTERPRISE,READY,VULNERABLE,VULNERABLE,INSUFFICIENT_DATA,INSUFFICIENT_DATA,INSUFFICIENT_DATA,WATCH,VULNERABLE,RESILIENT,HIGH_RISK,AVOID,False,3
HSP,NORMAL_ENTERPRISE,READY,VULNERABLE,VULNERABLE,INSUFFICIENT_DATA,INSUFFICIENT_DATA,INSUFFICIENT_DATA,WATCH,VULNERABLE,RESILIENT,HIGH_RISK,AVOID,False,1
HSV,NORMAL_ENTERPRISE,READY,VULNERABLE,VULNERABLE,INSUFFICIENT_DATA,INSUFFICIENT_DATA,INSUFFICIENT_DATA,WATCH,VULNERABLE,RESILIENT,HIGH_RISK,AVOID,False,3
HT1,NORMAL_ENTERPRISE,READY,VULNERABLE,VULNERABLE,INSUFFICIENT_DATA,INSUFFICIENT_DATA,INSUFFICIENT_DATA,WATCH,VULNERABLE,RESILIENT,HIGH_RISK,AVOID,False,1
HTC,NORMAL_ENTERPRISE,READY,VULNERABLE,WATCH,INSUFFICIENT_DATA,INSUFFICIENT_DATA,INSUFFICIENT_DATA,WATCH,VULNERABLE,RESILIENT,HIGH_RISK,AVOID,False,1
HTE,NORMAL_ENTERPRISE,READY,VULNERABLE,VULNERABLE,INSUFFICIENT_DATA,INSUFFICIENT_DATA,INSUFFICIENT_DATA,WATCH,VULNERABLE,RESILIENT,HIGH_RISK,AVOID,False,3
HTG,NORMAL_ENTERPRISE,READY,VULNERABLE,RESILIENT,INSUFFICIENT_DATA,INSUFFICIENT_DATA,INSUFFICIENT_DATA,WATCH,VULNERABLE,RESILIENT,HIGH_RISK,AVOID,False,1
HTI,NORMAL_ENTERPRISE,READY,RESILIENT,WATCH,INSUFFICIENT_DATA,INSUFFICIENT_DATA,INSUFFICIENT_DATA,RESILIENT,INSUFFICIENT_DATA,RESILIENT,CLEAR,WAIT_FOR_MOS,False,0
HTL,NORMAL_ENTERPRISE,READY,RESILIENT,WATCH,INSUFFICIENT_DATA,INSUFFICIENT_DATA,INSUFFICIENT_DATA,RESILIENT,INSUFFICIENT_DATA,RESILIENT,CLEAR,WAIT_FOR_MOS,False,0
HTM,NORMAL_ENTERPRISE,READY,VULNERABLE,VULNERABLE,INSUFFICIENT_DATA,INSUFFICIENT_DATA,INSUFFICIENT_DATA,WATCH,VULNERABLE,RESILIENT,HIGH_RISK,AVOID,False,3
HTN,NORMAL_ENTERPRISE,READY,VULNERABLE,RESILIENT,INSUFFICIENT_DATA,INSUFFICIENT_DATA,INSUFFICIENT_DATA,WATCH,VULNERABLE,RESILIENT,HIGH_RISK,AVOID,False,1
HTP,NORMAL_ENTERPRISE,READY,VULNERABLE,VULNERABLE,INSUFFICIENT_DATA,INSUFFICIENT_DATA,INSUFFICIENT_DATA,WATCH,VULNERABLE,RESILIENT,HIGH_RISK,AVOID,False,4
HTT,NORMAL_ENTERPRISE,READY,VULNERABLE,VULNERABLE,INSUFFICIENT_DATA,INSUFFICIENT_DATA,INSUFFICIENT_DATA,WATCH,VULNERABLE,RESILIENT,HIGH_RISK,AVOID,False,3
HTV,NORMAL_ENTERPRISE,READY,VULNERABLE,VULNERABLE,INSUFFICIENT_DATA,INSUFFICIENT_DATA,INSUFFICIENT_DATA,WATCH,VULNERABLE,RESILIENT,HIGH_RISK,AVOID,False,1
HU1,NORMAL_ENTERPRISE,READY,VULNERABLE,VULNERABLE,INSUFFICIENT_DATA,INSUFFICIENT_DATA,INSUFFICIENT_DATA,WATCH,VULNERABLE,RESILIENT,HIGH_RISK,AVOID,False,4
HU3,NORMAL_ENTERPRISE,READY,VULNERABLE,VULNERABLE,INSUFFICIENT_DATA,INSUFFICIENT_DATA,INSUFFICIENT_DATA,WATCH,VULNERABLE,RESILIENT,HIGH_RISK,AVOID,False,3
HU4,NORMAL_ENTERPRISE,READY,VULNERABLE,VULNERABLE,INSUFFICIENT_DATA,INSUFFICIENT_DATA,INSUFFICIENT_DATA,WATCH,VULNERABLE,RESILIENT,HIGH_RISK,AVOID,False,3
HUB,NORMAL_ENTERPRISE,READY,WATCH,RESILIENT,INSUFFICIENT_DATA,INSUFFICIENT_DATA,INSUFFICIENT_DATA,RESILIENT,WATCH,RESILIENT,WATCH,WAIT_FOR_MOS,False,0
HUG,NORMAL_ENTERPRISE,READY,WATCH,RESILIENT,INSUFFICIENT_DATA,INSUFFICIENT_DATA,INSUFFICIENT_DATA,RESILIENT,WATCH,RESILIENT,WATCH,WAIT_FOR_MOS,False,0
HUT,NORMAL_ENTERPRISE,READY,VULNERABLE,VULNERABLE,INSUFFICIENT_DATA,INSUFFICIENT_DATA,INSUFFICIENT_DATA,WATCH,VULNERABLE,RESILIENT,HIGH_RISK,AVOID,False,1
HVA,NORMAL_ENTERPRISE,READY,VULNERABLE,VULNERABLE,INSUFFICIENT_DATA,INSUFFICIENT_DATA,INSUFFICIENT_DATA,WATCH,VULNERABLE,RESILIENT,HIGH_RISK,AVOID,False,3
HVH,NORMAL_ENTERPRISE,READY,VULNERABLE,VULNERABLE,INSUFFICIENT_DATA,INSUFFICIENT_DATA,INSUFFICIENT_DATA,WATCH,VULNERABLE,RESILIENT,HIGH_RISK,AVOID,False,2
HVN,NORMAL_ENTERPRISE,READY,VULNERABLE,VULNERABLE,INSUFFICIENT_DATA,INSUFFICIENT_DATA,INSUFFICIENT_DATA,WATCH,VULNERABLE,RESILIENT,HIGH_RISK,AVOID,False,3
HVT,NORMAL_ENTERPRISE,READY,WATCH,RESILIENT,INSUFFICIENT_DATA,INSUFFICIENT_DATA,INSUFFICIENT_DATA,RESILIENT,WATCH,RESILIENT,WATCH,WAIT_FOR_MOS,False,0
HVX,NORMAL_ENTERPRISE,READY,VULNERABLE,VULNERABLE,INSUFFICIENT_DATA,INSUFFICIENT_DATA,INSUFFICIENT_DATA,WATCH,VULNERABLE,RESILIENT,HIGH_RISK,AVOID,False,2
HWS,NORMAL_ENTERPRISE,READY,WATCH,WATCH,INSUFFICIENT_DATA,INSUFFICIENT_DATA,INSUFFICIENT_DATA,RESILIENT,WATCH,RESILIENT,WATCH,WAIT_FOR_MOS,False,0
IBD,NORMAL_ENTERPRISE,READY,VULNERABLE,VULNERABLE,INSUFFICIENT_DATA,INSUFFICIENT_DATA,INSUFFICIENT_DATA,WATCH,VULNERABLE,RESILIENT,HIGH_RISK,AVOID,False,1
ICC,NORMAL_ENTERPRISE,READY,VULNERABLE,VULNERABLE,INSUFFICIENT_DATA,INSUFFICIENT_DATA,INSUFFICIENT_DATA,WATCH,VULNERABLE,RESILIENT,HIGH_RISK,AVOID,False,2
ICF,NORMAL_ENTERPRISE,READY,VULNERABLE,VULNERABLE,INSUFFICIENT_DATA,INSUFFICIENT_DATA,INSUFFICIENT_DATA,WATCH,VULNERABLE,RESILIENT,HIGH_RISK,AVOID,False,2
ICG,NORMAL_ENTERPRISE,READY,VULNERABLE,VULNERABLE,INSUFFICIENT_DATA,INSUFFICIENT_DATA,INSUFFICIENT_DATA,WATCH,VULNERABLE,RESILIENT,HIGH_RISK,AVOID,False,4
ICI,NORMAL_ENTERPRISE,READY,VULNERABLE,VULNERABLE,INSUFFICIENT_DATA,INSUFFICIENT_DATA,INSUFFICIENT_DATA,WATCH,VULNERABLE,RESILIENT,HIGH_RISK,AVOID,False,4
ICN,NORMAL_ENTERPRISE,READY,VULNERABLE,RESILIENT,INSUFFICIENT_DATA,INSUFFICIENT_DATA,INSUFFICIENT_DATA,WATCH,VULNERABLE,RESILIENT,HIGH_RISK,AVOID,False,1
ICT,NORMAL_ENTERPRISE,READY,VULNERABLE,VULNERABLE,INSUFFICIENT_DATA,INSUFFICIENT_DATA,INSUFFICIENT_DATA,WATCH,VULNERABLE,RESILIENT,HIGH_RISK,AVOID,False,3
IDC,NORMAL_ENTERPRISE,READY,WATCH,WATCH,INSUFFICIENT_DATA,INSUFFICIENT_DATA,INSUFFICIENT_DATA,RESILIENT,WATCH,RESILIENT,WATCH,WAIT_FOR_MOS,False,0
IDI,NORMAL_ENTERPRISE,READY,VULNERABLE,VULNERABLE,INSUFFICIENT_DATA,INSUFFICIENT_DATA,INSUFFICIENT_DATA,WATCH,VULNERABLE,RESILIENT,HIGH_RISK,AVOID,False,3
IDJ,NORMAL_ENTERPRISE,READY,VULNERABLE,VULNERABLE,INSUFFICIENT_DATA,INSUFFICIENT_DATA,INSUFFICIENT_DATA,WATCH,VULNERABLE,RESILIENT,HIGH_RISK,AVOID,False,3
IDP,NORMAL_ENTERPRISE,READY,RESILIENT,RESILIENT,INSUFFICIENT_DATA,INSUFFICIENT_DATA,INSUFFICIENT_DATA,RESILIENT,INSUFFICIENT_DATA,RESILIENT,CLEAR,WAIT_FOR_MOS,False,0
IDV,NORMAL_ENTERPRISE,READY,VULNERABLE,RESILIENT,INSUFFICIENT_DATA,INSUFFICIENT_DATA,INSUFFICIENT_DATA,WATCH,VULNERABLE,RESILIENT,HIGH_RISK,AVOID,False,1
IFS,NORMAL_ENTERPRISE,READY,WATCH,RESILIENT,INSUFFICIENT_DATA,INSUFFICIENT_DATA,INSUFFICIENT_DATA,RESILIENT,WATCH,RESILIENT,WATCH,WAIT_FOR_MOS,False,0
IJC,NORMAL_ENTERPRISE,READY,VULNERABLE,WATCH,INSUFFICIENT_DATA,INSUFFICIENT_DATA,INSUFFICIENT_DATA,WATCH,VULNERABLE,RESILIENT,HIGH_RISK,AVOID,False,1
ILA,NORMAL_ENTERPRISE,READY,VULNERABLE,VULNERABLE,INSUFFICIENT_DATA,INSUFFICIENT_DATA,INSUFFICIENT_DATA,WATCH,VULNERABLE,RESILIENT,HIGH_RISK,AVOID,False,3
ILB,NORMAL_ENTERPRISE,READY,WATCH,RESILIENT,INSUFFICIENT_DATA,INSUFFICIENT_DATA,INSUFFICIENT_DATA,RESILIENT,WATCH,RESILIENT,WATCH,WAIT_FOR_MOS,False,0
ILC,NORMAL_ENTERPRISE,READY,VULNERABLE,RESILIENT,INSUFFICIENT_DATA,INSUFFICIENT_DATA,INSUFFICIENT_DATA,WATCH,VULNERABLE,RESILIENT,HIGH_RISK,AVOID,False,1
ILS,NORMAL_ENTERPRISE,READY,VULNERABLE,VULNERABLE,INSUFFICIENT_DATA,INSUFFICIENT_DATA,INSUFFICIENT_DATA,WATCH,VULNERABLE,RESILIENT,HIGH_RISK,AVOID,False,2
IME,NORMAL_ENTERPRISE,READY,VULNERABLE,WATCH,INSUFFICIENT_DATA,INSUFFICIENT_DATA,INSUFFICIENT_DATA,WATCH,VULNERABLE,RESILIENT,HIGH_RISK,AVOID,False,1
IMP,NORMAL_ENTERPRISE,READY,WATCH,WATCH,INSUFFICIENT_DATA,INSUFFICIENT_DATA,INSUFFICIENT_DATA,RESILIENT,WATCH,RESILIENT,WATCH,WAIT_FOR_MOS,False,0
INC,NORMAL_ENTERPRISE,READY,VULNERABLE,VULNERABLE,INSUFFICIENT_DATA,INSUFFICIENT_DATA,INSUFFICIENT_DATA,WATCH,VULNERABLE,RESILIENT,HIGH_RISK,AVOID,False,1
INN,NORMAL_ENTERPRISE,READY,WATCH,RESILIENT,INSUFFICIENT_DATA,INSUFFICIENT_DATA,INSUFFICIENT_DATA,RESILIENT,WATCH,RESILIENT,WATCH,WAIT_FOR_MOS,False,0
IPA,NORMAL_ENTERPRISE,READY,VULNERABLE,VULNERABLE,INSUFFICIENT_DATA,INSUFFICIENT_DATA,INSUFFICIENT_DATA,WATCH,VULNERABLE,RESILIENT,HIGH_RISK,AVOID,False,2
IRC,NORMAL_ENTERPRISE,READY,VULNERABLE,VULNERABLE,INSUFFICIENT_DATA,INSUFFICIENT_DATA,INSUFFICIENT_DATA,WATCH,VULNERABLE,RESILIENT,HIGH_RISK,AVOID,False,2
ISG,NORMAL_ENTERPRISE,READY,VULNERABLE,WATCH,INSUFFICIENT_DATA,INSUFFICIENT_DATA,INSUFFICIENT_DATA,WATCH,VULNERABLE,RESILIENT,HIGH_RISK,AVOID,False,1
ISH,NORMAL_ENTERPRISE,READY,RESILIENT,RESILIENT,INSUFFICIENT_DATA,INSUFFICIENT_DATA,INSUFFICIENT_DATA,RESILIENT,INSUFFICIENT_DATA,RESILIENT,CLEAR,WAIT_FOR_MOS,False,0
IST,NORMAL_ENTERPRISE,READY,RESILIENT,RESILIENT,INSUFFICIENT_DATA,INSUFFICIENT_DATA,INSUFFICIENT_DATA,RESILIENT,INSUFFICIENT_DATA,RESILIENT,CLEAR,WAIT_FOR_MOS,False,0
ITA,NORMAL_ENTERPRISE,READY,VULNERABLE,VULNERABLE,INSUFFICIENT_DATA,INSUFFICIENT_DATA,INSUFFICIENT_DATA,WATCH,VULNERABLE,RESILIENT,HIGH_RISK,AVOID,False,2
ITC,NORMAL_ENTERPRISE,READY,VULNERABLE,VULNERABLE,INSUFFICIENT_DATA,INSUFFICIENT_DATA,INSUFFICIENT_DATA,WATCH,VULNERABLE,RESILIENT,HIGH_RISK,AVOID,False,3
ITQ,NORMAL_ENTERPRISE,READY,VULNERABLE,VULNERABLE,INSUFFICIENT_DATA,INSUFFICIENT_DATA,INSUFFICIENT_DATA,WATCH,VULNERABLE,RESILIENT,HIGH_RISK,AVOID,False,1
ITS,NORMAL_ENTERPRISE,READY,VULNERABLE,VULNERABLE,INSUFFICIENT_DATA,INSUFFICIENT_DATA,INSUFFICIENT_DATA,WATCH,VULNERABLE,RESILIENT,HIGH_RISK,AVOID,False,3
IVS,NORMAL_ENTERPRISE,READY,VULNERABLE,VULNERABLE,INSUFFICIENT_DATA,INSUFFICIENT_DATA,INSUFFICIENT_DATA,WATCH,VULNERABLE,RESILIENT,HIGH_RISK,AVOID,False,2
JOS,NORMAL_ENTERPRISE,READY,VULNERABLE,WATCH,INSUFFICIENT_DATA,INSUFFICIENT_DATA,INSUFFICIENT_DATA,WATCH,VULNERABLE,RESILIENT,HIGH_RISK,AVOID,False,1
JVC,NORMAL_ENTERPRISE,READY,VULNERABLE,VULNERABLE,INSUFFICIENT_DATA,INSUFFICIENT_DATA,INSUFFICIENT_DATA,WATCH,VULNERABLE,RESILIENT,HIGH_RISK,AVOID,False,3
KBC,NORMAL_ENTERPRISE,READY,VULNERABLE,VULNERABLE,INSUFFICIENT_DATA,INSUFFICIENT_DATA,INSUFFICIENT_DATA,WATCH,VULNERABLE,RESILIENT,HIGH_RISK,AVOID,False,2
KCB,NORMAL_ENTERPRISE,READY,VULNERABLE,VULNERABLE,INSUFFICIENT_DATA,INSUFFICIENT_DATA,INSUFFICIENT_DATA,WATCH,VULNERABLE,RESILIENT,HIGH_RISK,AVOID,False,3
KDC,NORMAL_ENTERPRISE,READY,VULNERABLE,VULNERABLE,INSUFFICIENT_DATA,INSUFFICIENT_DATA,INSUFFICIENT_DATA,WATCH,VULNERABLE,RESILIENT,HIGH_RISK,AVOID,False,2
KDH,NORMAL_ENTERPRISE,READY,VULNERABLE,VULNERABLE,INSUFFICIENT_DATA,INSUFFICIENT_DATA,INSUFFICIENT_DATA,WATCH,VULNERABLE,RESILIENT,HIGH_RISK,AVOID,False,3
KDM,NORMAL_ENTERPRISE,READY,VULNERABLE,VULNERABLE,INSUFFICIENT_DATA,INSUFFICIENT_DATA,INSUFFICIENT_DATA,WATCH,VULNERABLE,RESILIENT,HIGH_RISK,AVOID,False,3
KGM,NORMAL_ENTERPRISE,READY,VULNERABLE,VULNERABLE,INSUFFICIENT_DATA,INSUFFICIENT_DATA,INSUFFICIENT_DATA,WATCH,VULNERABLE,RESILIENT,HIGH_RISK,AVOID,False,2
KHD,NORMAL_ENTERPRISE,READY,VULNERABLE,WATCH,INSUFFICIENT_DATA,INSUFFICIENT_DATA,INSUFFICIENT_DATA,WATCH,VULNERABLE,RESILIENT,HIGH_RISK,AVOID,False,1
KHG,NORMAL_ENTERPRISE,READY,VULNERABLE,VULNERABLE,INSUFFICIENT_DATA,INSUFFICIENT_DATA,INSUFFICIENT_DATA,WATCH,VULNERABLE,RESILIENT,HIGH_RISK,AVOID,False,2
KHP,NORMAL_ENTERPRISE,READY,VULNERABLE,VULNERABLE,INSUFFICIENT_DATA,INSUFFICIENT_DATA,INSUFFICIENT_DATA,WATCH,VULNERABLE,RESILIENT,HIGH_RISK,AVOID,False,2
KHS,NORMAL_ENTERPRISE,READY,VULNERABLE,WATCH,INSUFFICIENT_DATA,INSUFFICIENT_DATA,INSUFFICIENT_DATA,WATCH,VULNERABLE,RESILIENT,HIGH_RISK,AVOID,False,1
KHW,NORMAL_ENTERPRISE,READY,RESILIENT,WATCH,INSUFFICIENT_DATA,INSUFFICIENT_DATA,INSUFFICIENT_DATA,RESILIENT,INSUFFICIENT_DATA,RESILIENT,CLEAR,WAIT_FOR_MOS,False,0
KHX,NORMAL_ENTERPRISE,INSUFFICIENT,VULNERABLE,VULNERABLE,INSUFFICIENT_DATA,INSUFFICIENT_DATA,INSUFFICIENT_DATA,WATCH,VULNERABLE,RESILIENT,HIGH_RISK,AVOID,False,1
KIP,NORMAL_ENTERPRISE,READY,VULNERABLE,VULNERABLE,INSUFFICIENT_DATA,INSUFFICIENT_DATA,INSUFFICIENT_DATA,WATCH,VULNERABLE,RESILIENT,HIGH_RISK,AVOID,False,2
KKC,NORMAL_ENTERPRISE,READY,VULNERABLE,WATCH,INSUFFICIENT_DATA,INSUFFICIENT_DATA,INSUFFICIENT_DATA,WATCH,VULNERABLE,RESILIENT,HIGH_RISK,AVOID,False,2
KLB,NORMAL_ENTERPRISE,READY,VULNERABLE,VULNERABLE,INSUFFICIENT_DATA,INSUFFICIENT_DATA,INSUFFICIENT_DATA,WATCH,VULNERABLE,RESILIENT,HIGH_RISK,AVOID,False,3
KMR,NORMAL_ENTERPRISE,READY,VULNERABLE,VULNERABLE,INSUFFICIENT_DATA,INSUFFICIENT_DATA,INSUFFICIENT_DATA,WATCH,VULNERABLE,RESILIENT,HIGH_RISK,AVOID,False,2
KMT,NORMAL_ENTERPRISE,READY,VULNERABLE,VULNERABLE,INSUFFICIENT_DATA,INSUFFICIENT_DATA,INSUFFICIENT_DATA,WATCH,VULNERABLE,RESILIENT,HIGH_RISK,AVOID,False,3
KOS,NORMAL_ENTERPRISE,READY,VULNERABLE,VULNERABLE,INSUFFICIENT_DATA,INSUFFICIENT_DATA,INSUFFICIENT_DATA,WATCH,VULNERABLE,RESILIENT,HIGH_RISK,AVOID,False,3
KPF,NORMAL_ENTERPRISE,READY,VULNERABLE,VULNERABLE,INSUFFICIENT_DATA,INSUFFICIENT_DATA,INSUFFICIENT_DATA,WATCH,VULNERABLE,RESILIENT,HIGH_RISK,AVOID,False,3
KSB,NORMAL_ENTERPRISE,READY,RESILIENT,RESILIENT,INSUFFICIENT_DATA,INSUFFICIENT_DATA,INSUFFICIENT_DATA,RESILIENT,INSUFFICIENT_DATA,RESILIENT,CLEAR,WAIT_FOR_MOS,False,0
KSD,NORMAL_ENTERPRISE,READY,VULNERABLE,VULNERABLE,INSUFFICIENT_DATA,INSUFFICIENT_DATA,INSUFFICIENT_DATA,WATCH,VULNERABLE,RESILIENT,HIGH_RISK,AVOID,False,2
KSF,NORMAL_ENTERPRISE,READY,VULNERABLE,VULNERABLE,INSUFFICIENT_DATA,INSUFFICIENT_DATA,INSUFFICIENT_DATA,WATCH,VULNERABLE,RESILIENT,HIGH_RISK,AVOID,False,2
KSQ,NORMAL_ENTERPRISE,READY,VULNERABLE,VULNERABLE,INSUFFICIENT_DATA,INSUFFICIENT_DATA,INSUFFICIENT_DATA,WATCH,VULNERABLE,RESILIENT,HIGH_RISK,AVOID,False,3
KST,NORMAL_ENTERPRISE,READY,VULNERABLE,WATCH,INSUFFICIENT_DATA,INSUFFICIENT_DATA,INSUFFICIENT_DATA,WATCH,VULNERABLE,RESILIENT,HIGH_RISK,AVOID,False,1
KSV,NORMAL_ENTERPRISE,READY,VULNERABLE,VULNERABLE,INSUFFICIENT_DATA,INSUFFICIENT_DATA,INSUFFICIENT_DATA,WATCH,VULNERABLE,RESILIENT,HIGH_RISK,AVOID,False,1
KTC,NORMAL_ENTERPRISE,READY,VULNERABLE,VULNERABLE,INSUFFICIENT_DATA,INSUFFICIENT_DATA,INSUFFICIENT_DATA,WATCH,VULNERABLE,RESILIENT,HIGH_RISK,AVOID,False,3
KTL,NORMAL_ENTERPRISE,READY,VULNERABLE,WATCH,INSUFFICIENT_DATA,INSUFFICIENT_DATA,INSUFFICIENT_DATA,WATCH,VULNERABLE,RESILIENT,HIGH_RISK,AVOID,False,1
KTS,NORMAL_ENTERPRISE,READY,VULNERABLE,VULNERABLE,INSUFFICIENT_DATA,INSUFFICIENT_DATA,INSUFFICIENT_DATA,WATCH,VULNERABLE,RESILIENT,HIGH_RISK,AVOID,False,2
KTT,NORMAL_ENTERPRISE,READY,VULNERABLE,VULNERABLE,INSUFFICIENT_DATA,INSUFFICIENT_DATA,INSUFFICIENT_DATA,WATCH,VULNERABLE,RESILIENT,HIGH_RISK,AVOID,False,4
KVC,NORMAL_ENTERPRISE,READY,VULNERABLE,VULNERABLE,INSUFFICIENT_DATA,INSUFFICIENT_DATA,INSUFFICIENT_DATA,WATCH,VULNERABLE,RESILIENT,HIGH_RISK,AVOID,False,3
L10,NORMAL_ENTERPRISE,READY,VULNERABLE,VULNERABLE,INSUFFICIENT_DATA,INSUFFICIENT_DATA,INSUFFICIENT_DATA,WATCH,VULNERABLE,RESILIENT,HIGH_RISK,AVOID,False,3
L12,NORMAL_ENTERPRISE,INSUFFICIENT,VULNERABLE,VULNERABLE,INSUFFICIENT_DATA,INSUFFICIENT_DATA,INSUFFICIENT_DATA,WATCH,VULNERABLE,RESILIENT,HIGH_RISK,AVOID,False,4
L14,NORMAL_ENTERPRISE,READY,VULNERABLE,WATCH,INSUFFICIENT_DATA,INSUFFICIENT_DATA,INSUFFICIENT_DATA,WATCH,VULNERABLE,RESILIENT,HIGH_RISK,AVOID,False,1
L18,NORMAL_ENTERPRISE,READY,VULNERABLE,VULNERABLE,INSUFFICIENT_DATA,INSUFFICIENT_DATA,INSUFFICIENT_DATA,WATCH,VULNERABLE,RESILIENT,HIGH_RISK,AVOID,False,4
L35,NORMAL_ENTERPRISE,READY,VULNERABLE,VULNERABLE,INSUFFICIENT_DATA,INSUFFICIENT_DATA,INSUFFICIENT_DATA,WATCH,VULNERABLE,RESILIENT,HIGH_RISK,AVOID,False,4
L43,NORMAL_ENTERPRISE,READY,VULNERABLE,VULNERABLE,INSUFFICIENT_DATA,INSUFFICIENT_DATA,INSUFFICIENT_DATA,WATCH,VULNERABLE,RESILIENT,HIGH_RISK,AVOID,False,3
L45,NORMAL_ENTERPRISE,INSUFFICIENT,VULNERABLE,WATCH,INSUFFICIENT_DATA,INSUFFICIENT_DATA,INSUFFICIENT_DATA,WATCH,VULNERABLE,RESILIENT,HIGH_RISK,AVOID,False,1
L61,NORMAL_ENTERPRISE,READY,VULNERABLE,VULNERABLE,INSUFFICIENT_DATA,INSUFFICIENT_DATA,INSUFFICIENT_DATA,WATCH,VULNERABLE,RESILIENT,HIGH_RISK,AVOID,False,3
L62,NORMAL_ENTERPRISE,READY,VULNERABLE,VULNERABLE,INSUFFICIENT_DATA,INSUFFICIENT_DATA,INSUFFICIENT_DATA,WATCH,VULNERABLE,RESILIENT,HIGH_RISK,AVOID,False,3
LAF,NORMAL_ENTERPRISE,READY,VULNERABLE,WATCH,INSUFFICIENT_DATA,INSUFFICIENT_DATA,INSUFFICIENT_DATA,WATCH,VULNERABLE,RESILIENT,HIGH_RISK,AVOID,False,1
LAI,NORMAL_ENTERPRISE,READY,VULNERABLE,WATCH,INSUFFICIENT_DATA,INSUFFICIENT_DATA,INSUFFICIENT_DATA,WATCH,VULNERABLE,RESILIENT,HIGH_RISK,AVOID,False,2
LAS,NORMAL_ENTERPRISE,READY,VULNERABLE,WATCH,INSUFFICIENT_DATA,INSUFFICIENT_DATA,INSUFFICIENT_DATA,WATCH,VULNERABLE,RESILIENT,HIGH_RISK,AVOID,False,1
LAW,NORMAL_ENTERPRISE,READY,RESILIENT,WATCH,INSUFFICIENT_DATA,INSUFFICIENT_DATA,INSUFFICIENT_DATA,RESILIENT,INSUFFICIENT_DATA,RESILIENT,CLEAR,WAIT_FOR_MOS,False,0
LBE,NORMAL_ENTERPRISE,READY,VULNERABLE,WATCH,INSUFFICIENT_DATA,INSUFFICIENT_DATA,INSUFFICIENT_DATA,WATCH,VULNERABLE,RESILIENT,HIGH_RISK,AVOID,False,1
LBM,NORMAL_ENTERPRISE,READY,WATCH,RESILIENT,INSUFFICIENT_DATA,INSUFFICIENT_DATA,INSUFFICIENT_DATA,RESILIENT,WATCH,RESILIENT,WATCH,WAIT_FOR_MOS,False,0
LCD,NORMAL_ENTERPRISE,READY,VULNERABLE,VULNERABLE,INSUFFICIENT_DATA,INSUFFICIENT_DATA,INSUFFICIENT_DATA,WATCH,VULNERABLE,RESILIENT,HIGH_RISK,AVOID,False,4
LCG,NORMAL_ENTERPRISE,READY,VULNERABLE,VULNERABLE,INSUFFICIENT_DATA,INSUFFICIENT_DATA,INSUFFICIENT_DATA,WATCH,VULNERABLE,RESILIENT,HIGH_RISK,AVOID,False,3
LCM,NORMAL_ENTERPRISE,READY,VULNERABLE,VULNERABLE,INSUFFICIENT_DATA,INSUFFICIENT_DATA,INSUFFICIENT_DATA,WATCH,VULNERABLE,RESILIENT,HIGH_RISK,AVOID,False,3
LDG,NORMAL_ENTERPRISE,READY,VULNERABLE,VULNERABLE,INSUFFICIENT_DATA,INSUFFICIENT_DATA,INSUFFICIENT_DATA,WATCH,VULNERABLE,RESILIENT,HIGH_RISK,AVOID,False,3
LDP,NORMAL_ENTERPRISE,READY,VULNERABLE,WATCH,INSUFFICIENT_DATA,INSUFFICIENT_DATA,INSUFFICIENT_DATA,WATCH,VULNERABLE,RESILIENT,HIGH_RISK,AVOID,False,2
LDW,NORMAL_ENTERPRISE,READY,VULNERABLE,VULNERABLE,INSUFFICIENT_DATA,INSUFFICIENT_DATA,INSUFFICIENT_DATA,WATCH,VULNERABLE,RESILIENT,HIGH_RISK,AVOID,False,1
LEC,NORMAL_ENTERPRISE,READY,VULNERABLE,VULNERABLE,INSUFFICIENT_DATA,INSUFFICIENT_DATA,INSUFFICIENT_DATA,WATCH,VULNERABLE,RESILIENT,HIGH_RISK,AVOID,False,4
LGC,NORMAL_ENTERPRISE,READY,VULNERABLE,WATCH,INSUFFICIENT_DATA,INSUFFICIENT_DATA,INSUFFICIENT_DATA,WATCH,VULNERABLE,RESILIENT,HIGH_RISK,AVOID,False,2
LGL,NORMAL_ENTERPRISE,READY,VULNERABLE,VULNERABLE,INSUFFICIENT_DATA,INSUFFICIENT_DATA,INSUFFICIENT_DATA,WATCH,VULNERABLE,RESILIENT,HIGH_RISK,AVOID,False,4
LHC,NORMAL_ENTERPRISE,READY,WATCH,WATCH,INSUFFICIENT_DATA,INSUFFICIENT_DATA,INSUFFICIENT_DATA,RESILIENT,WATCH,RESILIENT,WATCH,WAIT_FOR_MOS,False,0
LHG,NORMAL_ENTERPRISE,READY,WATCH,WATCH,INSUFFICIENT_DATA,INSUFFICIENT_DATA,INSUFFICIENT_DATA,RESILIENT,WATCH,RESILIENT,WATCH,WAIT_FOR_MOS,False,0
LIC,NORMAL_ENTERPRISE,READY,VULNERABLE,VULNERABLE,INSUFFICIENT_DATA,INSUFFICIENT_DATA,INSUFFICIENT_DATA,WATCH,VULNERABLE,RESILIENT,HIGH_RISK,AVOID,False,4
LIG,NORMAL_ENTERPRISE,READY,VULNERABLE,VULNERABLE,INSUFFICIENT_DATA,INSUFFICIENT_DATA,INSUFFICIENT_DATA,WATCH,VULNERABLE,RESILIENT,HIGH_RISK,AVOID,False,3
LIX,NORMAL_ENTERPRISE,READY,RESILIENT,RESILIENT,INSUFFICIENT_DATA,INSUFFICIENT_DATA,INSUFFICIENT_DATA,RESILIENT,INSUFFICIENT_DATA,RESILIENT,CLEAR,WAIT_FOR_MOS,False,0
LKW,NORMAL_ENTERPRISE,READY,RESILIENT,RESILIENT,INSUFFICIENT_DATA,INSUFFICIENT_DATA,INSUFFICIENT_DATA,RESILIENT,INSUFFICIENT_DATA,RESILIENT,CLEAR,WAIT_FOR_MOS,False,0
LLM,NORMAL_ENTERPRISE,READY,VULNERABLE,VULNERABLE,INSUFFICIENT_DATA,INSUFFICIENT_DATA,INSUFFICIENT_DATA,WATCH,VULNERABLE,RESILIENT,HIGH_RISK,AVOID,False,4
LM3,NORMAL_ENTERPRISE,PARTIAL,VULNERABLE,WATCH,INSUFFICIENT_DATA,INSUFFICIENT_DATA,INSUFFICIENT_DATA,WATCH,VULNERABLE,RESILIENT,HIGH_RISK,AVOID,False,2
LM7,NORMAL_ENTERPRISE,READY,VULNERABLE,VULNERABLE,INSUFFICIENT_DATA,INSUFFICIENT_DATA,INSUFFICIENT_DATA,WATCH,VULNERABLE,RESILIENT,HIGH_RISK,AVOID,False,2
LM8,NORMAL_ENTERPRISE,READY,VULNERABLE,VULNERABLE,INSUFFICIENT_DATA,INSUFFICIENT_DATA,INSUFFICIENT_DATA,WATCH,VULNERABLE,RESILIENT,HIGH_RISK,AVOID,False,3
LMC,NORMAL_ENTERPRISE,READY,VULNERABLE,VULNERABLE,INSUFFICIENT_DATA,INSUFFICIENT_DATA,INSUFFICIENT_DATA,WATCH,VULNERABLE,RESILIENT,HIGH_RISK,AVOID,False,3
LMH,NORMAL_ENTERPRISE,READY,VULNERABLE,VULNERABLE,INSUFFICIENT_DATA,INSUFFICIENT_DATA,INSUFFICIENT_DATA,WATCH,VULNERABLE,RESILIENT,HIGH_RISK,AVOID,False,3
LMI,NORMAL_ENTERPRISE,READY,VULNERABLE,VULNERABLE,INSUFFICIENT_DATA,INSUFFICIENT_DATA,INSUFFICIENT_DATA,WATCH,VULNERABLE,RESILIENT,HIGH_RISK,AVOID,False,2
LNC,NORMAL_ENTERPRISE,READY,VULNERABLE,VULNERABLE,INSUFFICIENT_DATA,INSUFFICIENT_DATA,INSUFFICIENT_DATA,WATCH,VULNERABLE,RESILIENT,HIGH_RISK,AVOID,False,3
LO5,NORMAL_ENTERPRISE,READY,VULNERABLE,VULNERABLE,INSUFFICIENT_DATA,INSUFFICIENT_DATA,INSUFFICIENT_DATA,WATCH,VULNERABLE,RESILIENT,HIGH_RISK,AVOID,False,2
LPB,BANK,READY,RESILIENT,WATCH,INSUFFICIENT_DATA,INSUFFICIENT_DATA,INSUFFICIENT_DATA,RESILIENT,INSUFFICIENT_DATA,RESILIENT,CLEAR,WAIT_FOR_MOS,False,0
LPS,NORMAL_ENTERPRISE,INSUFFICIENT,RESILIENT,WATCH,INSUFFICIENT_DATA,INSUFFICIENT_DATA,INSUFFICIENT_DATA,VULNERABLE,INSUFFICIENT_DATA,RESILIENT,WATCH,REVIEW_BUSINESS,False,0
LQN,NORMAL_ENTERPRISE,READY,VULNERABLE,VULNERABLE,INSUFFICIENT_DATA,INSUFFICIENT_DATA,INSUFFICIENT_DATA,WATCH,VULNERABLE,RESILIENT,HIGH_RISK,AVOID,False,3
LSG,NORMAL_ENTERPRISE,READY,VULNERABLE,VULNERABLE,INSUFFICIENT_DATA,INSUFFICIENT_DATA,INSUFFICIENT_DATA,WATCH,VULNERABLE,RESILIENT,HIGH_RISK,AVOID,False,2
LSS,NORMAL_ENTERPRISE,READY,VULNERABLE,VULNERABLE,INSUFFICIENT_DATA,INSUFFICIENT_DATA,INSUFFICIENT_DATA,WATCH,VULNERABLE,RESILIENT,HIGH_RISK,AVOID,False,3
LTC,NORMAL_ENTERPRISE,READY,VULNERABLE,VULNERABLE,INSUFFICIENT_DATA,INSUFFICIENT_DATA,INSUFFICIENT_DATA,WATCH,VULNERABLE,RESILIENT,HIGH_RISK,AVOID,False,4
LUT,NORMAL_ENTERPRISE,READY,VULNERABLE,VULNERABLE,INSUFFICIENT_DATA,INSUFFICIENT_DATA,INSUFFICIENT_DATA,WATCH,VULNERABLE,RESILIENT,HIGH_RISK,AVOID,False,4
M10,NORMAL_ENTERPRISE,READY,VULNERABLE,VULNERABLE,INSUFFICIENT_DATA,INSUFFICIENT_DATA,INSUFFICIENT_DATA,WATCH,VULNERABLE,RESILIENT,HIGH_RISK,AVOID,False,2
MAC,NORMAL_ENTERPRISE,READY,VULNERABLE,VULNERABLE,INSUFFICIENT_DATA,INSUFFICIENT_DATA,INSUFFICIENT_DATA,WATCH,VULNERABLE,RESILIENT,HIGH_RISK,AVOID,False,2
MAS,NORMAL_ENTERPRISE,READY,VULNERABLE,RESILIENT,INSUFFICIENT_DATA,INSUFFICIENT_DATA,INSUFFICIENT_DATA,WATCH,VULNERABLE,RESILIENT,HIGH_RISK,AVOID,False,2
MBB,BANK,READY,RESILIENT,RESILIENT,INSUFFICIENT_DATA,INSUFFICIENT_DATA,INSUFFICIENT_DATA,RESILIENT,INSUFFICIENT_DATA,RESILIENT,CLEAR,WAIT_FOR_MOS,False,0
MBG,NORMAL_ENTERPRISE,READY,VULNERABLE,VULNERABLE,INSUFFICIENT_DATA,INSUFFICIENT_DATA,INSUFFICIENT_DATA,WATCH,VULNERABLE,RESILIENT,HIGH_RISK,AVOID,False,2
MBN,NORMAL_ENTERPRISE,READY,VULNERABLE,VULNERABLE,INSUFFICIENT_DATA,INSUFFICIENT_DATA,INSUFFICIENT_DATA,WATCH,VULNERABLE,RESILIENT,HIGH_RISK,AVOID,False,2
MBS,SECURITIES,READY,RESILIENT,WATCH,INSUFFICIENT_DATA,INSUFFICIENT_DATA,INSUFFICIENT_DATA,RESILIENT,INSUFFICIENT_DATA,RESILIENT,CLEAR,WAIT_FOR_MOS,False,0
MBT,NORMAL_ENTERPRISE,READY,VULNERABLE,VULNERABLE,INSUFFICIENT_DATA,INSUFFICIENT_DATA,INSUFFICIENT_DATA,WATCH,VULNERABLE,RESILIENT,HIGH_RISK,AVOID,False,3
MCC,NORMAL_ENTERPRISE,READY,VULNERABLE,VULNERABLE,INSUFFICIENT_DATA,INSUFFICIENT_DATA,INSUFFICIENT_DATA,WATCH,VULNERABLE,RESILIENT,HIGH_RISK,AVOID,False,1
MCF,NORMAL_ENTERPRISE,READY,VULNERABLE,VULNERABLE,INSUFFICIENT_DATA,INSUFFICIENT_DATA,INSUFFICIENT_DATA,WATCH,VULNERABLE,RESILIENT,HIGH_RISK,AVOID,False,2
MCG,NORMAL_ENTERPRISE,READY,VULNERABLE,VULNERABLE,INSUFFICIENT_DATA,INSUFFICIENT_DATA,INSUFFICIENT_DATA,WATCH,VULNERABLE,RESILIENT,HIGH_RISK,AVOID,False,3
MCH,NORMAL_ENTERPRISE,READY,WATCH,RESILIENT,INSUFFICIENT_DATA,INSUFFICIENT_DATA,INSUFFICIENT_DATA,RESILIENT,WATCH,RESILIENT,WATCH,WAIT_FOR_MOS,False,0
MCM,NORMAL_ENTERPRISE,READY,WATCH,RESILIENT,INSUFFICIENT_DATA,INSUFFICIENT_DATA,INSUFFICIENT_DATA,RESILIENT,WATCH,RESILIENT,WATCH,WAIT_FOR_MOS,False,0
MCO,NORMAL_ENTERPRISE,READY,VULNERABLE,VULNERABLE,INSUFFICIENT_DATA,INSUFFICIENT_DATA,INSUFFICIENT_DATA,WATCH,VULNERABLE,RESILIENT,HIGH_RISK,AVOID,False,2
MCP,NORMAL_ENTERPRISE,READY,VULNERABLE,WATCH,INSUFFICIENT_DATA,INSUFFICIENT_DATA,INSUFFICIENT_DATA,WATCH,VULNERABLE,RESILIENT,HIGH_RISK,AVOID,False,1
MDA,NORMAL_ENTERPRISE,READY,VULNERABLE,WATCH,INSUFFICIENT_DATA,INSUFFICIENT_DATA,INSUFFICIENT_DATA,WATCH,VULNERABLE,RESILIENT,HIGH_RISK,AVOID,False,1
MDC,NORMAL_ENTERPRISE,READY,VULNERABLE,WATCH,INSUFFICIENT_DATA,INSUFFICIENT_DATA,INSUFFICIENT_DATA,WATCH,VULNERABLE,RESILIENT,HIGH_RISK,AVOID,False,1
MDF,NORMAL_ENTERPRISE,READY,VULNERABLE,VULNERABLE,INSUFFICIENT_DATA,INSUFFICIENT_DATA,INSUFFICIENT_DATA,WATCH,VULNERABLE,RESILIENT,HIGH_RISK,AVOID,False,1
MDG,NORMAL_ENTERPRISE,READY,VULNERABLE,VULNERABLE,INSUFFICIENT_DATA,INSUFFICIENT_DATA,INSUFFICIENT_DATA,WATCH,VULNERABLE,RESILIENT,HIGH_RISK,AVOID,False,1
MEC,NORMAL_ENTERPRISE,READY,VULNERABLE,VULNERABLE,INSUFFICIENT_DATA,INSUFFICIENT_DATA,INSUFFICIENT_DATA,WATCH,VULNERABLE,RESILIENT,HIGH_RISK,AVOID,False,2
MED,NORMAL_ENTERPRISE,READY,VULNERABLE,WATCH,INSUFFICIENT_DATA,INSUFFICIENT_DATA,INSUFFICIENT_DATA,WATCH,VULNERABLE,RESILIENT,HIGH_RISK,AVOID,False,1
MEF,NORMAL_ENTERPRISE,READY,RESILIENT,RESILIENT,INSUFFICIENT_DATA,INSUFFICIENT_DATA,INSUFFICIENT_DATA,RESILIENT,INSUFFICIENT_DATA,RESILIENT,CLEAR,WAIT_FOR_MOS,False,0
MEL,NORMAL_ENTERPRISE,READY,VULNERABLE,VULNERABLE,INSUFFICIENT_DATA,INSUFFICIENT_DATA,INSUFFICIENT_DATA,WATCH,VULNERABLE,RESILIENT,HIGH_RISK,AVOID,False,3
MES,NORMAL_ENTERPRISE,READY,VULNERABLE,VULNERABLE,INSUFFICIENT_DATA,INSUFFICIENT_DATA,INSUFFICIENT_DATA,WATCH,VULNERABLE,RESILIENT,HIGH_RISK,AVOID,False,2
MFS,NORMAL_ENTERPRISE,READY,WATCH,RESILIENT,INSUFFICIENT_DATA,INSUFFICIENT_DATA,INSUFFICIENT_DATA,RESILIENT,WATCH,RESILIENT,WATCH,WAIT_FOR_MOS,False,0
MGC,NORMAL_ENTERPRISE,READY,VULNERABLE,VULNERABLE,INSUFFICIENT_DATA,INSUFFICIENT_DATA,INSUFFICIENT_DATA,WATCH,VULNERABLE,RESILIENT,HIGH_RISK,AVOID,False,2
MGG,NORMAL_ENTERPRISE,READY,VULNERABLE,WATCH,INSUFFICIENT_DATA,INSUFFICIENT_DATA,INSUFFICIENT_DATA,WATCH,VULNERABLE,RESILIENT,HIGH_RISK,AVOID,False,2
MGR,NORMAL_ENTERPRISE,READY,VULNERABLE,VULNERABLE,INSUFFICIENT_DATA,INSUFFICIENT_DATA,INSUFFICIENT_DATA,WATCH,VULNERABLE,RESILIENT,HIGH_RISK,AVOID,False,2
MH3,NORMAL_ENTERPRISE,READY,VULNERABLE,VULNERABLE,INSUFFICIENT_DATA,INSUFFICIENT_DATA,INSUFFICIENT_DATA,WATCH,VULNERABLE,RESILIENT,HIGH_RISK,AVOID,False,2
MHC,NORMAL_ENTERPRISE,READY,VULNERABLE,VULNERABLE,INSUFFICIENT_DATA,INSUFFICIENT_DATA,INSUFFICIENT_DATA,WATCH,VULNERABLE,RESILIENT,HIGH_RISK,AVOID,False,3
MHL,NORMAL_ENTERPRISE,READY,VULNERABLE,VULNERABLE,INSUFFICIENT_DATA,INSUFFICIENT_DATA,INSUFFICIENT_DATA,WATCH,VULNERABLE,RESILIENT,HIGH_RISK,AVOID,False,4
MIC,NORMAL_ENTERPRISE,READY,VULNERABLE,VULNERABLE,INSUFFICIENT_DATA,INSUFFICIENT_DATA,INSUFFICIENT_DATA,WATCH,VULNERABLE,RESILIENT,HIGH_RISK,AVOID,False,2
MIE,NORMAL_ENTERPRISE,READY,VULNERABLE,VULNERABLE,INSUFFICIENT_DATA,INSUFFICIENT_DATA,INSUFFICIENT_DATA,WATCH,VULNERABLE,RESILIENT,HIGH_RISK,AVOID,False,3
MIG,NORMAL_ENTERPRISE,READY,VULNERABLE,VULNERABLE,INSUFFICIENT_DATA,INSUFFICIENT_DATA,INSUFFICIENT_DATA,WATCH,VULNERABLE,RESILIENT,HIGH_RISK,AVOID,False,2
MKP,NORMAL_ENTERPRISE,READY,VULNERABLE,VULNERABLE,INSUFFICIENT_DATA,INSUFFICIENT_DATA,INSUFFICIENT_DATA,WATCH,VULNERABLE,RESILIENT,HIGH_RISK,AVOID,False,2
MKV,NORMAL_ENTERPRISE,READY,VULNERABLE,VULNERABLE,INSUFFICIENT_DATA,INSUFFICIENT_DATA,INSUFFICIENT_DATA,WATCH,VULNERABLE,RESILIENT,HIGH_RISK,AVOID,False,2
MLC,NORMAL_ENTERPRISE,READY,WATCH,RESILIENT,INSUFFICIENT_DATA,INSUFFICIENT_DATA,INSUFFICIENT_DATA,RESILIENT,WATCH,RESILIENT,WATCH,WAIT_FOR_MOS,False,0
MLS,NORMAL_ENTERPRISE,READY,VULNERABLE,RESILIENT,INSUFFICIENT_DATA,INSUFFICIENT_DATA,INSUFFICIENT_DATA,WATCH,VULNERABLE,RESILIENT,HIGH_RISK,AVOID,False,1
MML,NORMAL_ENTERPRISE,READY,VULNERABLE,VULNERABLE,INSUFFICIENT_DATA,INSUFFICIENT_DATA,INSUFFICIENT_DATA,WATCH,VULNERABLE,RESILIENT,HIGH_RISK,AVOID,False,2
MNB,NORMAL_ENTERPRISE,READY,VULNERABLE,RESILIENT,INSUFFICIENT_DATA,INSUFFICIENT_DATA,INSUFFICIENT_DATA,WATCH,VULNERABLE,RESILIENT,HIGH_RISK,AVOID,False,2
MND,NORMAL_ENTERPRISE,READY,VULNERABLE,VULNERABLE,INSUFFICIENT_DATA,INSUFFICIENT_DATA,INSUFFICIENT_DATA,WATCH,VULNERABLE,RESILIENT,HIGH_RISK,AVOID,False,2
MPC,NORMAL_ENTERPRISE,READY,VULNERABLE,WATCH,INSUFFICIENT_DATA,INSUFFICIENT_DATA,INSUFFICIENT_DATA,WATCH,VULNERABLE,RESILIENT,HIGH_RISK,AVOID,False,2
MPT,NORMAL_ENTERPRISE,READY,VULNERABLE,VULNERABLE,INSUFFICIENT_DATA,INSUFFICIENT_DATA,INSUFFICIENT_DATA,WATCH,VULNERABLE,RESILIENT,HIGH_RISK,AVOID,False,3
MPY,NORMAL_ENTERPRISE,READY,RESILIENT,WATCH,INSUFFICIENT_DATA,INSUFFICIENT_DATA,INSUFFICIENT_DATA,RESILIENT,INSUFFICIENT_DATA,RESILIENT,CLEAR,WAIT_FOR_MOS,False,0
MQB,NORMAL_ENTERPRISE,READY,VULNERABLE,VULNERABLE,INSUFFICIENT_DATA,INSUFFICIENT_DATA,INSUFFICIENT_DATA,WATCH,VULNERABLE,RESILIENT,HIGH_RISK,AVOID,False,1
MQN,NORMAL_ENTERPRISE,READY,WATCH,RESILIENT,INSUFFICIENT_DATA,INSUFFICIENT_DATA,INSUFFICIENT_DATA,RESILIENT,WATCH,RESILIENT,WATCH,WAIT_FOR_MOS,False,0
MSB,BANK,READY,VULNERABLE,VULNERABLE,INSUFFICIENT_DATA,INSUFFICIENT_DATA,INSUFFICIENT_DATA,WATCH,VULNERABLE,RESILIENT,HIGH_RISK,AVOID,False,1
MSH,NORMAL_ENTERPRISE,READY,RESILIENT,RESILIENT,INSUFFICIENT_DATA,INSUFFICIENT_DATA,INSUFFICIENT_DATA,RESILIENT,INSUFFICIENT_DATA,RESILIENT,CLEAR,WAIT_FOR_MOS,False,0
MSN,NORMAL_ENTERPRISE,READY,VULNERABLE,VULNERABLE,INSUFFICIENT_DATA,INSUFFICIENT_DATA,INSUFFICIENT_DATA,WATCH,VULNERABLE,RESILIENT,HIGH_RISK,AVOID,False,2
MSR,NORMAL_ENTERPRISE,READY,VULNERABLE,VULNERABLE,INSUFFICIENT_DATA,INSUFFICIENT_DATA,INSUFFICIENT_DATA,WATCH,VULNERABLE,RESILIENT,HIGH_RISK,AVOID,False,3
MST,NORMAL_ENTERPRISE,READY,VULNERABLE,VULNERABLE,INSUFFICIENT_DATA,INSUFFICIENT_DATA,INSUFFICIENT_DATA,WATCH,VULNERABLE,RESILIENT,HIGH_RISK,AVOID,False,2
MTA,NORMAL_ENTERPRISE,READY,VULNERABLE,VULNERABLE,INSUFFICIENT_DATA,INSUFFICIENT_DATA,INSUFFICIENT_DATA,WATCH,VULNERABLE,RESILIENT,HIGH_RISK,AVOID,False,2
MTB,NORMAL_ENTERPRISE,READY,VULNERABLE,VULNERABLE,INSUFFICIENT_DATA,INSUFFICIENT_DATA,INSUFFICIENT_DATA,WATCH,VULNERABLE,RESILIENT,HIGH_RISK,AVOID,False,2
MTG,NORMAL_ENTERPRISE,READY,VULNERABLE,VULNERABLE,INSUFFICIENT_DATA,INSUFFICIENT_DATA,INSUFFICIENT_DATA,WATCH,VULNERABLE,RESILIENT,HIGH_RISK,AVOID,False,3
MTH,NORMAL_ENTERPRISE,READY,VULNERABLE,VULNERABLE,INSUFFICIENT_DATA,INSUFFICIENT_DATA,INSUFFICIENT_DATA,WATCH,VULNERABLE,RESILIENT,HIGH_RISK,AVOID,False,2
MTL,NORMAL_ENTERPRISE,READY,VULNERABLE,VULNERABLE,INSUFFICIENT_DATA,INSUFFICIENT_DATA,INSUFFICIENT_DATA,WATCH,VULNERABLE,RESILIENT,HIGH_RISK,AVOID,False,3
MTP,NORMAL_ENTERPRISE,READY,VULNERABLE,WATCH,INSUFFICIENT_DATA,INSUFFICIENT_DATA,INSUFFICIENT_DATA,WATCH,VULNERABLE,RESILIENT,HIGH_RISK,AVOID,False,2
MTS,NORMAL_ENTERPRISE,READY,VULNERABLE,VULNERABLE,INSUFFICIENT_DATA,INSUFFICIENT_DATA,INSUFFICIENT_DATA,WATCH,VULNERABLE,RESILIENT,HIGH_RISK,AVOID,False,3
MTV,NORMAL_ENTERPRISE,READY,WATCH,WATCH,INSUFFICIENT_DATA,INSUFFICIENT_DATA,INSUFFICIENT_DATA,RESILIENT,WATCH,RESILIENT,WATCH,WAIT_FOR_MOS,False,0
MVB,NORMAL_ENTERPRISE,READY,RESILIENT,WATCH,INSUFFICIENT_DATA,INSUFFICIENT_DATA,INSUFFICIENT_DATA,RESILIENT,INSUFFICIENT_DATA,RESILIENT,CLEAR,WAIT_FOR_MOS,False,0
MVC,NORMAL_ENTERPRISE,READY,VULNERABLE,VULNERABLE,INSUFFICIENT_DATA,INSUFFICIENT_DATA,INSUFFICIENT_DATA,WATCH,VULNERABLE,RESILIENT,HIGH_RISK,AVOID,False,2
MVN,NORMAL_ENTERPRISE,READY,VULNERABLE,VULNERABLE,INSUFFICIENT_DATA,INSUFFICIENT_DATA,INSUFFICIENT_DATA,WATCH,VULNERABLE,RESILIENT,HIGH_RISK,AVOID,False,1
MWG,NORMAL_ENTERPRISE,READY,RESILIENT,RESILIENT,INSUFFICIENT_DATA,INSUFFICIENT_DATA,INSUFFICIENT_DATA,RESILIENT,INSUFFICIENT_DATA,RESILIENT,CLEAR,WAIT_FOR_MOS,False,0
MZG,NORMAL_ENTERPRISE,PARTIAL,VULNERABLE,VULNERABLE,INSUFFICIENT_DATA,INSUFFICIENT_DATA,INSUFFICIENT_DATA,WATCH,VULNERABLE,RESILIENT,HIGH_RISK,AVOID,False,3
NAB,BANK,READY,WATCH,WATCH,INSUFFICIENT_DATA,INSUFFICIENT_DATA,INSUFFICIENT_DATA,RESILIENT,WATCH,RESILIENT,WATCH,WAIT_FOR_MOS,False,0
NAC,NORMAL_ENTERPRISE,READY,VULNERABLE,RESILIENT,INSUFFICIENT_DATA,INSUFFICIENT_DATA,INSUFFICIENT_DATA,WATCH,VULNERABLE,RESILIENT,HIGH_RISK,AVOID,False,1
NAF,NORMAL_ENTERPRISE,READY,VULNERABLE,WATCH,INSUFFICIENT_DATA,INSUFFICIENT_DATA,INSUFFICIENT_DATA,WATCH,VULNERABLE,RESILIENT,HIGH_RISK,AVOID,False,2
NAG,NORMAL_ENTERPRISE,READY,VULNERABLE,VULNERABLE,INSUFFICIENT_DATA,INSUFFICIENT_DATA,INSUFFICIENT_DATA,WATCH,VULNERABLE,RESILIENT,HIGH_RISK,AVOID,False,4
NAP,NORMAL_ENTERPRISE,READY,VULNERABLE,VULNERABLE,INSUFFICIENT_DATA,INSUFFICIENT_DATA,INSUFFICIENT_DATA,WATCH,VULNERABLE,RESILIENT,HIGH_RISK,AVOID,False,1
NAS,NORMAL_ENTERPRISE,READY,VULNERABLE,RESILIENT,INSUFFICIENT_DATA,INSUFFICIENT_DATA,INSUFFICIENT_DATA,WATCH,VULNERABLE,RESILIENT,HIGH_RISK,AVOID,False,3
NAU,NORMAL_ENTERPRISE,READY,VULNERABLE,VULNERABLE,INSUFFICIENT_DATA,INSUFFICIENT_DATA,INSUFFICIENT_DATA,WATCH,VULNERABLE,RESILIENT,HIGH_RISK,AVOID,False,1
NAV,NORMAL_ENTERPRISE,READY,VULNERABLE,RESILIENT,INSUFFICIENT_DATA,INSUFFICIENT_DATA,INSUFFICIENT_DATA,WATCH,VULNERABLE,RESILIENT,HIGH_RISK,AVOID,False,1
NAW,NORMAL_ENTERPRISE,READY,VULNERABLE,VULNERABLE,INSUFFICIENT_DATA,INSUFFICIENT_DATA,INSUFFICIENT_DATA,WATCH,VULNERABLE,RESILIENT,HIGH_RISK,AVOID,False,2
NBB,NORMAL_ENTERPRISE,READY,VULNERABLE,VULNERABLE,INSUFFICIENT_DATA,INSUFFICIENT_DATA,INSUFFICIENT_DATA,WATCH,VULNERABLE,RESILIENT,HIGH_RISK,AVOID,False,4
NBC,NORMAL_ENTERPRISE,READY,VULNERABLE,WATCH,INSUFFICIENT_DATA,INSUFFICIENT_DATA,INSUFFICIENT_DATA,WATCH,VULNERABLE,RESILIENT,HIGH_RISK,AVOID,False,2
NBE,NORMAL_ENTERPRISE,READY,VULNERABLE,WATCH,INSUFFICIENT_DATA,INSUFFICIENT_DATA,INSUFFICIENT_DATA,WATCH,VULNERABLE,RESILIENT,HIGH_RISK,AVOID,False,1
NBP,NORMAL_ENTERPRISE,READY,VULNERABLE,VULNERABLE,INSUFFICIENT_DATA,INSUFFICIENT_DATA,INSUFFICIENT_DATA,WATCH,VULNERABLE,RESILIENT,HIGH_RISK,AVOID,False,2
NBT,NORMAL_ENTERPRISE,READY,RESILIENT,WATCH,INSUFFICIENT_DATA,INSUFFICIENT_DATA,INSUFFICIENT_DATA,RESILIENT,INSUFFICIENT_DATA,RESILIENT,CLEAR,WAIT_FOR_MOS,False,0
NBW,NORMAL_ENTERPRISE,READY,RESILIENT,WATCH,INSUFFICIENT_DATA,INSUFFICIENT_DATA,INSUFFICIENT_DATA,RESILIENT,INSUFFICIENT_DATA,RESILIENT,CLEAR,WAIT_FOR_MOS,False,0
NCG,NORMAL_ENTERPRISE,READY,VULNERABLE,VULNERABLE,INSUFFICIENT_DATA,INSUFFICIENT_DATA,INSUFFICIENT_DATA,WATCH,VULNERABLE,RESILIENT,HIGH_RISK,AVOID,False,2
NCS,NORMAL_ENTERPRISE,READY,VULNERABLE,RESILIENT,INSUFFICIENT_DATA,INSUFFICIENT_DATA,INSUFFICIENT_DATA,WATCH,VULNERABLE,RESILIENT,HIGH_RISK,AVOID,False,1
NCT,NORMAL_ENTERPRISE,READY,RESILIENT,RESILIENT,INSUFFICIENT_DATA,INSUFFICIENT_DATA,INSUFFICIENT_DATA,RESILIENT,INSUFFICIENT_DATA,RESILIENT,CLEAR,WAIT_FOR_MOS,False,0
ND2,NORMAL_ENTERPRISE,READY,VULNERABLE,VULNERABLE,INSUFFICIENT_DATA,INSUFFICIENT_DATA,INSUFFICIENT_DATA,WATCH,VULNERABLE,RESILIENT,HIGH_RISK,AVOID,False,1
NDC,NORMAL_ENTERPRISE,READY,RESILIENT,RESILIENT,INSUFFICIENT_DATA,INSUFFICIENT_DATA,INSUFFICIENT_DATA,RESILIENT,INSUFFICIENT_DATA,RESILIENT,CLEAR,WAIT_FOR_MOS,False,0
NDF,NORMAL_ENTERPRISE,INSUFFICIENT,VULNERABLE,WATCH,INSUFFICIENT_DATA,INSUFFICIENT_DATA,INSUFFICIENT_DATA,WATCH,VULNERABLE,RESILIENT,HIGH_RISK,AVOID,False,2
NDN,NORMAL_ENTERPRISE,READY,VULNERABLE,WATCH,INSUFFICIENT_DATA,INSUFFICIENT_DATA,INSUFFICIENT_DATA,WATCH,VULNERABLE,RESILIENT,HIGH_RISK,AVOID,False,1
NDP,NORMAL_ENTERPRISE,READY,VULNERABLE,VULNERABLE,INSUFFICIENT_DATA,INSUFFICIENT_DATA,INSUFFICIENT_DATA,WATCH,VULNERABLE,RESILIENT,HIGH_RISK,AVOID,False,1
NDT,NORMAL_ENTERPRISE,READY,VULNERABLE,VULNERABLE,INSUFFICIENT_DATA,INSUFFICIENT_DATA,INSUFFICIENT_DATA,WATCH,VULNERABLE,RESILIENT,HIGH_RISK,AVOID,False,4
NDW,NORMAL_ENTERPRISE,READY,VULNERABLE,VULNERABLE,INSUFFICIENT_DATA,INSUFFICIENT_DATA,INSUFFICIENT_DATA,WATCH,VULNERABLE,RESILIENT,HIGH_RISK,AVOID,False,1
NDX,NORMAL_ENTERPRISE,READY,VULNERABLE,VULNERABLE,INSUFFICIENT_DATA,INSUFFICIENT_DATA,INSUFFICIENT_DATA,WATCH,VULNERABLE,RESILIENT,HIGH_RISK,AVOID,False,2
NED,NORMAL_ENTERPRISE,READY,VULNERABLE,VULNERABLE,INSUFFICIENT_DATA,INSUFFICIENT_DATA,INSUFFICIENT_DATA,WATCH,VULNERABLE,RESILIENT,HIGH_RISK,AVOID,False,1
NET,NORMAL_ENTERPRISE,READY,RESILIENT,RESILIENT,INSUFFICIENT_DATA,INSUFFICIENT_DATA,INSUFFICIENT_DATA,RESILIENT,INSUFFICIENT_DATA,RESILIENT,CLEAR,WAIT_FOR_MOS,False,0
NFC,NORMAL_ENTERPRISE,READY,WATCH,WATCH,INSUFFICIENT_DATA,INSUFFICIENT_DATA,INSUFFICIENT_DATA,RESILIENT,WATCH,RESILIENT,WATCH,WAIT_FOR_MOS,False,0
NGC,NORMAL_ENTERPRISE,READY,VULNERABLE,VULNERABLE,INSUFFICIENT_DATA,INSUFFICIENT_DATA,INSUFFICIENT_DATA,WATCH,VULNERABLE,RESILIENT,HIGH_RISK,AVOID,False,3
NHA,NORMAL_ENTERPRISE,READY,WATCH,WATCH,INSUFFICIENT_DATA,INSUFFICIENT_DATA,INSUFFICIENT_DATA,RESILIENT,WATCH,RESILIENT,WATCH,WAIT_FOR_MOS,False,0
NHC,NORMAL_ENTERPRISE,READY,RESILIENT,RESILIENT,INSUFFICIENT_DATA,INSUFFICIENT_DATA,INSUFFICIENT_DATA,RESILIENT,INSUFFICIENT_DATA,RESILIENT,CLEAR,WAIT_FOR_MOS,False,0
NHH,NORMAL_ENTERPRISE,READY,RESILIENT,WATCH,INSUFFICIENT_DATA,INSUFFICIENT_DATA,INSUFFICIENT_DATA,RESILIENT,INSUFFICIENT_DATA,RESILIENT,CLEAR,WAIT_FOR_MOS,False,0
NHT,NORMAL_ENTERPRISE,READY,WATCH,RESILIENT,INSUFFICIENT_DATA,INSUFFICIENT_DATA,INSUFFICIENT_DATA,RESILIENT,WATCH,RESILIENT,WATCH,WAIT_FOR_MOS,False,0
NHV,NORMAL_ENTERPRISE,READY,VULNERABLE,VULNERABLE,INSUFFICIENT_DATA,INSUFFICIENT_DATA,INSUFFICIENT_DATA,WATCH,VULNERABLE,RESILIENT,HIGH_RISK,AVOID,False,2
NJC,NORMAL_ENTERPRISE,READY,VULNERABLE,RESILIENT,INSUFFICIENT_DATA,INSUFFICIENT_DATA,INSUFFICIENT_DATA,WATCH,VULNERABLE,RESILIENT,HIGH_RISK,AVOID,False,2
NKG,NORMAL_ENTERPRISE,READY,VULNERABLE,VULNERABLE,INSUFFICIENT_DATA,INSUFFICIENT_DATA,INSUFFICIENT_DATA,WATCH,VULNERABLE,RESILIENT,HIGH_RISK,AVOID,False,3
NLG,NORMAL_ENTERPRISE,READY,VULNERABLE,VULNERABLE,INSUFFICIENT_DATA,INSUFFICIENT_DATA,INSUFFICIENT_DATA,WATCH,VULNERABLE,RESILIENT,HIGH_RISK,AVOID,False,2
NLS,NORMAL_ENTERPRISE,READY,WATCH,WATCH,INSUFFICIENT_DATA,INSUFFICIENT_DATA,INSUFFICIENT_DATA,RESILIENT,WATCH,RESILIENT,WATCH,WAIT_FOR_MOS,False,0
NNC,NORMAL_ENTERPRISE,READY,RESILIENT,RESILIENT,INSUFFICIENT_DATA,INSUFFICIENT_DATA,INSUFFICIENT_DATA,RESILIENT,INSUFFICIENT_DATA,RESILIENT,CLEAR,WAIT_FOR_MOS,False,0
NNT,NORMAL_ENTERPRISE,READY,RESILIENT,RESILIENT,INSUFFICIENT_DATA,INSUFFICIENT_DATA,INSUFFICIENT_DATA,RESILIENT,INSUFFICIENT_DATA,RESILIENT,CLEAR,WAIT_FOR_MOS,False,0
NO1,NORMAL_ENTERPRISE,READY,VULNERABLE,VULNERABLE,INSUFFICIENT_DATA,INSUFFICIENT_DATA,INSUFFICIENT_DATA,WATCH,VULNERABLE,RESILIENT,HIGH_RISK,AVOID,False,4
NOS,NORMAL_ENTERPRISE,READY,VULNERABLE,WATCH,INSUFFICIENT_DATA,INSUFFICIENT_DATA,INSUFFICIENT_DATA,WATCH,VULNERABLE,RESILIENT,HIGH_RISK,AVOID,False,1
NQB,NORMAL_ENTERPRISE,READY,VULNERABLE,VULNERABLE,INSUFFICIENT_DATA,INSUFFICIENT_DATA,INSUFFICIENT_DATA,WATCH,VULNERABLE,RESILIENT,HIGH_RISK,AVOID,False,1
NQN,NORMAL_ENTERPRISE,READY,VULNERABLE,VULNERABLE,INSUFFICIENT_DATA,INSUFFICIENT_DATA,INSUFFICIENT_DATA,WATCH,VULNERABLE,RESILIENT,HIGH_RISK,AVOID,False,1
NRC,NORMAL_ENTERPRISE,READY,VULNERABLE,WATCH,INSUFFICIENT_DATA,INSUFFICIENT_DATA,INSUFFICIENT_DATA,WATCH,VULNERABLE,RESILIENT,HIGH_RISK,AVOID,False,2
NSC,NORMAL_ENTERPRISE,READY,RESILIENT,RESILIENT,INSUFFICIENT_DATA,INSUFFICIENT_DATA,INSUFFICIENT_DATA,RESILIENT,INSUFFICIENT_DATA,RESILIENT,CLEAR,WAIT_FOR_MOS,False,0
NSG,NORMAL_ENTERPRISE,READY,VULNERABLE,VULNERABLE,INSUFFICIENT_DATA,INSUFFICIENT_DATA,INSUFFICIENT_DATA,WATCH,VULNERABLE,RESILIENT,HIGH_RISK,AVOID,False,2
NSH,NORMAL_ENTERPRISE,READY,VULNERABLE,VULNERABLE,INSUFFICIENT_DATA,INSUFFICIENT_DATA,INSUFFICIENT_DATA,WATCH,VULNERABLE,RESILIENT,HIGH_RISK,AVOID,False,3
NSL,NORMAL_ENTERPRISE,READY,WATCH,RESILIENT,INSUFFICIENT_DATA,INSUFFICIENT_DATA,INSUFFICIENT_DATA,RESILIENT,WATCH,RESILIENT,WATCH,WAIT_FOR_MOS,False,0
NSS,NORMAL_ENTERPRISE,READY,VULNERABLE,VULNERABLE,INSUFFICIENT_DATA,INSUFFICIENT_DATA,INSUFFICIENT_DATA,WATCH,VULNERABLE,RESILIENT,HIGH_RISK,AVOID,False,1
NST,NORMAL_ENTERPRISE,READY,VULNERABLE,VULNERABLE,INSUFFICIENT_DATA,INSUFFICIENT_DATA,INSUFFICIENT_DATA,WATCH,VULNERABLE,RESILIENT,HIGH_RISK,AVOID,False,2
NT2,NORMAL_ENTERPRISE,READY,WATCH,RESILIENT,INSUFFICIENT_DATA,INSUFFICIENT_DATA,INSUFFICIENT_DATA,RESILIENT,WATCH,RESILIENT,WATCH,WAIT_FOR_MOS,False,0
NTC,NORMAL_ENTERPRISE,READY,VULNERABLE,RESILIENT,INSUFFICIENT_DATA,INSUFFICIENT_DATA,INSUFFICIENT_DATA,WATCH,VULNERABLE,RESILIENT,HIGH_RISK,AVOID,False,1
NTH,NORMAL_ENTERPRISE,READY,RESILIENT,RESILIENT,INSUFFICIENT_DATA,INSUFFICIENT_DATA,INSUFFICIENT_DATA,RESILIENT,INSUFFICIENT_DATA,RESILIENT,CLEAR,WAIT_FOR_MOS,False,0
NTL,NORMAL_ENTERPRISE,READY,VULNERABLE,WATCH,INSUFFICIENT_DATA,INSUFFICIENT_DATA,INSUFFICIENT_DATA,WATCH,VULNERABLE,RESILIENT,HIGH_RISK,AVOID,False,2
NTP,NORMAL_ENTERPRISE,READY,RESILIENT,RESILIENT,INSUFFICIENT_DATA,INSUFFICIENT_DATA,INSUFFICIENT_DATA,RESILIENT,INSUFFICIENT_DATA,RESILIENT,CLEAR,WAIT_FOR_MOS,False,0
NTT,NORMAL_ENTERPRISE,READY,VULNERABLE,VULNERABLE,INSUFFICIENT_DATA,INSUFFICIENT_DATA,INSUFFICIENT_DATA,WATCH,VULNERABLE,RESILIENT,HIGH_RISK,AVOID,False,4
NTW,NORMAL_ENTERPRISE,READY,VULNERABLE,VULNERABLE,INSUFFICIENT_DATA,INSUFFICIENT_DATA,INSUFFICIENT_DATA,WATCH,VULNERABLE,RESILIENT,HIGH_RISK,AVOID,False,1
NUE,NORMAL_ENTERPRISE,READY,VULNERABLE,VULNERABLE,INSUFFICIENT_DATA,INSUFFICIENT_DATA,INSUFFICIENT_DATA,WATCH,VULNERABLE,RESILIENT,HIGH_RISK,AVOID,False,1
NVB,NORMAL_ENTERPRISE,READY,VULNERABLE,VULNERABLE,INSUFFICIENT_DATA,INSUFFICIENT_DATA,INSUFFICIENT_DATA,WATCH,VULNERABLE,RESILIENT,HIGH_RISK,AVOID,False,4
NVL,NORMAL_ENTERPRISE,READY,VULNERABLE,VULNERABLE,INSUFFICIENT_DATA,INSUFFICIENT_DATA,INSUFFICIENT_DATA,WATCH,VULNERABLE,RESILIENT,HIGH_RISK,AVOID,False,3
NVP,NORMAL_ENTERPRISE,READY,VULNERABLE,VULNERABLE,INSUFFICIENT_DATA,INSUFFICIENT_DATA,INSUFFICIENT_DATA,WATCH,VULNERABLE,RESILIENT,HIGH_RISK,AVOID,False,1
NVT,NORMAL_ENTERPRISE,READY,VULNERABLE,VULNERABLE,INSUFFICIENT_DATA,INSUFFICIENT_DATA,INSUFFICIENT_DATA,WATCH,VULNERABLE,RESILIENT,HIGH_RISK,AVOID,False,2
NWT,NORMAL_ENTERPRISE,READY,VULNERABLE,VULNERABLE,INSUFFICIENT_DATA,INSUFFICIENT_DATA,INSUFFICIENT_DATA,WATCH,VULNERABLE,RESILIENT,HIGH_RISK,AVOID,False,1
NXT,NORMAL_ENTERPRISE,READY,VULNERABLE,VULNERABLE,INSUFFICIENT_DATA,INSUFFICIENT_DATA,INSUFFICIENT_DATA,WATCH,VULNERABLE,RESILIENT,HIGH_RISK,AVOID,False,1
OCB,BANK,READY,RESILIENT,WATCH,INSUFFICIENT_DATA,INSUFFICIENT_DATA,INSUFFICIENT_DATA,RESILIENT,INSUFFICIENT_DATA,RESILIENT,CLEAR,WAIT_FOR_MOS,False,0
OCH,NORMAL_ENTERPRISE,READY,VULNERABLE,VULNERABLE,INSUFFICIENT_DATA,INSUFFICIENT_DATA,INSUFFICIENT_DATA,WATCH,VULNERABLE,RESILIENT,HIGH_RISK,AVOID,False,2
ODE,NORMAL_ENTERPRISE,READY,VULNERABLE,VULNERABLE,INSUFFICIENT_DATA,INSUFFICIENT_DATA,INSUFFICIENT_DATA,WATCH,VULNERABLE,RESILIENT,HIGH_RISK,AVOID,False,1
OGC,NORMAL_ENTERPRISE,READY,VULNERABLE,VULNERABLE,INSUFFICIENT_DATA,INSUFFICIENT_DATA,INSUFFICIENT_DATA,WATCH,VULNERABLE,RESILIENT,HIGH_RISK,AVOID,False,2
OIL,NORMAL_ENTERPRISE,READY,VULNERABLE,VULNERABLE,INSUFFICIENT_DATA,INSUFFICIENT_DATA,INSUFFICIENT_DATA,WATCH,VULNERABLE,RESILIENT,HIGH_RISK,AVOID,False,3
ONE,NORMAL_ENTERPRISE,READY,VULNERABLE,VULNERABLE,INSUFFICIENT_DATA,INSUFFICIENT_DATA,INSUFFICIENT_DATA,WATCH,VULNERABLE,RESILIENT,HIGH_RISK,AVOID,False,2
ONW,NORMAL_ENTERPRISE,READY,VULNERABLE,VULNERABLE,INSUFFICIENT_DATA,INSUFFICIENT_DATA,INSUFFICIENT_DATA,WATCH,VULNERABLE,RESILIENT,HIGH_RISK,AVOID,False,4
OPC,NORMAL_ENTERPRISE,READY,WATCH,WATCH,INSUFFICIENT_DATA,INSUFFICIENT_DATA,INSUFFICIENT_DATA,RESILIENT,WATCH,RESILIENT,WATCH,WAIT_FOR_MOS,False,0
ORS,SECURITIES,READY,VULNERABLE,VULNERABLE,INSUFFICIENT_DATA,INSUFFICIENT_DATA,INSUFFICIENT_DATA,WATCH,VULNERABLE,RESILIENT,HIGH_RISK,AVOID,False,1
PAC,NORMAL_ENTERPRISE,READY,WATCH,RESILIENT,INSUFFICIENT_DATA,INSUFFICIENT_DATA,INSUFFICIENT_DATA,RESILIENT,WATCH,RESILIENT,WATCH,WAIT_FOR_MOS,False,0
PAI,NORMAL_ENTERPRISE,READY,VULNERABLE,VULNERABLE,INSUFFICIENT_DATA,INSUFFICIENT_DATA,INSUFFICIENT_DATA,WATCH,VULNERABLE,RESILIENT,HIGH_RISK,AVOID,False,2
PAN,NORMAL_ENTERPRISE,READY,VULNERABLE,VULNERABLE,INSUFFICIENT_DATA,INSUFFICIENT_DATA,INSUFFICIENT_DATA,WATCH,VULNERABLE,RESILIENT,HIGH_RISK,AVOID,False,2
PAP,NORMAL_ENTERPRISE,READY,VULNERABLE,VULNERABLE,INSUFFICIENT_DATA,INSUFFICIENT_DATA,INSUFFICIENT_DATA,WATCH,VULNERABLE,RESILIENT,HIGH_RISK,AVOID,False,4
PAS,NORMAL_ENTERPRISE,READY,VULNERABLE,VULNERABLE,INSUFFICIENT_DATA,INSUFFICIENT_DATA,INSUFFICIENT_DATA,WATCH,VULNERABLE,RESILIENT,HIGH_RISK,AVOID,False,2
PAT,NORMAL_ENTERPRISE,READY,RESILIENT,RESILIENT,INSUFFICIENT_DATA,INSUFFICIENT_DATA,INSUFFICIENT_DATA,RESILIENT,INSUFFICIENT_DATA,RESILIENT,CLEAR,WAIT_FOR_MOS,False,0
PBC,NORMAL_ENTERPRISE,READY,VULNERABLE,VULNERABLE,INSUFFICIENT_DATA,INSUFFICIENT_DATA,INSUFFICIENT_DATA,WATCH,VULNERABLE,RESILIENT,HIGH_RISK,AVOID,False,2
PBP,NORMAL_ENTERPRISE,READY,RESILIENT,WATCH,INSUFFICIENT_DATA,INSUFFICIENT_DATA,INSUFFICIENT_DATA,RESILIENT,INSUFFICIENT_DATA,RESILIENT,CLEAR,WAIT_FOR_MOS,False,0
PBT,NORMAL_ENTERPRISE,READY,VULNERABLE,VULNERABLE,INSUFFICIENT_DATA,INSUFFICIENT_DATA,INSUFFICIENT_DATA,WATCH,VULNERABLE,RESILIENT,HIGH_RISK,AVOID,False,1
PC1,NORMAL_ENTERPRISE,READY,WATCH,WATCH,INSUFFICIENT_DATA,INSUFFICIENT_DATA,INSUFFICIENT_DATA,RESILIENT,WATCH,RESILIENT,WATCH,WAIT_FOR_MOS,False,0
PCC,NORMAL_ENTERPRISE,READY,VULNERABLE,WATCH,INSUFFICIENT_DATA,INSUFFICIENT_DATA,INSUFFICIENT_DATA,WATCH,VULNERABLE,RESILIENT,HIGH_RISK,AVOID,False,2
PCE,NORMAL_ENTERPRISE,READY,VULNERABLE,WATCH,INSUFFICIENT_DATA,INSUFFICIENT_DATA,INSUFFICIENT_DATA,WATCH,VULNERABLE,RESILIENT,HIGH_RISK,AVOID,False,1
PCF,NORMAL_ENTERPRISE,READY,VULNERABLE,VULNERABLE,INSUFFICIENT_DATA,INSUFFICIENT_DATA,INSUFFICIENT_DATA,WATCH,VULNERABLE,RESILIENT,HIGH_RISK,AVOID,False,2
PCG,NORMAL_ENTERPRISE,READY,VULNERABLE,VULNERABLE,INSUFFICIENT_DATA,INSUFFICIENT_DATA,INSUFFICIENT_DATA,WATCH,VULNERABLE,RESILIENT,HIGH_RISK,AVOID,False,3
PCH,NORMAL_ENTERPRISE,READY,VULNERABLE,VULNERABLE,INSUFFICIENT_DATA,INSUFFICIENT_DATA,INSUFFICIENT_DATA,WATCH,VULNERABLE,RESILIENT,HIGH_RISK,AVOID,False,1
PCM,NORMAL_ENTERPRISE,READY,VULNERABLE,VULNERABLE,INSUFFICIENT_DATA,INSUFFICIENT_DATA,INSUFFICIENT_DATA,WATCH,VULNERABLE,RESILIENT,HIGH_RISK,AVOID,False,2
PCT,NORMAL_ENTERPRISE,READY,VULNERABLE,VULNERABLE,INSUFFICIENT_DATA,INSUFFICIENT_DATA,INSUFFICIENT_DATA,WATCH,VULNERABLE,RESILIENT,HIGH_RISK,AVOID,False,3
PDB,NORMAL_ENTERPRISE,READY,RESILIENT,WATCH,INSUFFICIENT_DATA,INSUFFICIENT_DATA,INSUFFICIENT_DATA,RESILIENT,INSUFFICIENT_DATA,RESILIENT,CLEAR,WAIT_FOR_MOS,False,0
PDC,NORMAL_ENTERPRISE,READY,VULNERABLE,VULNERABLE,INSUFFICIENT_DATA,INSUFFICIENT_DATA,INSUFFICIENT_DATA,WATCH,VULNERABLE,RESILIENT,HIGH_RISK,AVOID,False,3
PDN,NORMAL_ENTERPRISE,READY,WATCH,RESILIENT,INSUFFICIENT_DATA,INSUFFICIENT_DATA,INSUFFICIENT_DATA,RESILIENT,WATCH,RESILIENT,WATCH,WAIT_FOR_MOS,False,0
PDR,NORMAL_ENTERPRISE,READY,VULNERABLE,VULNERABLE,INSUFFICIENT_DATA,INSUFFICIENT_DATA,INSUFFICIENT_DATA,WATCH,VULNERABLE,RESILIENT,HIGH_RISK,AVOID,False,2
PDV,NORMAL_ENTERPRISE,READY,VULNERABLE,VULNERABLE,INSUFFICIENT_DATA,INSUFFICIENT_DATA,INSUFFICIENT_DATA,WATCH,VULNERABLE,RESILIENT,HIGH_RISK,AVOID,False,1
PEG,NORMAL_ENTERPRISE,READY,VULNERABLE,VULNERABLE,INSUFFICIENT_DATA,INSUFFICIENT_DATA,INSUFFICIENT_DATA,WATCH,VULNERABLE,RESILIENT,HIGH_RISK,AVOID,False,3
PEN,NORMAL_ENTERPRISE,READY,VULNERABLE,VULNERABLE,INSUFFICIENT_DATA,INSUFFICIENT_DATA,INSUFFICIENT_DATA,WATCH,VULNERABLE,RESILIENT,HIGH_RISK,AVOID,False,4
PEQ,NORMAL_ENTERPRISE,READY,VULNERABLE,RESILIENT,INSUFFICIENT_DATA,INSUFFICIENT_DATA,INSUFFICIENT_DATA,WATCH,VULNERABLE,RESILIENT,HIGH_RISK,AVOID,False,1
PET,NORMAL_ENTERPRISE,READY,VULNERABLE,VULNERABLE,INSUFFICIENT_DATA,INSUFFICIENT_DATA,INSUFFICIENT_DATA,WATCH,VULNERABLE,RESILIENT,HIGH_RISK,AVOID,False,3
PFL,NORMAL_ENTERPRISE,READY,VULNERABLE,VULNERABLE,INSUFFICIENT_DATA,INSUFFICIENT_DATA,INSUFFICIENT_DATA,WATCH,VULNERABLE,RESILIENT,HIGH_RISK,AVOID,False,3
PGB,BANK,READY,VULNERABLE,VULNERABLE,INSUFFICIENT_DATA,INSUFFICIENT_DATA,INSUFFICIENT_DATA,WATCH,VULNERABLE,RESILIENT,HIGH_RISK,AVOID,False,1
PGC,NORMAL_ENTERPRISE,READY,RESILIENT,WATCH,INSUFFICIENT_DATA,INSUFFICIENT_DATA,INSUFFICIENT_DATA,RESILIENT,INSUFFICIENT_DATA,RESILIENT,CLEAR,WAIT_FOR_MOS,False,0
PGD,NORMAL_ENTERPRISE,READY,VULNERABLE,RESILIENT,INSUFFICIENT_DATA,INSUFFICIENT_DATA,INSUFFICIENT_DATA,WATCH,VULNERABLE,RESILIENT,HIGH_RISK,AVOID,False,1
PGI,NORMAL_ENTERPRISE,READY,VULNERABLE,WATCH,INSUFFICIENT_DATA,INSUFFICIENT_DATA,INSUFFICIENT_DATA,WATCH,VULNERABLE,RESILIENT,HIGH_RISK,AVOID,False,1
PGN,NORMAL_ENTERPRISE,READY,VULNERABLE,VULNERABLE,INSUFFICIENT_DATA,INSUFFICIENT_DATA,INSUFFICIENT_DATA,WATCH,VULNERABLE,RESILIENT,HIGH_RISK,AVOID,False,2
PGS,NORMAL_ENTERPRISE,READY,VULNERABLE,WATCH,INSUFFICIENT_DATA,INSUFFICIENT_DATA,INSUFFICIENT_DATA,WATCH,VULNERABLE,RESILIENT,HIGH_RISK,AVOID,False,2
PGT,NORMAL_ENTERPRISE,READY,VULNERABLE,VULNERABLE,INSUFFICIENT_DATA,INSUFFICIENT_DATA,INSUFFICIENT_DATA,WATCH,VULNERABLE,RESILIENT,HIGH_RISK,AVOID,False,3
PGV,NORMAL_ENTERPRISE,READY,VULNERABLE,VULNERABLE,INSUFFICIENT_DATA,INSUFFICIENT_DATA,INSUFFICIENT_DATA,WATCH,VULNERABLE,RESILIENT,HIGH_RISK,AVOID,False,3
PHC,NORMAL_ENTERPRISE,READY,VULNERABLE,VULNERABLE,INSUFFICIENT_DATA,INSUFFICIENT_DATA,INSUFFICIENT_DATA,WATCH,VULNERABLE,RESILIENT,HIGH_RISK,AVOID,False,3
PHH,NORMAL_ENTERPRISE,READY,VULNERABLE,VULNERABLE,INSUFFICIENT_DATA,INSUFFICIENT_DATA,INSUFFICIENT_DATA,WATCH,VULNERABLE,RESILIENT,HIGH_RISK,AVOID,False,3
PHN,NORMAL_ENTERPRISE,READY,RESILIENT,RESILIENT,INSUFFICIENT_DATA,INSUFFICIENT_DATA,INSUFFICIENT_DATA,RESILIENT,INSUFFICIENT_DATA,RESILIENT,CLEAR,WAIT_FOR_MOS,False,0
PHP,NORMAL_ENTERPRISE,READY,WATCH,WATCH,INSUFFICIENT_DATA,INSUFFICIENT_DATA,INSUFFICIENT_DATA,RESILIENT,WATCH,RESILIENT,WATCH,WAIT_FOR_MOS,False,0
PHR,NORMAL_ENTERPRISE,READY,RESILIENT,RESILIENT,INSUFFICIENT_DATA,INSUFFICIENT_DATA,INSUFFICIENT_DATA,RESILIENT,INSUFFICIENT_DATA,RESILIENT,CLEAR,WAIT_FOR_MOS,False,0
PHS,NORMAL_ENTERPRISE,READY,VULNERABLE,VULNERABLE,INSUFFICIENT_DATA,INSUFFICIENT_DATA,INSUFFICIENT_DATA,WATCH,VULNERABLE,RESILIENT,HIGH_RISK,AVOID,False,4
PIA,NORMAL_ENTERPRISE,READY,WATCH,RESILIENT,INSUFFICIENT_DATA,INSUFFICIENT_DATA,INSUFFICIENT_DATA,RESILIENT,WATCH,RESILIENT,WATCH,WAIT_FOR_MOS,False,0
PIC,NORMAL_ENTERPRISE,READY,VULNERABLE,VULNERABLE,INSUFFICIENT_DATA,INSUFFICIENT_DATA,INSUFFICIENT_DATA,WATCH,VULNERABLE,RESILIENT,HIGH_RISK,AVOID,False,1
PID,NORMAL_ENTERPRISE,READY,VULNERABLE,WATCH,INSUFFICIENT_DATA,INSUFFICIENT_DATA,INSUFFICIENT_DATA,WATCH,VULNERABLE,RESILIENT,HIGH_RISK,AVOID,False,1
PIS,NORMAL_ENTERPRISE,READY,VULNERABLE,WATCH,INSUFFICIENT_DATA,INSUFFICIENT_DATA,INSUFFICIENT_DATA,WATCH,VULNERABLE,RESILIENT,HIGH_RISK,AVOID,False,1
PIT,NORMAL_ENTERPRISE,READY,VULNERABLE,VULNERABLE,INSUFFICIENT_DATA,INSUFFICIENT_DATA,INSUFFICIENT_DATA,WATCH,VULNERABLE,RESILIENT,HIGH_RISK,AVOID,False,4
PIV,NORMAL_ENTERPRISE,READY,VULNERABLE,VULNERABLE,INSUFFICIENT_DATA,INSUFFICIENT_DATA,INSUFFICIENT_DATA,WATCH,VULNERABLE,RESILIENT,HIGH_RISK,AVOID,False,4
PJC,NORMAL_ENTERPRISE,READY,RESILIENT,RESILIENT,INSUFFICIENT_DATA,INSUFFICIENT_DATA,INSUFFICIENT_DATA,RESILIENT,INSUFFICIENT_DATA,RESILIENT,CLEAR,WAIT_FOR_MOS,False,0
PJS,NORMAL_ENTERPRISE,READY,VULNERABLE,VULNERABLE,INSUFFICIENT_DATA,INSUFFICIENT_DATA,INSUFFICIENT_DATA,WATCH,VULNERABLE,RESILIENT,HIGH_RISK,AVOID,False,1
PJT,NORMAL_ENTERPRISE,READY,WATCH,WATCH,INSUFFICIENT_DATA,INSUFFICIENT_DATA,INSUFFICIENT_DATA,RESILIENT,WATCH,RESILIENT,WATCH,WAIT_FOR_MOS,False,0
PLA,NORMAL_ENTERPRISE,READY,VULNERABLE,VULNERABLE,INSUFFICIENT_DATA,INSUFFICIENT_DATA,INSUFFICIENT_DATA,WATCH,VULNERABLE,RESILIENT,HIGH_RISK,AVOID,False,3
PLC,NORMAL_ENTERPRISE,READY,VULNERABLE,WATCH,INSUFFICIENT_DATA,INSUFFICIENT_DATA,INSUFFICIENT_DATA,WATCH,VULNERABLE,RESILIENT,HIGH_RISK,AVOID,False,2
PLE,NORMAL_ENTERPRISE,READY,VULNERABLE,VULNERABLE,INSUFFICIENT_DATA,INSUFFICIENT_DATA,INSUFFICIENT_DATA,WATCH,VULNERABLE,RESILIENT,HIGH_RISK,AVOID,False,4
PLO,NORMAL_ENTERPRISE,READY,RESILIENT,WATCH,INSUFFICIENT_DATA,INSUFFICIENT_DATA,INSUFFICIENT_DATA,RESILIENT,WATCH,RESILIENT,CLEAR,WAIT_FOR_MOS,False,0
PLP,NORMAL_ENTERPRISE,READY,VULNERABLE,VULNERABLE,INSUFFICIENT_DATA,INSUFFICIENT_DATA,INSUFFICIENT_DATA,WATCH,VULNERABLE,RESILIENT,HIGH_RISK,AVOID,False,3
PLX,NORMAL_ENTERPRISE,READY,VULNERABLE,VULNERABLE,INSUFFICIENT_DATA,INSUFFICIENT_DATA,INSUFFICIENT_DATA,WATCH,VULNERABLE,RESILIENT,HIGH_RISK,AVOID,False,2
PMB,NORMAL_ENTERPRISE,READY,VULNERABLE,VULNERABLE,INSUFFICIENT_DATA,INSUFFICIENT_DATA,INSUFFICIENT_DATA,WATCH,VULNERABLE,RESILIENT,HIGH_RISK,AVOID,False,2
PMC,NORMAL_ENTERPRISE,READY,WATCH,RESILIENT,INSUFFICIENT_DATA,INSUFFICIENT_DATA,INSUFFICIENT_DATA,RESILIENT,WATCH,RESILIENT,WATCH,WAIT_FOR_MOS,False,0
PMG,NORMAL_ENTERPRISE,READY,VULNERABLE,VULNERABLE,INSUFFICIENT_DATA,INSUFFICIENT_DATA,INSUFFICIENT_DATA,WATCH,VULNERABLE,RESILIENT,HIGH_RISK,AVOID,False,3
PMJ,NORMAL_ENTERPRISE,READY,VULNERABLE,VULNERABLE,INSUFFICIENT_DATA,INSUFFICIENT_DATA,INSUFFICIENT_DATA,WATCH,VULNERABLE,RESILIENT,HIGH_RISK,AVOID,False,3
PMP,NORMAL_ENTERPRISE,READY,VULNERABLE,WATCH,INSUFFICIENT_DATA,INSUFFICIENT_DATA,INSUFFICIENT_DATA,WATCH,VULNERABLE,RESILIENT,HIGH_RISK,AVOID,False,2
PMS,NORMAL_ENTERPRISE,READY,WATCH,RESILIENT,INSUFFICIENT_DATA,INSUFFICIENT_DATA,INSUFFICIENT_DATA,RESILIENT,WATCH,RESILIENT,WATCH,WAIT_FOR_MOS,False,0
PMT,NORMAL_ENTERPRISE,READY,VULNERABLE,VULNERABLE,INSUFFICIENT_DATA,INSUFFICIENT_DATA,INSUFFICIENT_DATA,WATCH,VULNERABLE,RESILIENT,HIGH_RISK,AVOID,False,3
PMW,NORMAL_ENTERPRISE,READY,WATCH,RESILIENT,INSUFFICIENT_DATA,INSUFFICIENT_DATA,INSUFFICIENT_DATA,RESILIENT,WATCH,RESILIENT,WATCH,WAIT_FOR_MOS,False,0
PNC,NORMAL_ENTERPRISE,READY,VULNERABLE,VULNERABLE,INSUFFICIENT_DATA,INSUFFICIENT_DATA,INSUFFICIENT_DATA,WATCH,VULNERABLE,RESILIENT,HIGH_RISK,AVOID,False,3
PND,NORMAL_ENTERPRISE,READY,VULNERABLE,VULNERABLE,INSUFFICIENT_DATA,INSUFFICIENT_DATA,INSUFFICIENT_DATA,WATCH,VULNERABLE,RESILIENT,HIGH_RISK,AVOID,False,4
PNG,NORMAL_ENTERPRISE,READY,VULNERABLE,RESILIENT,INSUFFICIENT_DATA,INSUFFICIENT_DATA,INSUFFICIENT_DATA,WATCH,VULNERABLE,RESILIENT,HIGH_RISK,AVOID,False,1
PNJ,NORMAL_ENTERPRISE,READY,VULNERABLE,RESILIENT,INSUFFICIENT_DATA,INSUFFICIENT_DATA,INSUFFICIENT_DATA,WATCH,VULNERABLE,RESILIENT,HIGH_RISK,AVOID,False,2
PNP,NORMAL_ENTERPRISE,READY,RESILIENT,RESILIENT,INSUFFICIENT_DATA,INSUFFICIENT_DATA,INSUFFICIENT_DATA,RESILIENT,INSUFFICIENT_DATA,RESILIENT,CLEAR,WAIT_FOR_MOS,False,0
PNT,NORMAL_ENTERPRISE,READY,VULNERABLE,VULNERABLE,INSUFFICIENT_DATA,INSUFFICIENT_DATA,INSUFFICIENT_DATA,WATCH,VULNERABLE,RESILIENT,HIGH_RISK,AVOID,False,3
POB,NORMAL_ENTERPRISE,READY,VULNERABLE,VULNERABLE,INSUFFICIENT_DATA,INSUFFICIENT_DATA,INSUFFICIENT_DATA,WATCH,VULNERABLE,RESILIENT,HIGH_RISK,AVOID,False,2
POM,NORMAL_ENTERPRISE,READY,VULNERABLE,VULNERABLE,INSUFFICIENT_DATA,INSUFFICIENT_DATA,INSUFFICIENT_DATA,WATCH,VULNERABLE,RESILIENT,HIGH_RISK,AVOID,False,3
POS,NORMAL_ENTERPRISE,READY,VULNERABLE,VULNERABLE,INSUFFICIENT_DATA,INSUFFICIENT_DATA,INSUFFICIENT_DATA,WATCH,VULNERABLE,RESILIENT,HIGH_RISK,AVOID,False,2
POT,NORMAL_ENTERPRISE,READY,VULNERABLE,VULNERABLE,INSUFFICIENT_DATA,INSUFFICIENT_DATA,INSUFFICIENT_DATA,WATCH,VULNERABLE,RESILIENT,HIGH_RISK,AVOID,False,3
POV,NORMAL_ENTERPRISE,READY,VULNERABLE,VULNERABLE,INSUFFICIENT_DATA,INSUFFICIENT_DATA,INSUFFICIENT_DATA,WATCH,VULNERABLE,RESILIENT,HIGH_RISK,AVOID,False,1
POW,NORMAL_ENTERPRISE,READY,VULNERABLE,VULNERABLE,INSUFFICIENT_DATA,INSUFFICIENT_DATA,INSUFFICIENT_DATA,WATCH,VULNERABLE,RESILIENT,HIGH_RISK,AVOID,False,1
PPC,NORMAL_ENTERPRISE,READY,VULNERABLE,WATCH,INSUFFICIENT_DATA,INSUFFICIENT_DATA,INSUFFICIENT_DATA,WATCH,VULNERABLE,RESILIENT,HIGH_RISK,AVOID,False,1
PPE,NORMAL_ENTERPRISE,READY,VULNERABLE,VULNERABLE,INSUFFICIENT_DATA,INSUFFICIENT_DATA,INSUFFICIENT_DATA,WATCH,VULNERABLE,RESILIENT,HIGH_RISK,AVOID,False,3
PPH,NORMAL_ENTERPRISE,READY,VULNERABLE,RESILIENT,INSUFFICIENT_DATA,INSUFFICIENT_DATA,INSUFFICIENT_DATA,WATCH,VULNERABLE,RESILIENT,HIGH_RISK,AVOID,False,1
PPI,NORMAL_ENTERPRISE,READY,VULNERABLE,VULNERABLE,INSUFFICIENT_DATA,INSUFFICIENT_DATA,INSUFFICIENT_DATA,WATCH,VULNERABLE,RESILIENT,HIGH_RISK,AVOID,False,2
PPP,NORMAL_ENTERPRISE,READY,RESILIENT,WATCH,INSUFFICIENT_DATA,INSUFFICIENT_DATA,INSUFFICIENT_DATA,RESILIENT,INSUFFICIENT_DATA,RESILIENT,CLEAR,WAIT_FOR_MOS,False,0
PPS,NORMAL_ENTERPRISE,READY,VULNERABLE,VULNERABLE,INSUFFICIENT_DATA,INSUFFICIENT_DATA,INSUFFICIENT_DATA,WATCH,VULNERABLE,RESILIENT,HIGH_RISK,AVOID,False,1
PPT,NORMAL_ENTERPRISE,READY,VULNERABLE,VULNERABLE,INSUFFICIENT_DATA,INSUFFICIENT_DATA,INSUFFICIENT_DATA,WATCH,VULNERABLE,RESILIENT,HIGH_RISK,AVOID,False,2
PPY,NORMAL_ENTERPRISE,READY,RESILIENT,WATCH,INSUFFICIENT_DATA,INSUFFICIENT_DATA,INSUFFICIENT_DATA,RESILIENT,INSUFFICIENT_DATA,RESILIENT,CLEAR,WAIT_FOR_MOS,False,0
PQN,NORMAL_ENTERPRISE,READY,VULNERABLE,RESILIENT,INSUFFICIENT_DATA,INSUFFICIENT_DATA,INSUFFICIENT_DATA,WATCH,VULNERABLE,RESILIENT,HIGH_RISK,AVOID,False,2
PRC,NORMAL_ENTERPRISE,READY,VULNERABLE,VULNERABLE,INSUFFICIENT_DATA,INSUFFICIENT_DATA,INSUFFICIENT_DATA,WATCH,VULNERABLE,RESILIENT,HIGH_RISK,AVOID,False,3
PRE,NORMAL_ENTERPRISE,READY,VULNERABLE,RESILIENT,INSUFFICIENT_DATA,INSUFFICIENT_DATA,INSUFFICIENT_DATA,WATCH,VULNERABLE,RESILIENT,HIGH_RISK,AVOID,False,1
PRO,NORMAL_ENTERPRISE,READY,VULNERABLE,VULNERABLE,INSUFFICIENT_DATA,INSUFFICIENT_DATA,INSUFFICIENT_DATA,WATCH,VULNERABLE,RESILIENT,HIGH_RISK,AVOID,False,2
PRT,NORMAL_ENTERPRISE,READY,VULNERABLE,VULNERABLE,INSUFFICIENT_DATA,INSUFFICIENT_DATA,INSUFFICIENT_DATA,WATCH,VULNERABLE,RESILIENT,HIGH_RISK,AVOID,False,2
PSB,NORMAL_ENTERPRISE,READY,VULNERABLE,VULNERABLE,INSUFFICIENT_DATA,INSUFFICIENT_DATA,INSUFFICIENT_DATA,WATCH,VULNERABLE,RESILIENT,HIGH_RISK,AVOID,False,3
PSC,NORMAL_ENTERPRISE,READY,VULNERABLE,VULNERABLE,INSUFFICIENT_DATA,INSUFFICIENT_DATA,INSUFFICIENT_DATA,WATCH,VULNERABLE,RESILIENT,HIGH_RISK,AVOID,False,1
PSD,NORMAL_ENTERPRISE,READY,VULNERABLE,RESILIENT,INSUFFICIENT_DATA,INSUFFICIENT_DATA,INSUFFICIENT_DATA,WATCH,VULNERABLE,RESILIENT,HIGH_RISK,AVOID,False,2
PSE,NORMAL_ENTERPRISE,READY,VULNERABLE,WATCH,INSUFFICIENT_DATA,INSUFFICIENT_DATA,INSUFFICIENT_DATA,WATCH,VULNERABLE,RESILIENT,HIGH_RISK,AVOID,False,1
PSH,NORMAL_ENTERPRISE,READY,VULNERABLE,VULNERABLE,INSUFFICIENT_DATA,INSUFFICIENT_DATA,INSUFFICIENT_DATA,WATCH,VULNERABLE,RESILIENT,HIGH_RISK,AVOID,False,4
PSI,NORMAL_ENTERPRISE,READY,VULNERABLE,VULNERABLE,INSUFFICIENT_DATA,INSUFFICIENT_DATA,INSUFFICIENT_DATA,WATCH,VULNERABLE,RESILIENT,HIGH_RISK,AVOID,False,3
PSL,NORMAL_ENTERPRISE,READY,VULNERABLE,VULNERABLE,INSUFFICIENT_DATA,INSUFFICIENT_DATA,INSUFFICIENT_DATA,WATCH,VULNERABLE,RESILIENT,HIGH_RISK,AVOID,False,3
PSN,NORMAL_ENTERPRISE,READY,VULNERABLE,VULNERABLE,INSUFFICIENT_DATA,INSUFFICIENT_DATA,INSUFFICIENT_DATA,WATCH,VULNERABLE,RESILIENT,HIGH_RISK,AVOID,False,2
PSP,NORMAL_ENTERPRISE,READY,VULNERABLE,VULNERABLE,INSUFFICIENT_DATA,INSUFFICIENT_DATA,INSUFFICIENT_DATA,WATCH,VULNERABLE,RESILIENT,HIGH_RISK,AVOID,False,1
PSW,NORMAL_ENTERPRISE,READY,VULNERABLE,VULNERABLE,INSUFFICIENT_DATA,INSUFFICIENT_DATA,INSUFFICIENT_DATA,WATCH,VULNERABLE,RESILIENT,HIGH_RISK,AVOID,False,2
PTB,NORMAL_ENTERPRISE,READY,RESILIENT,RESILIENT,INSUFFICIENT_DATA,INSUFFICIENT_DATA,INSUFFICIENT_DATA,RESILIENT,INSUFFICIENT_DATA,RESILIENT,CLEAR,WAIT_FOR_MOS,False,0
PTC,NORMAL_ENTERPRISE,READY,VULNERABLE,VULNERABLE,INSUFFICIENT_DATA,INSUFFICIENT_DATA,INSUFFICIENT_DATA,WATCH,VULNERABLE,RESILIENT,HIGH_RISK,AVOID,False,3
PTD,NORMAL_ENTERPRISE,READY,VULNERABLE,VULNERABLE,INSUFFICIENT_DATA,INSUFFICIENT_DATA,INSUFFICIENT_DATA,WATCH,VULNERABLE,RESILIENT,HIGH_RISK,AVOID,False,4
PTE,NORMAL_ENTERPRISE,READY,VULNERABLE,VULNERABLE,INSUFFICIENT_DATA,INSUFFICIENT_DATA,INSUFFICIENT_DATA,WATCH,VULNERABLE,RESILIENT,HIGH_RISK,AVOID,False,2
PTG,NORMAL_ENTERPRISE,READY,RESILIENT,RESILIENT,INSUFFICIENT_DATA,INSUFFICIENT_DATA,INSUFFICIENT_DATA,RESILIENT,INSUFFICIENT_DATA,RESILIENT,CLEAR,WAIT_FOR_MOS,False,0
PTH,NORMAL_ENTERPRISE,READY,VULNERABLE,VULNERABLE,INSUFFICIENT_DATA,INSUFFICIENT_DATA,INSUFFICIENT_DATA,WATCH,VULNERABLE,RESILIENT,HIGH_RISK,AVOID,False,1
PTI,NORMAL_ENTERPRISE,READY,VULNERABLE,WATCH,INSUFFICIENT_DATA,INSUFFICIENT_DATA,INSUFFICIENT_DATA,WATCH,VULNERABLE,RESILIENT,HIGH_RISK,AVOID,False,2
PTL,NORMAL_ENTERPRISE,READY,VULNERABLE,VULNERABLE,INSUFFICIENT_DATA,INSUFFICIENT_DATA,INSUFFICIENT_DATA,WATCH,VULNERABLE,RESILIENT,HIGH_RISK,AVOID,False,4
PTM,NORMAL_ENTERPRISE,READY,RESILIENT,WATCH,INSUFFICIENT_DATA,INSUFFICIENT_DATA,INSUFFICIENT_DATA,RESILIENT,INSUFFICIENT_DATA,RESILIENT,CLEAR,WAIT_FOR_MOS,False,0
PTO,NORMAL_ENTERPRISE,READY,VULNERABLE,VULNERABLE,INSUFFICIENT_DATA,INSUFFICIENT_DATA,INSUFFICIENT_DATA,WATCH,VULNERABLE,RESILIENT,HIGH_RISK,AVOID,False,2
PTP,NORMAL_ENTERPRISE,READY,VULNERABLE,VULNERABLE,INSUFFICIENT_DATA,INSUFFICIENT_DATA,INSUFFICIENT_DATA,WATCH,VULNERABLE,RESILIENT,HIGH_RISK,AVOID,False,1
PTS,NORMAL_ENTERPRISE,READY,VULNERABLE,VULNERABLE,INSUFFICIENT_DATA,INSUFFICIENT_DATA,INSUFFICIENT_DATA,WATCH,VULNERABLE,RESILIENT,HIGH_RISK,AVOID,False,1
PTT,NORMAL_ENTERPRISE,READY,VULNERABLE,VULNERABLE,INSUFFICIENT_DATA,INSUFFICIENT_DATA,INSUFFICIENT_DATA,WATCH,VULNERABLE,RESILIENT,HIGH_RISK,AVOID,False,1
PTV,NORMAL_ENTERPRISE,READY,VULNERABLE,VULNERABLE,INSUFFICIENT_DATA,INSUFFICIENT_DATA,INSUFFICIENT_DATA,WATCH,VULNERABLE,RESILIENT,HIGH_RISK,AVOID,False,4
PTX,NORMAL_ENTERPRISE,READY,VULNERABLE,WATCH,INSUFFICIENT_DATA,INSUFFICIENT_DATA,INSUFFICIENT_DATA,WATCH,VULNERABLE,RESILIENT,HIGH_RISK,AVOID,False,1
PV2,NORMAL_ENTERPRISE,READY,VULNERABLE,VULNERABLE,INSUFFICIENT_DATA,INSUFFICIENT_DATA,INSUFFICIENT_DATA,WATCH,VULNERABLE,RESILIENT,HIGH_RISK,AVOID,False,3
PVC,NORMAL_ENTERPRISE,READY,VULNERABLE,VULNERABLE,INSUFFICIENT_DATA,INSUFFICIENT_DATA,INSUFFICIENT_DATA,WATCH,VULNERABLE,RESILIENT,HIGH_RISK,AVOID,False,3
PVD,NORMAL_ENTERPRISE,READY,VULNERABLE,VULNERABLE,INSUFFICIENT_DATA,INSUFFICIENT_DATA,INSUFFICIENT_DATA,WATCH,VULNERABLE,RESILIENT,HIGH_RISK,AVOID,False,2
PVE,NORMAL_ENTERPRISE,READY,VULNERABLE,VULNERABLE,INSUFFICIENT_DATA,INSUFFICIENT_DATA,INSUFFICIENT_DATA,WATCH,VULNERABLE,RESILIENT,HIGH_RISK,AVOID,False,3
PVG,NORMAL_ENTERPRISE,READY,VULNERABLE,VULNERABLE,INSUFFICIENT_DATA,INSUFFICIENT_DATA,INSUFFICIENT_DATA,WATCH,VULNERABLE,RESILIENT,HIGH_RISK,AVOID,False,2
PVH,NORMAL_ENTERPRISE,READY,VULNERABLE,VULNERABLE,INSUFFICIENT_DATA,INSUFFICIENT_DATA,INSUFFICIENT_DATA,WATCH,VULNERABLE,RESILIENT,HIGH_RISK,AVOID,False,4
PVI,NORMAL_ENTERPRISE,READY,VULNERABLE,VULNERABLE,INSUFFICIENT_DATA,INSUFFICIENT_DATA,INSUFFICIENT_DATA,WATCH,VULNERABLE,RESILIENT,HIGH_RISK,AVOID,False,2
PVL,NORMAL_ENTERPRISE,READY,VULNERABLE,VULNERABLE,INSUFFICIENT_DATA,INSUFFICIENT_DATA,INSUFFICIENT_DATA,WATCH,VULNERABLE,RESILIENT,HIGH_RISK,AVOID,False,3
PVM,NORMAL_ENTERPRISE,READY,VULNERABLE,VULNERABLE,INSUFFICIENT_DATA,INSUFFICIENT_DATA,INSUFFICIENT_DATA,WATCH,VULNERABLE,RESILIENT,HIGH_RISK,AVOID,False,2
PVO,NORMAL_ENTERPRISE,READY,VULNERABLE,VULNERABLE,INSUFFICIENT_DATA,INSUFFICIENT_DATA,INSUFFICIENT_DATA,WATCH,VULNERABLE,RESILIENT,HIGH_RISK,AVOID,False,2
PVP,NORMAL_ENTERPRISE,READY,RESILIENT,WATCH,INSUFFICIENT_DATA,INSUFFICIENT_DATA,INSUFFICIENT_DATA,RESILIENT,INSUFFICIENT_DATA,RESILIENT,CLEAR,WAIT_FOR_MOS,False,0
PVR,NORMAL_ENTERPRISE,READY,VULNERABLE,VULNERABLE,INSUFFICIENT_DATA,INSUFFICIENT_DATA,INSUFFICIENT_DATA,WATCH,VULNERABLE,RESILIENT,HIGH_RISK,AVOID,False,3
PVS,NORMAL_ENTERPRISE,READY,VULNERABLE,VULNERABLE,INSUFFICIENT_DATA,INSUFFICIENT_DATA,INSUFFICIENT_DATA,WATCH,VULNERABLE,RESILIENT,HIGH_RISK,AVOID,False,2
PVT,NORMAL_ENTERPRISE,READY,VULNERABLE,VULNERABLE,INSUFFICIENT_DATA,INSUFFICIENT_DATA,INSUFFICIENT_DATA,WATCH,VULNERABLE,RESILIENT,HIGH_RISK,AVOID,False,1
PVV,NORMAL_ENTERPRISE,READY,VULNERABLE,VULNERABLE,INSUFFICIENT_DATA,INSUFFICIENT_DATA,INSUFFICIENT_DATA,WATCH,VULNERABLE,RESILIENT,HIGH_RISK,AVOID,False,3
PVX,NORMAL_ENTERPRISE,READY,VULNERABLE,VULNERABLE,INSUFFICIENT_DATA,INSUFFICIENT_DATA,INSUFFICIENT_DATA,WATCH,VULNERABLE,RESILIENT,HIGH_RISK,AVOID,False,4
PVY,NORMAL_ENTERPRISE,READY,VULNERABLE,VULNERABLE,INSUFFICIENT_DATA,INSUFFICIENT_DATA,INSUFFICIENT_DATA,WATCH,VULNERABLE,RESILIENT,HIGH_RISK,AVOID,False,2
PWA,NORMAL_ENTERPRISE,READY,VULNERABLE,VULNERABLE,INSUFFICIENT_DATA,INSUFFICIENT_DATA,INSUFFICIENT_DATA,WATCH,VULNERABLE,RESILIENT,HIGH_RISK,AVOID,False,3
PWS,NORMAL_ENTERPRISE,READY,VULNERABLE,VULNERABLE,INSUFFICIENT_DATA,INSUFFICIENT_DATA,INSUFFICIENT_DATA,WATCH,VULNERABLE,RESILIENT,HIGH_RISK,AVOID,False,1
PXA,NORMAL_ENTERPRISE,READY,VULNERABLE,VULNERABLE,INSUFFICIENT_DATA,INSUFFICIENT_DATA,INSUFFICIENT_DATA,WATCH,VULNERABLE,RESILIENT,HIGH_RISK,AVOID,False,4
PXI,NORMAL_ENTERPRISE,READY,VULNERABLE,VULNERABLE,INSUFFICIENT_DATA,INSUFFICIENT_DATA,INSUFFICIENT_DATA,WATCH,VULNERABLE,RESILIENT,HIGH_RISK,AVOID,False,3
PXL,NORMAL_ENTERPRISE,READY,VULNERABLE,VULNERABLE,INSUFFICIENT_DATA,INSUFFICIENT_DATA,INSUFFICIENT_DATA,WATCH,VULNERABLE,RESILIENT,HIGH_RISK,AVOID,False,4
PXM,NORMAL_ENTERPRISE,READY,VULNERABLE,WATCH,INSUFFICIENT_DATA,INSUFFICIENT_DATA,INSUFFICIENT_DATA,WATCH,VULNERABLE,RESILIENT,HIGH_RISK,AVOID,False,1
PXS,NORMAL_ENTERPRISE,READY,VULNERABLE,VULNERABLE,INSUFFICIENT_DATA,INSUFFICIENT_DATA,INSUFFICIENT_DATA,WATCH,VULNERABLE,RESILIENT,HIGH_RISK,AVOID,False,4
PXT,NORMAL_ENTERPRISE,READY,VULNERABLE,VULNERABLE,INSUFFICIENT_DATA,INSUFFICIENT_DATA,INSUFFICIENT_DATA,WATCH,VULNERABLE,RESILIENT,HIGH_RISK,AVOID,False,4
QBS,NORMAL_ENTERPRISE,READY,VULNERABLE,VULNERABLE,INSUFFICIENT_DATA,INSUFFICIENT_DATA,INSUFFICIENT_DATA,WATCH,VULNERABLE,RESILIENT,HIGH_RISK,AVOID,False,3
QCC,NORMAL_ENTERPRISE,READY,VULNERABLE,VULNERABLE,INSUFFICIENT_DATA,INSUFFICIENT_DATA,INSUFFICIENT_DATA,WATCH,VULNERABLE,RESILIENT,HIGH_RISK,AVOID,False,2
QCG,NORMAL_ENTERPRISE,READY,VULNERABLE,VULNERABLE,INSUFFICIENT_DATA,INSUFFICIENT_DATA,INSUFFICIENT_DATA,WATCH,VULNERABLE,RESILIENT,HIGH_RISK,AVOID,False,2
QHD,NORMAL_ENTERPRISE,READY,WATCH,RESILIENT,INSUFFICIENT_DATA,INSUFFICIENT_DATA,INSUFFICIENT_DATA,RESILIENT,WATCH,RESILIENT,WATCH,WAIT_FOR_MOS,False,0
QHW,NORMAL_ENTERPRISE,READY,VULNERABLE,RESILIENT,INSUFFICIENT_DATA,INSUFFICIENT_DATA,INSUFFICIENT_DATA,WATCH,VULNERABLE,RESILIENT,HIGH_RISK,AVOID,False,1
QNC,NORMAL_ENTERPRISE,READY,VULNERABLE,WATCH,INSUFFICIENT_DATA,INSUFFICIENT_DATA,INSUFFICIENT_DATA,WATCH,VULNERABLE,RESILIENT,HIGH_RISK,AVOID,False,2
QNP,NORMAL_ENTERPRISE,READY,RESILIENT,WATCH,INSUFFICIENT_DATA,INSUFFICIENT_DATA,INSUFFICIENT_DATA,RESILIENT,INSUFFICIENT_DATA,RESILIENT,CLEAR,WAIT_FOR_MOS,False,0
QNS,NORMAL_ENTERPRISE,READY,RESILIENT,RESILIENT,INSUFFICIENT_DATA,INSUFFICIENT_DATA,INSUFFICIENT_DATA,RESILIENT,INSUFFICIENT_DATA,RESILIENT,CLEAR,WAIT_FOR_MOS,False,0
QNT,NORMAL_ENTERPRISE,READY,VULNERABLE,VULNERABLE,INSUFFICIENT_DATA,INSUFFICIENT_DATA,INSUFFICIENT_DATA,WATCH,VULNERABLE,RESILIENT,HIGH_RISK,AVOID,False,2
QNU,NORMAL_ENTERPRISE,READY,VULNERABLE,VULNERABLE,INSUFFICIENT_DATA,INSUFFICIENT_DATA,INSUFFICIENT_DATA,WATCH,VULNERABLE,RESILIENT,HIGH_RISK,AVOID,False,2
QNW,NORMAL_ENTERPRISE,READY,VULNERABLE,VULNERABLE,INSUFFICIENT_DATA,INSUFFICIENT_DATA,INSUFFICIENT_DATA,WATCH,VULNERABLE,RESILIENT,HIGH_RISK,AVOID,False,1
QPH,NORMAL_ENTERPRISE,READY,RESILIENT,RESILIENT,INSUFFICIENT_DATA,INSUFFICIENT_DATA,INSUFFICIENT_DATA,RESILIENT,INSUFFICIENT_DATA,RESILIENT,CLEAR,WAIT_FOR_MOS,False,0
QSP,NORMAL_ENTERPRISE,READY,RESILIENT,RESILIENT,INSUFFICIENT_DATA,INSUFFICIENT_DATA,INSUFFICIENT_DATA,RESILIENT,INSUFFICIENT_DATA,RESILIENT,CLEAR,WAIT_FOR_MOS,False,0
QST,NORMAL_ENTERPRISE,READY,WATCH,RESILIENT,INSUFFICIENT_DATA,INSUFFICIENT_DATA,INSUFFICIENT_DATA,RESILIENT,WATCH,RESILIENT,WATCH,WAIT_FOR_MOS,False,0
QTC,NORMAL_ENTERPRISE,READY,VULNERABLE,VULNERABLE,INSUFFICIENT_DATA,INSUFFICIENT_DATA,INSUFFICIENT_DATA,WATCH,VULNERABLE,RESILIENT,HIGH_RISK,AVOID,False,2
QTP,NORMAL_ENTERPRISE,READY,VULNERABLE,WATCH,INSUFFICIENT_DATA,INSUFFICIENT_DATA,INSUFFICIENT_DATA,WATCH,VULNERABLE,RESILIENT,HIGH_RISK,AVOID,False,1
RAL,NORMAL_ENTERPRISE,READY,VULNERABLE,RESILIENT,INSUFFICIENT_DATA,INSUFFICIENT_DATA,INSUFFICIENT_DATA,WATCH,VULNERABLE,RESILIENT,HIGH_RISK,AVOID,False,1
RAT,NORMAL_ENTERPRISE,READY,VULNERABLE,VULNERABLE,INSUFFICIENT_DATA,INSUFFICIENT_DATA,INSUFFICIENT_DATA,WATCH,VULNERABLE,RESILIENT,HIGH_RISK,AVOID,False,3
RBC,NORMAL_ENTERPRISE,READY,VULNERABLE,VULNERABLE,INSUFFICIENT_DATA,INSUFFICIENT_DATA,INSUFFICIENT_DATA,WATCH,VULNERABLE,RESILIENT,HIGH_RISK,AVOID,False,3
RCC,NORMAL_ENTERPRISE,READY,VULNERABLE,VULNERABLE,INSUFFICIENT_DATA,INSUFFICIENT_DATA,INSUFFICIENT_DATA,WATCH,VULNERABLE,RESILIENT,HIGH_RISK,AVOID,False,4
RCD,NORMAL_ENTERPRISE,READY,VULNERABLE,VULNERABLE,INSUFFICIENT_DATA,INSUFFICIENT_DATA,INSUFFICIENT_DATA,WATCH,VULNERABLE,RESILIENT,HIGH_RISK,AVOID,False,3
RCL,NORMAL_ENTERPRISE,READY,VULNERABLE,VULNERABLE,INSUFFICIENT_DATA,INSUFFICIENT_DATA,INSUFFICIENT_DATA,WATCH,VULNERABLE,RESILIENT,HIGH_RISK,AVOID,False,2
REE,NORMAL_ENTERPRISE,READY,WATCH,WATCH,INSUFFICIENT_DATA,INSUFFICIENT_DATA,INSUFFICIENT_DATA,RESILIENT,WATCH,RESILIENT,WATCH,WAIT_FOR_MOS,False,0
RGG,NORMAL_ENTERPRISE,INSUFFICIENT,VULNERABLE,VULNERABLE,INSUFFICIENT_DATA,INSUFFICIENT_DATA,INSUFFICIENT_DATA,WATCH,VULNERABLE,RESILIENT,HIGH_RISK,AVOID,False,2
RIC,NORMAL_ENTERPRISE,READY,VULNERABLE,VULNERABLE,INSUFFICIENT_DATA,INSUFFICIENT_DATA,INSUFFICIENT_DATA,WATCH,VULNERABLE,RESILIENT,HIGH_RISK,AVOID,False,3
RTB,NORMAL_ENTERPRISE,READY,VULNERABLE,WATCH,INSUFFICIENT_DATA,INSUFFICIENT_DATA,INSUFFICIENT_DATA,WATCH,VULNERABLE,RESILIENT,HIGH_RISK,AVOID,False,1
RYG,NORMAL_ENTERPRISE,READY,VULNERABLE,WATCH,INSUFFICIENT_DATA,INSUFFICIENT_DATA,INSUFFICIENT_DATA,WATCH,VULNERABLE,RESILIENT,HIGH_RISK,AVOID,False,3
S12,NORMAL_ENTERPRISE,INSUFFICIENT,VULNERABLE,VULNERABLE,INSUFFICIENT_DATA,INSUFFICIENT_DATA,INSUFFICIENT_DATA,WATCH,VULNERABLE,RESILIENT,HIGH_RISK,AVOID,False,2
S4A,NORMAL_ENTERPRISE,READY,VULNERABLE,VULNERABLE,INSUFFICIENT_DATA,INSUFFICIENT_DATA,INSUFFICIENT_DATA,WATCH,VULNERABLE,RESILIENT,HIGH_RISK,AVOID,False,1
S55,NORMAL_ENTERPRISE,READY,VULNERABLE,VULNERABLE,INSUFFICIENT_DATA,INSUFFICIENT_DATA,INSUFFICIENT_DATA,WATCH,VULNERABLE,RESILIENT,HIGH_RISK,AVOID,False,1
S72,NORMAL_ENTERPRISE,READY,VULNERABLE,VULNERABLE,INSUFFICIENT_DATA,INSUFFICIENT_DATA,INSUFFICIENT_DATA,WATCH,VULNERABLE,RESILIENT,HIGH_RISK,AVOID,False,2
S74,NORMAL_ENTERPRISE,READY,VULNERABLE,VULNERABLE,INSUFFICIENT_DATA,INSUFFICIENT_DATA,INSUFFICIENT_DATA,WATCH,VULNERABLE,RESILIENT,HIGH_RISK,AVOID,False,2
S99,NORMAL_ENTERPRISE,READY,VULNERABLE,VULNERABLE,INSUFFICIENT_DATA,INSUFFICIENT_DATA,INSUFFICIENT_DATA,WATCH,VULNERABLE,RESILIENT,HIGH_RISK,AVOID,False,1
SAB,NORMAL_ENTERPRISE,READY,WATCH,RESILIENT,INSUFFICIENT_DATA,INSUFFICIENT_DATA,INSUFFICIENT_DATA,RESILIENT,WATCH,RESILIENT,WATCH,WAIT_FOR_MOS,False,0
SAC,NORMAL_ENTERPRISE,READY,RESILIENT,WATCH,INSUFFICIENT_DATA,INSUFFICIENT_DATA,INSUFFICIENT_DATA,RESILIENT,INSUFFICIENT_DATA,RESILIENT,CLEAR,WAIT_FOR_MOS,False,0
SAF,NORMAL_ENTERPRISE,READY,RESILIENT,RESILIENT,INSUFFICIENT_DATA,INSUFFICIENT_DATA,INSUFFICIENT_DATA,RESILIENT,INSUFFICIENT_DATA,RESILIENT,CLEAR,WAIT_FOR_MOS,False,0
SAL,NORMAL_ENTERPRISE,READY,VULNERABLE,VULNERABLE,INSUFFICIENT_DATA,INSUFFICIENT_DATA,INSUFFICIENT_DATA,WATCH,VULNERABLE,RESILIENT,HIGH_RISK,AVOID,False,2
SAM,NORMAL_ENTERPRISE,READY,VULNERABLE,VULNERABLE,INSUFFICIENT_DATA,INSUFFICIENT_DATA,INSUFFICIENT_DATA,WATCH,VULNERABLE,RESILIENT,HIGH_RISK,AVOID,False,2
SAS,NORMAL_ENTERPRISE,READY,WATCH,RESILIENT,INSUFFICIENT_DATA,INSUFFICIENT_DATA,INSUFFICIENT_DATA,RESILIENT,WATCH,RESILIENT,WATCH,WAIT_FOR_MOS,False,0
SAV,NORMAL_ENTERPRISE,READY,VULNERABLE,VULNERABLE,INSUFFICIENT_DATA,INSUFFICIENT_DATA,INSUFFICIENT_DATA,WATCH,VULNERABLE,RESILIENT,HIGH_RISK,AVOID,False,1
SB1,NORMAL_ENTERPRISE,INSUFFICIENT,VULNERABLE,VULNERABLE,INSUFFICIENT_DATA,INSUFFICIENT_DATA,INSUFFICIENT_DATA,WATCH,VULNERABLE,RESILIENT,HIGH_RISK,AVOID,False,1
SBA,NORMAL_ENTERPRISE,READY,RESILIENT,WATCH,INSUFFICIENT_DATA,INSUFFICIENT_DATA,INSUFFICIENT_DATA,RESILIENT,INSUFFICIENT_DATA,RESILIENT,CLEAR,WAIT_FOR_MOS,False,0
SBB,NORMAL_ENTERPRISE,READY,VULNERABLE,VULNERABLE,INSUFFICIENT_DATA,INSUFFICIENT_DATA,INSUFFICIENT_DATA,WATCH,VULNERABLE,RESILIENT,HIGH_RISK,AVOID,False,2
SBD,NORMAL_ENTERPRISE,READY,VULNERABLE,VULNERABLE,INSUFFICIENT_DATA,INSUFFICIENT_DATA,INSUFFICIENT_DATA,WATCH,VULNERABLE,RESILIENT,HIGH_RISK,AVOID,False,3
SBG,NORMAL_ENTERPRISE,READY,VULNERABLE,VULNERABLE,INSUFFICIENT_DATA,INSUFFICIENT_DATA,INSUFFICIENT_DATA,WATCH,VULNERABLE,RESILIENT,HIGH_RISK,AVOID,False,2
SBH,NORMAL_ENTERPRISE,READY,RESILIENT,RESILIENT,INSUFFICIENT_DATA,INSUFFICIENT_DATA,INSUFFICIENT_DATA,RESILIENT,INSUFFICIENT_DATA,RESILIENT,CLEAR,WAIT_FOR_MOS,False,0
SBL,NORMAL_ENTERPRISE,READY,VULNERABLE,VULNERABLE,INSUFFICIENT_DATA,INSUFFICIENT_DATA,INSUFFICIENT_DATA,WATCH,VULNERABLE,RESILIENT,HIGH_RISK,AVOID,False,1
SBM,NORMAL_ENTERPRISE,READY,RESILIENT,RESILIENT,INSUFFICIENT_DATA,INSUFFICIENT_DATA,INSUFFICIENT_DATA,RESILIENT,INSUFFICIENT_DATA,RESILIENT,CLEAR,WAIT_FOR_MOS,False,0
SBR,NORMAL_ENTERPRISE,READY,VULNERABLE,VULNERABLE,INSUFFICIENT_DATA,INSUFFICIENT_DATA,INSUFFICIENT_DATA,WATCH,VULNERABLE,RESILIENT,HIGH_RISK,AVOID,False,1
SBS,NORMAL_ENTERPRISE,READY,VULNERABLE,VULNERABLE,INSUFFICIENT_DATA,INSUFFICIENT_DATA,INSUFFICIENT_DATA,WATCH,VULNERABLE,RESILIENT,HIGH_RISK,AVOID,False,3
SBT,NORMAL_ENTERPRISE,READY,VULNERABLE,VULNERABLE,INSUFFICIENT_DATA,INSUFFICIENT_DATA,INSUFFICIENT_DATA,WATCH,VULNERABLE,RESILIENT,HIGH_RISK,AVOID,False,3
SBV,NORMAL_ENTERPRISE,READY,VULNERABLE,WATCH,INSUFFICIENT_DATA,INSUFFICIENT_DATA,INSUFFICIENT_DATA,WATCH,VULNERABLE,RESILIENT,HIGH_RISK,AVOID,False,2
SC5,NORMAL_ENTERPRISE,READY,VULNERABLE,VULNERABLE,INSUFFICIENT_DATA,INSUFFICIENT_DATA,INSUFFICIENT_DATA,WATCH,VULNERABLE,RESILIENT,HIGH_RISK,AVOID,False,2
SCC,NORMAL_ENTERPRISE,READY,VULNERABLE,VULNERABLE,INSUFFICIENT_DATA,INSUFFICIENT_DATA,INSUFFICIENT_DATA,WATCH,VULNERABLE,RESILIENT,HIGH_RISK,AVOID,False,2
SCD,NORMAL_ENTERPRISE,READY,VULNERABLE,VULNERABLE,INSUFFICIENT_DATA,INSUFFICIENT_DATA,INSUFFICIENT_DATA,WATCH,VULNERABLE,RESILIENT,HIGH_RISK,AVOID,False,3
SCG,NORMAL_ENTERPRISE,READY,VULNERABLE,WATCH,INSUFFICIENT_DATA,INSUFFICIENT_DATA,INSUFFICIENT_DATA,WATCH,VULNERABLE,RESILIENT,HIGH_RISK,AVOID,False,1
SCI,NORMAL_ENTERPRISE,READY,VULNERABLE,WATCH,INSUFFICIENT_DATA,INSUFFICIENT_DATA,INSUFFICIENT_DATA,WATCH,VULNERABLE,RESILIENT,HIGH_RISK,AVOID,False,2
SCJ,NORMAL_ENTERPRISE,READY,VULNERABLE,VULNERABLE,INSUFFICIENT_DATA,INSUFFICIENT_DATA,INSUFFICIENT_DATA,WATCH,VULNERABLE,RESILIENT,HIGH_RISK,AVOID,False,3
SCL,NORMAL_ENTERPRISE,READY,VULNERABLE,VULNERABLE,INSUFFICIENT_DATA,INSUFFICIENT_DATA,INSUFFICIENT_DATA,WATCH,VULNERABLE,RESILIENT,HIGH_RISK,AVOID,False,2
SCO,NORMAL_ENTERPRISE,READY,VULNERABLE,WATCH,INSUFFICIENT_DATA,INSUFFICIENT_DATA,INSUFFICIENT_DATA,WATCH,VULNERABLE,RESILIENT,HIGH_RISK,AVOID,False,1
SCR,NORMAL_ENTERPRISE,READY,VULNERABLE,VULNERABLE,INSUFFICIENT_DATA,INSUFFICIENT_DATA,INSUFFICIENT_DATA,WATCH,VULNERABLE,RESILIENT,HIGH_RISK,AVOID,False,2
SCS,NORMAL_ENTERPRISE,READY,RESILIENT,RESILIENT,INSUFFICIENT_DATA,INSUFFICIENT_DATA,INSUFFICIENT_DATA,RESILIENT,INSUFFICIENT_DATA,RESILIENT,CLEAR,WAIT_FOR_MOS,False,0
SD2,NORMAL_ENTERPRISE,READY,VULNERABLE,VULNERABLE,INSUFFICIENT_DATA,INSUFFICIENT_DATA,INSUFFICIENT_DATA,WATCH,VULNERABLE,RESILIENT,HIGH_RISK,AVOID,False,4
SD4,NORMAL_ENTERPRISE,READY,VULNERABLE,VULNERABLE,INSUFFICIENT_DATA,INSUFFICIENT_DATA,INSUFFICIENT_DATA,WATCH,VULNERABLE,RESILIENT,HIGH_RISK,AVOID,False,3
SD5,NORMAL_ENTERPRISE,READY,VULNERABLE,VULNERABLE,INSUFFICIENT_DATA,INSUFFICIENT_DATA,INSUFFICIENT_DATA,WATCH,VULNERABLE,RESILIENT,HIGH_RISK,AVOID,False,3
SD6,NORMAL_ENTERPRISE,READY,VULNERABLE,VULNERABLE,INSUFFICIENT_DATA,INSUFFICIENT_DATA,INSUFFICIENT_DATA,WATCH,VULNERABLE,RESILIENT,HIGH_RISK,AVOID,False,4
SD7,NORMAL_ENTERPRISE,PARTIAL,VULNERABLE,VULNERABLE,INSUFFICIENT_DATA,INSUFFICIENT_DATA,INSUFFICIENT_DATA,WATCH,VULNERABLE,RESILIENT,HIGH_RISK,AVOID,False,2
SD9,NORMAL_ENTERPRISE,READY,VULNERABLE,VULNERABLE,INSUFFICIENT_DATA,INSUFFICIENT_DATA,INSUFFICIENT_DATA,WATCH,VULNERABLE,RESILIENT,HIGH_RISK,AVOID,False,1
SDA,NORMAL_ENTERPRISE,READY,VULNERABLE,VULNERABLE,INSUFFICIENT_DATA,INSUFFICIENT_DATA,INSUFFICIENT_DATA,WATCH,VULNERABLE,RESILIENT,HIGH_RISK,AVOID,False,3
SDC,NORMAL_ENTERPRISE,READY,VULNERABLE,VULNERABLE,INSUFFICIENT_DATA,INSUFFICIENT_DATA,INSUFFICIENT_DATA,WATCH,VULNERABLE,RESILIENT,HIGH_RISK,AVOID,False,2
SDD,NORMAL_ENTERPRISE,READY,VULNERABLE,VULNERABLE,INSUFFICIENT_DATA,INSUFFICIENT_DATA,INSUFFICIENT_DATA,WATCH,VULNERABLE,RESILIENT,HIGH_RISK,AVOID,False,2
SDG,NORMAL_ENTERPRISE,READY,VULNERABLE,RESILIENT,INSUFFICIENT_DATA,INSUFFICIENT_DATA,INSUFFICIENT_DATA,WATCH,VULNERABLE,RESILIENT,HIGH_RISK,AVOID,False,2
SDK,NORMAL_ENTERPRISE,READY,RESILIENT,RESILIENT,INSUFFICIENT_DATA,INSUFFICIENT_DATA,INSUFFICIENT_DATA,RESILIENT,INSUFFICIENT_DATA,RESILIENT,CLEAR,WAIT_FOR_MOS,False,0
SDN,NORMAL_ENTERPRISE,READY,WATCH,RESILIENT,INSUFFICIENT_DATA,INSUFFICIENT_DATA,INSUFFICIENT_DATA,RESILIENT,WATCH,RESILIENT,WATCH,WAIT_FOR_MOS,False,0
SDP,NORMAL_ENTERPRISE,READY,VULNERABLE,VULNERABLE,INSUFFICIENT_DATA,INSUFFICIENT_DATA,INSUFFICIENT_DATA,WATCH,VULNERABLE,RESILIENT,HIGH_RISK,AVOID,False,2
SDT,NORMAL_ENTERPRISE,READY,VULNERABLE,VULNERABLE,INSUFFICIENT_DATA,INSUFFICIENT_DATA,INSUFFICIENT_DATA,WATCH,VULNERABLE,RESILIENT,HIGH_RISK,AVOID,False,2
SDU,NORMAL_ENTERPRISE,READY,VULNERABLE,VULNERABLE,INSUFFICIENT_DATA,INSUFFICIENT_DATA,INSUFFICIENT_DATA,WATCH,VULNERABLE,RESILIENT,HIGH_RISK,AVOID,False,3
SDV,NORMAL_ENTERPRISE,READY,VULNERABLE,RESILIENT,INSUFFICIENT_DATA,INSUFFICIENT_DATA,INSUFFICIENT_DATA,WATCH,VULNERABLE,RESILIENT,HIGH_RISK,AVOID,False,1
SDY,NORMAL_ENTERPRISE,READY,VULNERABLE,VULNERABLE,INSUFFICIENT_DATA,INSUFFICIENT_DATA,INSUFFICIENT_DATA,WATCH,VULNERABLE,RESILIENT,HIGH_RISK,AVOID,False,3
SEA,NORMAL_ENTERPRISE,READY,VULNERABLE,VULNERABLE,INSUFFICIENT_DATA,INSUFFICIENT_DATA,INSUFFICIENT_DATA,WATCH,VULNERABLE,RESILIENT,HIGH_RISK,AVOID,False,2
SEB,NORMAL_ENTERPRISE,READY,WATCH,RESILIENT,INSUFFICIENT_DATA,INSUFFICIENT_DATA,INSUFFICIENT_DATA,RESILIENT,WATCH,RESILIENT,WATCH,WAIT_FOR_MOS,False,0
SED,NORMAL_ENTERPRISE,READY,WATCH,RESILIENT,INSUFFICIENT_DATA,INSUFFICIENT_DATA,INSUFFICIENT_DATA,RESILIENT,WATCH,RESILIENT,WATCH,WAIT_FOR_MOS,False,0
SEP,NORMAL_ENTERPRISE,READY,VULNERABLE,RESILIENT,INSUFFICIENT_DATA,INSUFFICIENT_DATA,INSUFFICIENT_DATA,WATCH,VULNERABLE,RESILIENT,HIGH_RISK,AVOID,False,2
SFC,NORMAL_ENTERPRISE,READY,WATCH,WATCH,INSUFFICIENT_DATA,INSUFFICIENT_DATA,INSUFFICIENT_DATA,RESILIENT,WATCH,RESILIENT,WATCH,WAIT_FOR_MOS,False,0
SFG,NORMAL_ENTERPRISE,READY,VULNERABLE,VULNERABLE,INSUFFICIENT_DATA,INSUFFICIENT_DATA,INSUFFICIENT_DATA,WATCH,VULNERABLE,RESILIENT,HIGH_RISK,AVOID,False,3
SFI,NORMAL_ENTERPRISE,READY,WATCH,WATCH,INSUFFICIENT_DATA,INSUFFICIENT_DATA,INSUFFICIENT_DATA,RESILIENT,WATCH,RESILIENT,WATCH,WAIT_FOR_MOS,False,0
SFN,NORMAL_ENTERPRISE,READY,RESILIENT,WATCH,INSUFFICIENT_DATA,INSUFFICIENT_DATA,INSUFFICIENT_DATA,RESILIENT,INSUFFICIENT_DATA,RESILIENT,CLEAR,WAIT_FOR_MOS,False,0
SGB,BANK,READY,VULNERABLE,VULNERABLE,INSUFFICIENT_DATA,INSUFFICIENT_DATA,INSUFFICIENT_DATA,WATCH,VULNERABLE,RESILIENT,HIGH_RISK,AVOID,False,1
SGC,NORMAL_ENTERPRISE,READY,RESILIENT,RESILIENT,INSUFFICIENT_DATA,INSUFFICIENT_DATA,INSUFFICIENT_DATA,RESILIENT,INSUFFICIENT_DATA,RESILIENT,CLEAR,WAIT_FOR_MOS,False,0
SGD,NORMAL_ENTERPRISE,READY,VULNERABLE,VULNERABLE,INSUFFICIENT_DATA,INSUFFICIENT_DATA,INSUFFICIENT_DATA,WATCH,VULNERABLE,RESILIENT,HIGH_RISK,AVOID,False,3
SGH,NORMAL_ENTERPRISE,READY,VULNERABLE,VULNERABLE,INSUFFICIENT_DATA,INSUFFICIENT_DATA,INSUFFICIENT_DATA,WATCH,VULNERABLE,RESILIENT,HIGH_RISK,AVOID,False,1
SGI,NORMAL_ENTERPRISE,READY,VULNERABLE,VULNERABLE,INSUFFICIENT_DATA,INSUFFICIENT_DATA,INSUFFICIENT_DATA,WATCH,VULNERABLE,RESILIENT,HIGH_RISK,AVOID,False,2
SGN,NORMAL_ENTERPRISE,READY,WATCH,RESILIENT,INSUFFICIENT_DATA,INSUFFICIENT_DATA,INSUFFICIENT_DATA,RESILIENT,WATCH,RESILIENT,WATCH,WAIT_FOR_MOS,False,0
SGP,NORMAL_ENTERPRISE,READY,VULNERABLE,VULNERABLE,INSUFFICIENT_DATA,INSUFFICIENT_DATA,INSUFFICIENT_DATA,WATCH,VULNERABLE,RESILIENT,HIGH_RISK,AVOID,False,1
SGR,NORMAL_ENTERPRISE,READY,VULNERABLE,WATCH,INSUFFICIENT_DATA,INSUFFICIENT_DATA,INSUFFICIENT_DATA,WATCH,VULNERABLE,RESILIENT,HIGH_RISK,AVOID,False,1
SGS,NORMAL_ENTERPRISE,READY,RESILIENT,RESILIENT,INSUFFICIENT_DATA,INSUFFICIENT_DATA,INSUFFICIENT_DATA,RESILIENT,INSUFFICIENT_DATA,RESILIENT,CLEAR,WAIT_FOR_MOS,False,0
SGT,NORMAL_ENTERPRISE,READY,VULNERABLE,VULNERABLE,INSUFFICIENT_DATA,INSUFFICIENT_DATA,INSUFFICIENT_DATA,WATCH,VULNERABLE,RESILIENT,HIGH_RISK,AVOID,False,3
SHA,NORMAL_ENTERPRISE,READY,VULNERABLE,VULNERABLE,INSUFFICIENT_DATA,INSUFFICIENT_DATA,INSUFFICIENT_DATA,WATCH,VULNERABLE,RESILIENT,HIGH_RISK,AVOID,False,2
SHB,NORMAL_ENTERPRISE,READY,VULNERABLE,WATCH,INSUFFICIENT_DATA,INSUFFICIENT_DATA,INSUFFICIENT_DATA,WATCH,VULNERABLE,RESILIENT,HIGH_RISK,AVOID,False,2
SHC,NORMAL_ENTERPRISE,READY,VULNERABLE,VULNERABLE,INSUFFICIENT_DATA,INSUFFICIENT_DATA,INSUFFICIENT_DATA,WATCH,VULNERABLE,RESILIENT,HIGH_RISK,AVOID,False,1
SHE,NORMAL_ENTERPRISE,READY,VULNERABLE,RESILIENT,INSUFFICIENT_DATA,INSUFFICIENT_DATA,INSUFFICIENT_DATA,WATCH,VULNERABLE,RESILIENT,HIGH_RISK,AVOID,False,1
SHI,NORMAL_ENTERPRISE,READY,VULNERABLE,VULNERABLE,INSUFFICIENT_DATA,INSUFFICIENT_DATA,INSUFFICIENT_DATA,WATCH,VULNERABLE,RESILIENT,HIGH_RISK,AVOID,False,3
SHN,NORMAL_ENTERPRISE,READY,VULNERABLE,VULNERABLE,INSUFFICIENT_DATA,INSUFFICIENT_DATA,INSUFFICIENT_DATA,WATCH,VULNERABLE,RESILIENT,HIGH_RISK,AVOID,False,4
SHP,NORMAL_ENTERPRISE,READY,RESILIENT,RESILIENT,INSUFFICIENT_DATA,INSUFFICIENT_DATA,INSUFFICIENT_DATA,RESILIENT,INSUFFICIENT_DATA,RESILIENT,CLEAR,WAIT_FOR_MOS,False,0
SHS,SECURITIES,READY,RESILIENT,VULNERABLE,INSUFFICIENT_DATA,INSUFFICIENT_DATA,INSUFFICIENT_DATA,RESILIENT,WATCH,RESILIENT,WATCH,WAIT_FOR_MOS,False,0
SID,NORMAL_ENTERPRISE,READY,VULNERABLE,VULNERABLE,INSUFFICIENT_DATA,INSUFFICIENT_DATA,INSUFFICIENT_DATA,WATCH,VULNERABLE,RESILIENT,HIGH_RISK,AVOID,False,2
SIG,NORMAL_ENTERPRISE,READY,VULNERABLE,VULNERABLE,INSUFFICIENT_DATA,INSUFFICIENT_DATA,INSUFFICIENT_DATA,WATCH,VULNERABLE,RESILIENT,HIGH_RISK,AVOID,False,3
SII,NORMAL_ENTERPRISE,READY,VULNERABLE,VULNERABLE,INSUFFICIENT_DATA,INSUFFICIENT_DATA,INSUFFICIENT_DATA,WATCH,VULNERABLE,RESILIENT,HIGH_RISK,AVOID,False,3
SIP,NORMAL_ENTERPRISE,READY,WATCH,RESILIENT,INSUFFICIENT_DATA,INSUFFICIENT_DATA,INSUFFICIENT_DATA,RESILIENT,WATCH,RESILIENT,WATCH,WAIT_FOR_MOS,False,0
SIV,NORMAL_ENTERPRISE,READY,RESILIENT,WATCH,INSUFFICIENT_DATA,INSUFFICIENT_DATA,INSUFFICIENT_DATA,RESILIENT,INSUFFICIENT_DATA,RESILIENT,CLEAR,WAIT_FOR_MOS,False,0
SJ1,NORMAL_ENTERPRISE,READY,VULNERABLE,VULNERABLE,INSUFFICIENT_DATA,INSUFFICIENT_DATA,INSUFFICIENT_DATA,WATCH,VULNERABLE,RESILIENT,HIGH_RISK,AVOID,False,3
SJD,NORMAL_ENTERPRISE,READY,RESILIENT,RESILIENT,INSUFFICIENT_DATA,INSUFFICIENT_DATA,INSUFFICIENT_DATA,RESILIENT,INSUFFICIENT_DATA,RESILIENT,CLEAR,WAIT_FOR_MOS,False,0
SJE,NORMAL_ENTERPRISE,READY,VULNERABLE,VULNERABLE,INSUFFICIENT_DATA,INSUFFICIENT_DATA,INSUFFICIENT_DATA,WATCH,VULNERABLE,RESILIENT,HIGH_RISK,AVOID,False,2
SJF,NORMAL_ENTERPRISE,READY,VULNERABLE,VULNERABLE,INSUFFICIENT_DATA,INSUFFICIENT_DATA,INSUFFICIENT_DATA,WATCH,VULNERABLE,RESILIENT,HIGH_RISK,AVOID,False,3
SJM,NORMAL_ENTERPRISE,READY,VULNERABLE,WATCH,INSUFFICIENT_DATA,INSUFFICIENT_DATA,INSUFFICIENT_DATA,WATCH,VULNERABLE,RESILIENT,HIGH_RISK,AVOID,False,2
SJS,NORMAL_ENTERPRISE,READY,VULNERABLE,VULNERABLE,INSUFFICIENT_DATA,INSUFFICIENT_DATA,INSUFFICIENT_DATA,WATCH,VULNERABLE,RESILIENT,HIGH_RISK,AVOID,False,4
SKG,NORMAL_ENTERPRISE,READY,RESILIENT,RESILIENT,INSUFFICIENT_DATA,INSUFFICIENT_DATA,INSUFFICIENT_DATA,RESILIENT,INSUFFICIENT_DATA,RESILIENT,CLEAR,WAIT_FOR_MOS,False,0
SKH,NORMAL_ENTERPRISE,READY,WATCH,RESILIENT,INSUFFICIENT_DATA,INSUFFICIENT_DATA,INSUFFICIENT_DATA,RESILIENT,WATCH,RESILIENT,WATCH,WAIT_FOR_MOS,False,0
SKN,NORMAL_ENTERPRISE,READY,VULNERABLE,VULNERABLE,INSUFFICIENT_DATA,INSUFFICIENT_DATA,INSUFFICIENT_DATA,WATCH,VULNERABLE,RESILIENT,HIGH_RISK,AVOID,False,1
SKV,NORMAL_ENTERPRISE,READY,RESILIENT,RESILIENT,INSUFFICIENT_DATA,INSUFFICIENT_DATA,INSUFFICIENT_DATA,RESILIENT,INSUFFICIENT_DATA,RESILIENT,CLEAR,WAIT_FOR_MOS,False,0
SLS,NORMAL_ENTERPRISE,READY,RESILIENT,RESILIENT,INSUFFICIENT_DATA,INSUFFICIENT_DATA,INSUFFICIENT_DATA,RESILIENT,INSUFFICIENT_DATA,RESILIENT,CLEAR,WAIT_FOR_MOS,False,0
SMA,NORMAL_ENTERPRISE,READY,VULNERABLE,VULNERABLE,INSUFFICIENT_DATA,INSUFFICIENT_DATA,INSUFFICIENT_DATA,WATCH,VULNERABLE,RESILIENT,HIGH_RISK,AVOID,False,1
SMB,NORMAL_ENTERPRISE,READY,RESILIENT,RESILIENT,INSUFFICIENT_DATA,INSUFFICIENT_DATA,INSUFFICIENT_DATA,RESILIENT,INSUFFICIENT_DATA,RESILIENT,CLEAR,WAIT_FOR_MOS,False,0
SMC,NORMAL_ENTERPRISE,READY,VULNERABLE,WATCH,INSUFFICIENT_DATA,INSUFFICIENT_DATA,INSUFFICIENT_DATA,WATCH,VULNERABLE,RESILIENT,HIGH_RISK,AVOID,False,3
SMN,NORMAL_ENTERPRISE,READY,VULNERABLE,WATCH,INSUFFICIENT_DATA,INSUFFICIENT_DATA,INSUFFICIENT_DATA,WATCH,VULNERABLE,RESILIENT,HIGH_RISK,AVOID,False,1
SMT,NORMAL_ENTERPRISE,READY,VULNERABLE,VULNERABLE,INSUFFICIENT_DATA,INSUFFICIENT_DATA,INSUFFICIENT_DATA,WATCH,VULNERABLE,RESILIENT,HIGH_RISK,AVOID,False,4
SNC,NORMAL_ENTERPRISE,READY,VULNERABLE,WATCH,INSUFFICIENT_DATA,INSUFFICIENT_DATA,INSUFFICIENT_DATA,WATCH,VULNERABLE,RESILIENT,HIGH_RISK,AVOID,False,1
SNZ,NORMAL_ENTERPRISE,READY,RESILIENT,WATCH,INSUFFICIENT_DATA,INSUFFICIENT_DATA,INSUFFICIENT_DATA,RESILIENT,INSUFFICIENT_DATA,RESILIENT,CLEAR,WAIT_FOR_MOS,False,0
SP2,NORMAL_ENTERPRISE,READY,VULNERABLE,VULNERABLE,INSUFFICIENT_DATA,INSUFFICIENT_DATA,INSUFFICIENT_DATA,WATCH,VULNERABLE,RESILIENT,HIGH_RISK,AVOID,False,3
SPB,NORMAL_ENTERPRISE,READY,VULNERABLE,VULNERABLE,INSUFFICIENT_DATA,INSUFFICIENT_DATA,INSUFFICIENT_DATA,WATCH,VULNERABLE,RESILIENT,HIGH_RISK,AVOID,False,3
SPC,NORMAL_ENTERPRISE,READY,VULNERABLE,RESILIENT,INSUFFICIENT_DATA,INSUFFICIENT_DATA,INSUFFICIENT_DATA,WATCH,VULNERABLE,RESILIENT,HIGH_RISK,AVOID,False,3
SPD,NORMAL_ENTERPRISE,READY,VULNERABLE,VULNERABLE,INSUFFICIENT_DATA,INSUFFICIENT_DATA,INSUFFICIENT_DATA,WATCH,VULNERABLE,RESILIENT,HIGH_RISK,AVOID,False,3
SPH,NORMAL_ENTERPRISE,READY,VULNERABLE,VULNERABLE,INSUFFICIENT_DATA,INSUFFICIENT_DATA,INSUFFICIENT_DATA,WATCH,VULNERABLE,RESILIENT,HIGH_RISK,AVOID,False,3
SPI,NORMAL_ENTERPRISE,READY,VULNERABLE,VULNERABLE,INSUFFICIENT_DATA,INSUFFICIENT_DATA,INSUFFICIENT_DATA,WATCH,VULNERABLE,RESILIENT,HIGH_RISK,AVOID,False,3
SPM,NORMAL_ENTERPRISE,READY,VULNERABLE,VULNERABLE,INSUFFICIENT_DATA,INSUFFICIENT_DATA,INSUFFICIENT_DATA,WATCH,VULNERABLE,RESILIENT,HIGH_RISK,AVOID,False,2
SPV,NORMAL_ENTERPRISE,READY,VULNERABLE,WATCH,INSUFFICIENT_DATA,INSUFFICIENT_DATA,INSUFFICIENT_DATA,WATCH,VULNERABLE,RESILIENT,HIGH_RISK,AVOID,False,1
SRA,NORMAL_ENTERPRISE,READY,VULNERABLE,WATCH,INSUFFICIENT_DATA,INSUFFICIENT_DATA,INSUFFICIENT_DATA,WATCH,VULNERABLE,RESILIENT,HIGH_RISK,AVOID,False,1
SRC,NORMAL_ENTERPRISE,READY,VULNERABLE,VULNERABLE,INSUFFICIENT_DATA,INSUFFICIENT_DATA,INSUFFICIENT_DATA,WATCH,VULNERABLE,RESILIENT,HIGH_RISK,AVOID,False,2
SRF,NORMAL_ENTERPRISE,READY,VULNERABLE,VULNERABLE,INSUFFICIENT_DATA,INSUFFICIENT_DATA,INSUFFICIENT_DATA,WATCH,VULNERABLE,RESILIENT,HIGH_RISK,AVOID,False,3
SSB,BANK,READY,VULNERABLE,VULNERABLE,INSUFFICIENT_DATA,INSUFFICIENT_DATA,INSUFFICIENT_DATA,WATCH,VULNERABLE,RESILIENT,HIGH_RISK,AVOID,False,1
SSC,NORMAL_ENTERPRISE,READY,RESILIENT,WATCH,INSUFFICIENT_DATA,INSUFFICIENT_DATA,INSUFFICIENT_DATA,RESILIENT,INSUFFICIENT_DATA,RESILIENT,CLEAR,WAIT_FOR_MOS,False,0
SSG,NORMAL_ENTERPRISE,READY,VULNERABLE,RESILIENT,INSUFFICIENT_DATA,INSUFFICIENT_DATA,INSUFFICIENT_DATA,WATCH,VULNERABLE,RESILIENT,HIGH_RISK,AVOID,False,2
SSH,NORMAL_ENTERPRISE,READY,VULNERABLE,WATCH,INSUFFICIENT_DATA,INSUFFICIENT_DATA,INSUFFICIENT_DATA,WATCH,VULNERABLE,RESILIENT,HIGH_RISK,AVOID,False,1
SSI,SECURITIES,READY,RESILIENT,WATCH,INSUFFICIENT_DATA,INSUFFICIENT_DATA,INSUFFICIENT_DATA,RESILIENT,INSUFFICIENT_DATA,RESILIENT,CLEAR,WAIT_FOR_MOS,False,0
SSM,NORMAL_ENTERPRISE,READY,VULNERABLE,VULNERABLE,INSUFFICIENT_DATA,INSUFFICIENT_DATA,INSUFFICIENT_DATA,WATCH,VULNERABLE,RESILIENT,HIGH_RISK,AVOID,False,3
ST8,NORMAL_ENTERPRISE,READY,VULNERABLE,VULNERABLE,INSUFFICIENT_DATA,INSUFFICIENT_DATA,INSUFFICIENT_DATA,WATCH,VULNERABLE,RESILIENT,HIGH_RISK,AVOID,False,3
STB,BANK,READY,RESILIENT,VULNERABLE,INSUFFICIENT_DATA,INSUFFICIENT_DATA,INSUFFICIENT_DATA,RESILIENT,WATCH,RESILIENT,WATCH,WAIT_FOR_MOS,False,0
STC,NORMAL_ENTERPRISE,READY,RESILIENT,WATCH,INSUFFICIENT_DATA,INSUFFICIENT_DATA,INSUFFICIENT_DATA,RESILIENT,INSUFFICIENT_DATA,RESILIENT,CLEAR,WAIT_FOR_MOS,False,0
STD,NORMAL_ENTERPRISE,READY,VULNERABLE,VULNERABLE,INSUFFICIENT_DATA,INSUFFICIENT_DATA,INSUFFICIENT_DATA,WATCH,VULNERABLE,RESILIENT,HIGH_RISK,AVOID,False,1
STG,NORMAL_ENTERPRISE,READY,VULNERABLE,VULNERABLE,INSUFFICIENT_DATA,INSUFFICIENT_DATA,INSUFFICIENT_DATA,WATCH,VULNERABLE,RESILIENT,HIGH_RISK,AVOID,False,1
STH,NORMAL_ENTERPRISE,READY,VULNERABLE,VULNERABLE,INSUFFICIENT_DATA,INSUFFICIENT_DATA,INSUFFICIENT_DATA,WATCH,VULNERABLE,RESILIENT,HIGH_RISK,AVOID,False,3
STK,NORMAL_ENTERPRISE,READY,WATCH,WATCH,INSUFFICIENT_DATA,INSUFFICIENT_DATA,INSUFFICIENT_DATA,RESILIENT,WATCH,RESILIENT,WATCH,WAIT_FOR_MOS,False,0
STP,NORMAL_ENTERPRISE,READY,VULNERABLE,VULNERABLE,INSUFFICIENT_DATA,INSUFFICIENT_DATA,INSUFFICIENT_DATA,WATCH,VULNERABLE,RESILIENT,HIGH_RISK,AVOID,False,2
STS,NORMAL_ENTERPRISE,READY,WATCH,WATCH,INSUFFICIENT_DATA,INSUFFICIENT_DATA,INSUFFICIENT_DATA,RESILIENT,WATCH,RESILIENT,WATCH,WAIT_FOR_MOS,False,0
STT,NORMAL_ENTERPRISE,READY,VULNERABLE,VULNERABLE,INSUFFICIENT_DATA,INSUFFICIENT_DATA,INSUFFICIENT_DATA,WATCH,VULNERABLE,RESILIENT,HIGH_RISK,AVOID,False,3
STW,NORMAL_ENTERPRISE,READY,VULNERABLE,VULNERABLE,INSUFFICIENT_DATA,INSUFFICIENT_DATA,INSUFFICIENT_DATA,WATCH,VULNERABLE,RESILIENT,HIGH_RISK,AVOID,False,2
SVC,NORMAL_ENTERPRISE,READY,VULNERABLE,WATCH,INSUFFICIENT_DATA,INSUFFICIENT_DATA,INSUFFICIENT_DATA,WATCH,VULNERABLE,RESILIENT,HIGH_RISK,AVOID,False,2
SVD,NORMAL_ENTERPRISE,READY,VULNERABLE,VULNERABLE,INSUFFICIENT_DATA,INSUFFICIENT_DATA,INSUFFICIENT_DATA,WATCH,VULNERABLE,RESILIENT,HIGH_RISK,AVOID,False,2
SVG,NORMAL_ENTERPRISE,READY,VULNERABLE,VULNERABLE,INSUFFICIENT_DATA,INSUFFICIENT_DATA,INSUFFICIENT_DATA,WATCH,VULNERABLE,RESILIENT,HIGH_RISK,AVOID,False,1
SVH,NORMAL_ENTERPRISE,READY,RESILIENT,RESILIENT,INSUFFICIENT_DATA,INSUFFICIENT_DATA,INSUFFICIENT_DATA,RESILIENT,INSUFFICIENT_DATA,RESILIENT,CLEAR,WAIT_FOR_MOS,False,0
SVN,NORMAL_ENTERPRISE,READY,VULNERABLE,VULNERABLE,INSUFFICIENT_DATA,INSUFFICIENT_DATA,INSUFFICIENT_DATA,WATCH,VULNERABLE,RESILIENT,HIGH_RISK,AVOID,False,3
SVT,NORMAL_ENTERPRISE,READY,VULNERABLE,WATCH,INSUFFICIENT_DATA,INSUFFICIENT_DATA,INSUFFICIENT_DATA,WATCH,VULNERABLE,RESILIENT,HIGH_RISK,AVOID,False,1
SWC,NORMAL_ENTERPRISE,READY,WATCH,WATCH,INSUFFICIENT_DATA,INSUFFICIENT_DATA,INSUFFICIENT_DATA,RESILIENT,WATCH,RESILIENT,WATCH,WAIT_FOR_MOS,False,0
SZC,NORMAL_ENTERPRISE,READY,VULNERABLE,VULNERABLE,INSUFFICIENT_DATA,INSUFFICIENT_DATA,INSUFFICIENT_DATA,WATCH,VULNERABLE,RESILIENT,HIGH_RISK,AVOID,False,2
SZE,NORMAL_ENTERPRISE,READY,VULNERABLE,VULNERABLE,INSUFFICIENT_DATA,INSUFFICIENT_DATA,INSUFFICIENT_DATA,WATCH,VULNERABLE,RESILIENT,HIGH_RISK,AVOID,False,1
SZG,NORMAL_ENTERPRISE,READY,VULNERABLE,RESILIENT,INSUFFICIENT_DATA,INSUFFICIENT_DATA,INSUFFICIENT_DATA,WATCH,VULNERABLE,RESILIENT,HIGH_RISK,AVOID,False,1
SZL,NORMAL_ENTERPRISE,READY,RESILIENT,RESILIENT,INSUFFICIENT_DATA,INSUFFICIENT_DATA,INSUFFICIENT_DATA,RESILIENT,INSUFFICIENT_DATA,RESILIENT,CLEAR,WAIT_FOR_MOS,False,0
TA9,NORMAL_ENTERPRISE,READY,VULNERABLE,VULNERABLE,INSUFFICIENT_DATA,INSUFFICIENT_DATA,INSUFFICIENT_DATA,WATCH,VULNERABLE,RESILIENT,HIGH_RISK,AVOID,False,2
TAB,NORMAL_ENTERPRISE,PARTIAL,VULNERABLE,VULNERABLE,INSUFFICIENT_DATA,INSUFFICIENT_DATA,INSUFFICIENT_DATA,WATCH,VULNERABLE,RESILIENT,HIGH_RISK,AVOID,False,1
TAH,NORMAL_ENTERPRISE,INSUFFICIENT,RESILIENT,RESILIENT,INSUFFICIENT_DATA,INSUFFICIENT_DATA,INSUFFICIENT_DATA,VULNERABLE,INSUFFICIENT_DATA,RESILIENT,WATCH,REVIEW_BUSINESS,False,0
TAL,NORMAL_ENTERPRISE,PARTIAL,VULNERABLE,WATCH,INSUFFICIENT_DATA,INSUFFICIENT_DATA,INSUFFICIENT_DATA,WATCH,VULNERABLE,RESILIENT,HIGH_RISK,AVOID,False,2
TAR,NORMAL_ENTERPRISE,READY,VULNERABLE,VULNERABLE,INSUFFICIENT_DATA,INSUFFICIENT_DATA,INSUFFICIENT_DATA,WATCH,VULNERABLE,RESILIENT,HIGH_RISK,AVOID,False,3
TAW,NORMAL_ENTERPRISE,READY,VULNERABLE,WATCH,INSUFFICIENT_DATA,INSUFFICIENT_DATA,INSUFFICIENT_DATA,WATCH,VULNERABLE,RESILIENT,HIGH_RISK,AVOID,False,2
TBC,NORMAL_ENTERPRISE,READY,RESILIENT,RESILIENT,INSUFFICIENT_DATA,INSUFFICIENT_DATA,INSUFFICIENT_DATA,RESILIENT,INSUFFICIENT_DATA,RESILIENT,CLEAR,WAIT_FOR_MOS,False,0
TBD,NORMAL_ENTERPRISE,READY,VULNERABLE,RESILIENT,INSUFFICIENT_DATA,INSUFFICIENT_DATA,INSUFFICIENT_DATA,WATCH,VULNERABLE,RESILIENT,HIGH_RISK,AVOID,False,2
TBR,NORMAL_ENTERPRISE,READY,VULNERABLE,VULNERABLE,INSUFFICIENT_DATA,INSUFFICIENT_DATA,INSUFFICIENT_DATA,WATCH,VULNERABLE,RESILIENT,HIGH_RISK,AVOID,False,2
TBW,NORMAL_ENTERPRISE,READY,RESILIENT,RESILIENT,INSUFFICIENT_DATA,INSUFFICIENT_DATA,INSUFFICIENT_DATA,RESILIENT,INSUFFICIENT_DATA,RESILIENT,CLEAR,WAIT_FOR_MOS,False,0
TCB,BANK,READY,RESILIENT,RESILIENT,INSUFFICIENT_DATA,INSUFFICIENT_DATA,INSUFFICIENT_DATA,RESILIENT,INSUFFICIENT_DATA,RESILIENT,CLEAR,WAIT_FOR_MOS,False,0
TCD,NORMAL_ENTERPRISE,READY,VULNERABLE,RESILIENT,INSUFFICIENT_DATA,INSUFFICIENT_DATA,INSUFFICIENT_DATA,WATCH,VULNERABLE,RESILIENT,HIGH_RISK,AVOID,False,3
TCH,NORMAL_ENTERPRISE,READY,VULNERABLE,VULNERABLE,INSUFFICIENT_DATA,INSUFFICIENT_DATA,INSUFFICIENT_DATA,WATCH,VULNERABLE,RESILIENT,HIGH_RISK,AVOID,False,2
TCI,NORMAL_ENTERPRISE,READY,VULNERABLE,VULNERABLE,INSUFFICIENT_DATA,INSUFFICIENT_DATA,INSUFFICIENT_DATA,WATCH,VULNERABLE,RESILIENT,HIGH_RISK,AVOID,False,2
TCJ,NORMAL_ENTERPRISE,READY,VULNERABLE,RESILIENT,INSUFFICIENT_DATA,INSUFFICIENT_DATA,INSUFFICIENT_DATA,WATCH,VULNERABLE,RESILIENT,HIGH_RISK,AVOID,False,2
TCK,NORMAL_ENTERPRISE,READY,VULNERABLE,VULNERABLE,INSUFFICIENT_DATA,INSUFFICIENT_DATA,INSUFFICIENT_DATA,WATCH,VULNERABLE,RESILIENT,HIGH_RISK,AVOID,False,3
TCL,NORMAL_ENTERPRISE,READY,RESILIENT,RESILIENT,INSUFFICIENT_DATA,INSUFFICIENT_DATA,INSUFFICIENT_DATA,RESILIENT,INSUFFICIENT_DATA,RESILIENT,CLEAR,WAIT_FOR_MOS,False,0
TCM,NORMAL_ENTERPRISE,READY,RESILIENT,RESILIENT,INSUFFICIENT_DATA,INSUFFICIENT_DATA,INSUFFICIENT_DATA,RESILIENT,INSUFFICIENT_DATA,RESILIENT,CLEAR,WAIT_FOR_MOS,False,0
TCO,NORMAL_ENTERPRISE,READY,VULNERABLE,WATCH,INSUFFICIENT_DATA,INSUFFICIENT_DATA,INSUFFICIENT_DATA,WATCH,VULNERABLE,RESILIENT,HIGH_RISK,AVOID,False,2
TCR,NORMAL_ENTERPRISE,READY,VULNERABLE,VULNERABLE,INSUFFICIENT_DATA,INSUFFICIENT_DATA,INSUFFICIENT_DATA,WATCH,VULNERABLE,RESILIENT,HIGH_RISK,AVOID,False,4
TCT,NORMAL_ENTERPRISE,READY,VULNERABLE,VULNERABLE,INSUFFICIENT_DATA,INSUFFICIENT_DATA,INSUFFICIENT_DATA,WATCH,VULNERABLE,RESILIENT,HIGH_RISK,AVOID,False,1
TCW,NORMAL_ENTERPRISE,READY,RESILIENT,RESILIENT,INSUFFICIENT_DATA,INSUFFICIENT_DATA,INSUFFICIENT_DATA,RESILIENT,INSUFFICIENT_DATA,RESILIENT,CLEAR,WAIT_FOR_MOS,False,0
TCX,NORMAL_ENTERPRISE,READY,VULNERABLE,RESILIENT,INSUFFICIENT_DATA,INSUFFICIENT_DATA,INSUFFICIENT_DATA,WATCH,VULNERABLE,RESILIENT,HIGH_RISK,AVOID,False,1
TD6,NORMAL_ENTERPRISE,INSUFFICIENT,VULNERABLE,VULNERABLE,INSUFFICIENT_DATA,INSUFFICIENT_DATA,INSUFFICIENT_DATA,WATCH,VULNERABLE,RESILIENT,HIGH_RISK,AVOID,False,1
TDB,NORMAL_ENTERPRISE,READY,RESILIENT,RESILIENT,INSUFFICIENT_DATA,INSUFFICIENT_DATA,INSUFFICIENT_DATA,RESILIENT,INSUFFICIENT_DATA,RESILIENT,CLEAR,WAIT_FOR_MOS,False,0
TDC,NORMAL_ENTERPRISE,READY,VULNERABLE,WATCH,INSUFFICIENT_DATA,INSUFFICIENT_DATA,INSUFFICIENT_DATA,WATCH,VULNERABLE,RESILIENT,HIGH_RISK,AVOID,False,1
TDF,NORMAL_ENTERPRISE,READY,WATCH,WATCH,INSUFFICIENT_DATA,INSUFFICIENT_DATA,INSUFFICIENT_DATA,RESILIENT,WATCH,RESILIENT,WATCH,WAIT_FOR_MOS,False,0
TDG,NORMAL_ENTERPRISE,READY,VULNERABLE,VULNERABLE,INSUFFICIENT_DATA,INSUFFICIENT_DATA,INSUFFICIENT_DATA,WATCH,VULNERABLE,RESILIENT,HIGH_RISK,AVOID,False,3
TDH,NORMAL_ENTERPRISE,READY,VULNERABLE,VULNERABLE,INSUFFICIENT_DATA,INSUFFICIENT_DATA,INSUFFICIENT_DATA,WATCH,VULNERABLE,RESILIENT,HIGH_RISK,AVOID,False,4
TDM,NORMAL_ENTERPRISE,READY,WATCH,WATCH,INSUFFICIENT_DATA,INSUFFICIENT_DATA,INSUFFICIENT_DATA,RESILIENT,WATCH,RESILIENT,WATCH,WAIT_FOR_MOS,False,0
TDP,NORMAL_ENTERPRISE,READY,VULNERABLE,WATCH,INSUFFICIENT_DATA,INSUFFICIENT_DATA,INSUFFICIENT_DATA,WATCH,VULNERABLE,RESILIENT,HIGH_RISK,AVOID,False,2
TDS,NORMAL_ENTERPRISE,READY,RESILIENT,WATCH,INSUFFICIENT_DATA,INSUFFICIENT_DATA,INSUFFICIENT_DATA,RESILIENT,INSUFFICIENT_DATA,RESILIENT,CLEAR,WAIT_FOR_MOS,False,0
TDT,NORMAL_ENTERPRISE,READY,VULNERABLE,VULNERABLE,INSUFFICIENT_DATA,INSUFFICIENT_DATA,INSUFFICIENT_DATA,WATCH,VULNERABLE,RESILIENT,HIGH_RISK,AVOID,False,2
TDW,NORMAL_ENTERPRISE,READY,VULNERABLE,RESILIENT,INSUFFICIENT_DATA,INSUFFICIENT_DATA,INSUFFICIENT_DATA,WATCH,VULNERABLE,RESILIENT,HIGH_RISK,AVOID,False,1
TED,NORMAL_ENTERPRISE,READY,VULNERABLE,RESILIENT,INSUFFICIENT_DATA,INSUFFICIENT_DATA,INSUFFICIENT_DATA,WATCH,VULNERABLE,RESILIENT,HIGH_RISK,AVOID,False,1
TEG,NORMAL_ENTERPRISE,READY,VULNERABLE,VULNERABLE,INSUFFICIENT_DATA,INSUFFICIENT_DATA,INSUFFICIENT_DATA,WATCH,VULNERABLE,RESILIENT,HIGH_RISK,AVOID,False,2
TET,NORMAL_ENTERPRISE,READY,VULNERABLE,VULNERABLE,INSUFFICIENT_DATA,INSUFFICIENT_DATA,INSUFFICIENT_DATA,WATCH,VULNERABLE,RESILIENT,HIGH_RISK,AVOID,False,1
TFC,NORMAL_ENTERPRISE,READY,VULNERABLE,VULNERABLE,INSUFFICIENT_DATA,INSUFFICIENT_DATA,INSUFFICIENT_DATA,WATCH,VULNERABLE,RESILIENT,HIGH_RISK,AVOID,False,3
TGG,NORMAL_ENTERPRISE,READY,VULNERABLE,VULNERABLE,INSUFFICIENT_DATA,INSUFFICIENT_DATA,INSUFFICIENT_DATA,WATCH,VULNERABLE,RESILIENT,HIGH_RISK,AVOID,False,3
TGP,NORMAL_ENTERPRISE,READY,VULNERABLE,VULNERABLE,INSUFFICIENT_DATA,INSUFFICIENT_DATA,INSUFFICIENT_DATA,WATCH,VULNERABLE,RESILIENT,HIGH_RISK,AVOID,False,2
TH1,NORMAL_ENTERPRISE,READY,VULNERABLE,WATCH,INSUFFICIENT_DATA,INSUFFICIENT_DATA,INSUFFICIENT_DATA,WATCH,VULNERABLE,RESILIENT,HIGH_RISK,AVOID,False,3
THB,NORMAL_ENTERPRISE,READY,VULNERABLE,VULNERABLE,INSUFFICIENT_DATA,INSUFFICIENT_DATA,INSUFFICIENT_DATA,WATCH,VULNERABLE,RESILIENT,HIGH_RISK,AVOID,False,1
THD,NORMAL_ENTERPRISE,READY,VULNERABLE,VULNERABLE,INSUFFICIENT_DATA,INSUFFICIENT_DATA,INSUFFICIENT_DATA,WATCH,VULNERABLE,RESILIENT,HIGH_RISK,AVOID,False,2
THG,NORMAL_ENTERPRISE,READY,RESILIENT,RESILIENT,INSUFFICIENT_DATA,INSUFFICIENT_DATA,INSUFFICIENT_DATA,RESILIENT,INSUFFICIENT_DATA,RESILIENT,CLEAR,WAIT_FOR_MOS,False,0
THM,NORMAL_ENTERPRISE,PARTIAL,VULNERABLE,VULNERABLE,INSUFFICIENT_DATA,INSUFFICIENT_DATA,INSUFFICIENT_DATA,WATCH,VULNERABLE,RESILIENT,HIGH_RISK,AVOID,False,1
THN,NORMAL_ENTERPRISE,READY,RESILIENT,WATCH,INSUFFICIENT_DATA,INSUFFICIENT_DATA,INSUFFICIENT_DATA,RESILIENT,INSUFFICIENT_DATA,RESILIENT,CLEAR,WAIT_FOR_MOS,False,0
THP,NORMAL_ENTERPRISE,READY,VULNERABLE,VULNERABLE,INSUFFICIENT_DATA,INSUFFICIENT_DATA,INSUFFICIENT_DATA,WATCH,VULNERABLE,RESILIENT,HIGH_RISK,AVOID,False,3
THS,NORMAL_ENTERPRISE,READY,VULNERABLE,VULNERABLE,INSUFFICIENT_DATA,INSUFFICIENT_DATA,INSUFFICIENT_DATA,WATCH,VULNERABLE,RESILIENT,HIGH_RISK,AVOID,False,3
THT,NORMAL_ENTERPRISE,READY,VULNERABLE,WATCH,INSUFFICIENT_DATA,INSUFFICIENT_DATA,INSUFFICIENT_DATA,WATCH,VULNERABLE,RESILIENT,HIGH_RISK,AVOID,False,1
THU,NORMAL_ENTERPRISE,READY,VULNERABLE,VULNERABLE,INSUFFICIENT_DATA,INSUFFICIENT_DATA,INSUFFICIENT_DATA,WATCH,VULNERABLE,RESILIENT,HIGH_RISK,AVOID,False,3
THW,NORMAL_ENTERPRISE,READY,VULNERABLE,WATCH,INSUFFICIENT_DATA,INSUFFICIENT_DATA,INSUFFICIENT_DATA,WATCH,VULNERABLE,RESILIENT,HIGH_RISK,AVOID,False,1
TIE,NORMAL_ENTERPRISE,READY,VULNERABLE,VULNERABLE,INSUFFICIENT_DATA,INSUFFICIENT_DATA,INSUFFICIENT_DATA,WATCH,VULNERABLE,RESILIENT,HIGH_RISK,AVOID,False,3
TIG,NORMAL_ENTERPRISE,READY,VULNERABLE,VULNERABLE,INSUFFICIENT_DATA,INSUFFICIENT_DATA,INSUFFICIENT_DATA,WATCH,VULNERABLE,RESILIENT,HIGH_RISK,AVOID,False,2
TIN,NORMAL_ENTERPRISE,READY,VULNERABLE,VULNERABLE,INSUFFICIENT_DATA,INSUFFICIENT_DATA,INSUFFICIENT_DATA,WATCH,VULNERABLE,RESILIENT,HIGH_RISK,AVOID,False,3
TIP,NORMAL_ENTERPRISE,READY,VULNERABLE,WATCH,INSUFFICIENT_DATA,INSUFFICIENT_DATA,INSUFFICIENT_DATA,WATCH,VULNERABLE,RESILIENT,HIGH_RISK,AVOID,False,1
TIS,NORMAL_ENTERPRISE,READY,VULNERABLE,VULNERABLE,INSUFFICIENT_DATA,INSUFFICIENT_DATA,INSUFFICIENT_DATA,WATCH,VULNERABLE,RESILIENT,HIGH_RISK,AVOID,False,3
TIX,NORMAL_ENTERPRISE,READY,WATCH,WATCH,INSUFFICIENT_DATA,INSUFFICIENT_DATA,INSUFFICIENT_DATA,RESILIENT,WATCH,RESILIENT,WATCH,WAIT_FOR_MOS,False,0
TJC,NORMAL_ENTERPRISE,READY,VULNERABLE,VULNERABLE,INSUFFICIENT_DATA,INSUFFICIENT_DATA,INSUFFICIENT_DATA,WATCH,VULNERABLE,RESILIENT,HIGH_RISK,AVOID,False,3
TKA,NORMAL_ENTERPRISE,READY,VULNERABLE,RESILIENT,INSUFFICIENT_DATA,INSUFFICIENT_DATA,INSUFFICIENT_DATA,WATCH,VULNERABLE,RESILIENT,HIGH_RISK,AVOID,False,1
TKU,NORMAL_ENTERPRISE,READY,RESILIENT,WATCH,INSUFFICIENT_DATA,INSUFFICIENT_DATA,INSUFFICIENT_DATA,RESILIENT,INSUFFICIENT_DATA,RESILIENT,CLEAR,WAIT_FOR_MOS,False,0
TL4,NORMAL_ENTERPRISE,READY,VULNERABLE,VULNERABLE,INSUFFICIENT_DATA,INSUFFICIENT_DATA,INSUFFICIENT_DATA,WATCH,VULNERABLE,RESILIENT,HIGH_RISK,AVOID,False,4
TLD,NORMAL_ENTERPRISE,READY,VULNERABLE,VULNERABLE,INSUFFICIENT_DATA,INSUFFICIENT_DATA,INSUFFICIENT_DATA,WATCH,VULNERABLE,RESILIENT,HIGH_RISK,AVOID,False,2
TLG,NORMAL_ENTERPRISE,READY,WATCH,RESILIENT,INSUFFICIENT_DATA,INSUFFICIENT_DATA,INSUFFICIENT_DATA,RESILIENT,WATCH,RESILIENT,WATCH,WAIT_FOR_MOS,False,0
TLH,NORMAL_ENTERPRISE,READY,VULNERABLE,VULNERABLE,INSUFFICIENT_DATA,INSUFFICIENT_DATA,INSUFFICIENT_DATA,WATCH,VULNERABLE,RESILIENT,HIGH_RISK,AVOID,False,3
TLP,NORMAL_ENTERPRISE,READY,VULNERABLE,VULNERABLE,INSUFFICIENT_DATA,INSUFFICIENT_DATA,INSUFFICIENT_DATA,WATCH,VULNERABLE,RESILIENT,HIGH_RISK,AVOID,False,3
TMB,NORMAL_ENTERPRISE,READY,VULNERABLE,RESILIENT,INSUFFICIENT_DATA,INSUFFICIENT_DATA,INSUFFICIENT_DATA,WATCH,VULNERABLE,RESILIENT,HIGH_RISK,AVOID,False,1
TMC,NORMAL_ENTERPRISE,READY,VULNERABLE,VULNERABLE,INSUFFICIENT_DATA,INSUFFICIENT_DATA,INSUFFICIENT_DATA,WATCH,VULNERABLE,RESILIENT,HIGH_RISK,AVOID,False,2
TMG,NORMAL_ENTERPRISE,READY,RESILIENT,RESILIENT,INSUFFICIENT_DATA,INSUFFICIENT_DATA,INSUFFICIENT_DATA,RESILIENT,INSUFFICIENT_DATA,RESILIENT,CLEAR,WAIT_FOR_MOS,False,0
TMP,NORMAL_ENTERPRISE,READY,RESILIENT,RESILIENT,INSUFFICIENT_DATA,INSUFFICIENT_DATA,INSUFFICIENT_DATA,RESILIENT,INSUFFICIENT_DATA,RESILIENT,CLEAR,WAIT_FOR_MOS,False,0
TMS,NORMAL_ENTERPRISE,READY,WATCH,WATCH,INSUFFICIENT_DATA,INSUFFICIENT_DATA,INSUFFICIENT_DATA,RESILIENT,WATCH,RESILIENT,WATCH,WAIT_FOR_MOS,False,0
TMT,NORMAL_ENTERPRISE,READY,VULNERABLE,VULNERABLE,INSUFFICIENT_DATA,INSUFFICIENT_DATA,INSUFFICIENT_DATA,WATCH,VULNERABLE,RESILIENT,HIGH_RISK,AVOID,False,3
TMW,NORMAL_ENTERPRISE,READY,VULNERABLE,VULNERABLE,INSUFFICIENT_DATA,INSUFFICIENT_DATA,INSUFFICIENT_DATA,WATCH,VULNERABLE,RESILIENT,HIGH_RISK,AVOID,False,3
TMX,NORMAL_ENTERPRISE,READY,VULNERABLE,VULNERABLE,INSUFFICIENT_DATA,INSUFFICIENT_DATA,INSUFFICIENT_DATA,WATCH,VULNERABLE,RESILIENT,HIGH_RISK,AVOID,False,2
TN1,NORMAL_ENTERPRISE,READY,VULNERABLE,RESILIENT,INSUFFICIENT_DATA,INSUFFICIENT_DATA,INSUFFICIENT_DATA,WATCH,VULNERABLE,RESILIENT,HIGH_RISK,AVOID,False,1
TNA,NORMAL_ENTERPRISE,READY,VULNERABLE,VULNERABLE,INSUFFICIENT_DATA,INSUFFICIENT_DATA,INSUFFICIENT_DATA,WATCH,VULNERABLE,RESILIENT,HIGH_RISK,AVOID,False,4
TNB,NORMAL_ENTERPRISE,READY,VULNERABLE,VULNERABLE,INSUFFICIENT_DATA,INSUFFICIENT_DATA,INSUFFICIENT_DATA,WATCH,VULNERABLE,RESILIENT,HIGH_RISK,AVOID,False,2
TNC,NORMAL_ENTERPRISE,READY,VULNERABLE,WATCH,INSUFFICIENT_DATA,INSUFFICIENT_DATA,INSUFFICIENT_DATA,WATCH,VULNERABLE,RESILIENT,HIGH_RISK,AVOID,False,1
TNG,NORMAL_ENTERPRISE,READY,VULNERABLE,RESILIENT,INSUFFICIENT_DATA,INSUFFICIENT_DATA,INSUFFICIENT_DATA,WATCH,VULNERABLE,RESILIENT,HIGH_RISK,AVOID,False,1
TNH,NORMAL_ENTERPRISE,READY,VULNERABLE,RESILIENT,INSUFFICIENT_DATA,INSUFFICIENT_DATA,INSUFFICIENT_DATA,WATCH,VULNERABLE,RESILIENT,HIGH_RISK,AVOID,False,1
TNI,NORMAL_ENTERPRISE,READY,VULNERABLE,VULNERABLE,INSUFFICIENT_DATA,INSUFFICIENT_DATA,INSUFFICIENT_DATA,WATCH,VULNERABLE,RESILIENT,HIGH_RISK,AVOID,False,3
TNP,NORMAL_ENTERPRISE,READY,RESILIENT,WATCH,INSUFFICIENT_DATA,INSUFFICIENT_DATA,INSUFFICIENT_DATA,RESILIENT,INSUFFICIENT_DATA,RESILIENT,CLEAR,WAIT_FOR_MOS,False,0
TNS,NORMAL_ENTERPRISE,READY,VULNERABLE,RESILIENT,INSUFFICIENT_DATA,INSUFFICIENT_DATA,INSUFFICIENT_DATA,WATCH,VULNERABLE,RESILIENT,HIGH_RISK,AVOID,False,2
TNT,NORMAL_ENTERPRISE,READY,VULNERABLE,VULNERABLE,INSUFFICIENT_DATA,INSUFFICIENT_DATA,INSUFFICIENT_DATA,WATCH,VULNERABLE,RESILIENT,HIGH_RISK,AVOID,False,3
TNW,NORMAL_ENTERPRISE,READY,VULNERABLE,VULNERABLE,INSUFFICIENT_DATA,INSUFFICIENT_DATA,INSUFFICIENT_DATA,WATCH,VULNERABLE,RESILIENT,HIGH_RISK,AVOID,False,3
TOP,NORMAL_ENTERPRISE,READY,VULNERABLE,VULNERABLE,INSUFFICIENT_DATA,INSUFFICIENT_DATA,INSUFFICIENT_DATA,WATCH,VULNERABLE,RESILIENT,HIGH_RISK,AVOID,False,3
TOS,NORMAL_ENTERPRISE,READY,WATCH,RESILIENT,INSUFFICIENT_DATA,INSUFFICIENT_DATA,INSUFFICIENT_DATA,RESILIENT,WATCH,RESILIENT,WATCH,WAIT_FOR_MOS,False,0
TOT,NORMAL_ENTERPRISE,READY,RESILIENT,WATCH,INSUFFICIENT_DATA,INSUFFICIENT_DATA,INSUFFICIENT_DATA,RESILIENT,INSUFFICIENT_DATA,RESILIENT,CLEAR,WAIT_FOR_MOS,False,0
TOW,NORMAL_ENTERPRISE,READY,WATCH,WATCH,INSUFFICIENT_DATA,INSUFFICIENT_DATA,INSUFFICIENT_DATA,RESILIENT,WATCH,RESILIENT,WATCH,WAIT_FOR_MOS,False,0
TPB,BANK,READY,RESILIENT,WATCH,INSUFFICIENT_DATA,INSUFFICIENT_DATA,INSUFFICIENT_DATA,RESILIENT,INSUFFICIENT_DATA,RESILIENT,CLEAR,WAIT_FOR_MOS,False,0
TPC,NORMAL_ENTERPRISE,READY,VULNERABLE,VULNERABLE,INSUFFICIENT_DATA,INSUFFICIENT_DATA,INSUFFICIENT_DATA,WATCH,VULNERABLE,RESILIENT,HIGH_RISK,AVOID,False,2
TPP,NORMAL_ENTERPRISE,READY,VULNERABLE,VULNERABLE,INSUFFICIENT_DATA,INSUFFICIENT_DATA,INSUFFICIENT_DATA,WATCH,VULNERABLE,RESILIENT,HIGH_RISK,AVOID,False,3
TPS,NORMAL_ENTERPRISE,READY,WATCH,RESILIENT,INSUFFICIENT_DATA,INSUFFICIENT_DATA,INSUFFICIENT_DATA,RESILIENT,WATCH,RESILIENT,WATCH,WAIT_FOR_MOS,False,0
TQW,NORMAL_ENTERPRISE,READY,VULNERABLE,VULNERABLE,INSUFFICIENT_DATA,INSUFFICIENT_DATA,INSUFFICIENT_DATA,WATCH,VULNERABLE,RESILIENT,HIGH_RISK,AVOID,False,1
TRA,NORMAL_ENTERPRISE,READY,RESILIENT,RESILIENT,INSUFFICIENT_DATA,INSUFFICIENT_DATA,INSUFFICIENT_DATA,RESILIENT,INSUFFICIENT_DATA,RESILIENT,CLEAR,WAIT_FOR_MOS,False,0
TRC,NORMAL_ENTERPRISE,READY,VULNERABLE,VULNERABLE,INSUFFICIENT_DATA,INSUFFICIENT_DATA,INSUFFICIENT_DATA,WATCH,VULNERABLE,RESILIENT,HIGH_RISK,AVOID,False,1
TRS,NORMAL_ENTERPRISE,READY,WATCH,WATCH,INSUFFICIENT_DATA,INSUFFICIENT_DATA,INSUFFICIENT_DATA,RESILIENT,WATCH,RESILIENT,WATCH,WAIT_FOR_MOS,False,0
TRT,NORMAL_ENTERPRISE,READY,VULNERABLE,WATCH,INSUFFICIENT_DATA,INSUFFICIENT_DATA,INSUFFICIENT_DATA,WATCH,VULNERABLE,RESILIENT,HIGH_RISK,AVOID,False,2
TRV,NORMAL_ENTERPRISE,INSUFFICIENT,VULNERABLE,VULNERABLE,INSUFFICIENT_DATA,INSUFFICIENT_DATA,INSUFFICIENT_DATA,WATCH,VULNERABLE,RESILIENT,HIGH_RISK,AVOID,False,2
TSA,NORMAL_ENTERPRISE,PARTIAL,VULNERABLE,VULNERABLE,INSUFFICIENT_DATA,INSUFFICIENT_DATA,INSUFFICIENT_DATA,WATCH,VULNERABLE,RESILIENT,HIGH_RISK,AVOID,False,1
TSB,NORMAL_ENTERPRISE,READY,VULNERABLE,VULNERABLE,INSUFFICIENT_DATA,INSUFFICIENT_DATA,INSUFFICIENT_DATA,WATCH,VULNERABLE,RESILIENT,HIGH_RISK,AVOID,False,1
TSC,NORMAL_ENTERPRISE,READY,VULNERABLE,VULNERABLE,INSUFFICIENT_DATA,INSUFFICIENT_DATA,INSUFFICIENT_DATA,WATCH,VULNERABLE,RESILIENT,HIGH_RISK,AVOID,False,3
TSD,NORMAL_ENTERPRISE,READY,VULNERABLE,VULNERABLE,INSUFFICIENT_DATA,INSUFFICIENT_DATA,INSUFFICIENT_DATA,WATCH,VULNERABLE,RESILIENT,HIGH_RISK,AVOID,False,4
TSG,NORMAL_ENTERPRISE,READY,VULNERABLE,RESILIENT,INSUFFICIENT_DATA,INSUFFICIENT_DATA,INSUFFICIENT_DATA,WATCH,VULNERABLE,RESILIENT,HIGH_RISK,AVOID,False,2
TSJ,NORMAL_ENTERPRISE,READY,VULNERABLE,VULNERABLE,INSUFFICIENT_DATA,INSUFFICIENT_DATA,INSUFFICIENT_DATA,WATCH,VULNERABLE,RESILIENT,HIGH_RISK,AVOID,False,2
TST,NORMAL_ENTERPRISE,READY,VULNERABLE,VULNERABLE,INSUFFICIENT_DATA,INSUFFICIENT_DATA,INSUFFICIENT_DATA,WATCH,VULNERABLE,RESILIENT,HIGH_RISK,AVOID,False,4
TT6,NORMAL_ENTERPRISE,PARTIAL,VULNERABLE,VULNERABLE,INSUFFICIENT_DATA,INSUFFICIENT_DATA,INSUFFICIENT_DATA,WATCH,VULNERABLE,RESILIENT,HIGH_RISK,AVOID,False,1
TTA,NORMAL_ENTERPRISE,READY,VULNERABLE,VULNERABLE,INSUFFICIENT_DATA,INSUFFICIENT_DATA,INSUFFICIENT_DATA,WATCH,VULNERABLE,RESILIENT,HIGH_RISK,AVOID,False,1
TTB,NORMAL_ENTERPRISE,READY,VULNERABLE,VULNERABLE,INSUFFICIENT_DATA,INSUFFICIENT_DATA,INSUFFICIENT_DATA,WATCH,VULNERABLE,RESILIENT,HIGH_RISK,AVOID,False,3
TTC,NORMAL_ENTERPRISE,READY,RESILIENT,WATCH,INSUFFICIENT_DATA,INSUFFICIENT_DATA,INSUFFICIENT_DATA,RESILIENT,INSUFFICIENT_DATA,RESILIENT,CLEAR,WAIT_FOR_MOS,False,0
TTD,NORMAL_ENTERPRISE,READY,RESILIENT,RESILIENT,INSUFFICIENT_DATA,INSUFFICIENT_DATA,INSUFFICIENT_DATA,RESILIENT,INSUFFICIENT_DATA,RESILIENT,CLEAR,WAIT_FOR_MOS,False,0
TTE,NORMAL_ENTERPRISE,READY,VULNERABLE,VULNERABLE,INSUFFICIENT_DATA,INSUFFICIENT_DATA,INSUFFICIENT_DATA,WATCH,VULNERABLE,RESILIENT,HIGH_RISK,AVOID,False,2
TTF,NORMAL_ENTERPRISE,READY,VULNERABLE,VULNERABLE,INSUFFICIENT_DATA,INSUFFICIENT_DATA,INSUFFICIENT_DATA,WATCH,VULNERABLE,RESILIENT,HIGH_RISK,AVOID,False,4
TTG,NORMAL_ENTERPRISE,READY,VULNERABLE,VULNERABLE,INSUFFICIENT_DATA,INSUFFICIENT_DATA,INSUFFICIENT_DATA,WATCH,VULNERABLE,RESILIENT,HIGH_RISK,AVOID,False,2
TTH,NORMAL_ENTERPRISE,READY,VULNERABLE,VULNERABLE,INSUFFICIENT_DATA,INSUFFICIENT_DATA,INSUFFICIENT_DATA,WATCH,VULNERABLE,RESILIENT,HIGH_RISK,AVOID,False,3
TTL,NORMAL_ENTERPRISE,READY,VULNERABLE,VULNERABLE,INSUFFICIENT_DATA,INSUFFICIENT_DATA,INSUFFICIENT_DATA,WATCH,VULNERABLE,RESILIENT,HIGH_RISK,AVOID,False,3
TTN,NORMAL_ENTERPRISE,READY,WATCH,WATCH,INSUFFICIENT_DATA,INSUFFICIENT_DATA,INSUFFICIENT_DATA,RESILIENT,WATCH,RESILIENT,WATCH,WAIT_FOR_MOS,False,0
TTS,NORMAL_ENTERPRISE,READY,VULNERABLE,VULNERABLE,INSUFFICIENT_DATA,INSUFFICIENT_DATA,INSUFFICIENT_DATA,WATCH,VULNERABLE,RESILIENT,HIGH_RISK,AVOID,False,2
TTT,NORMAL_ENTERPRISE,READY,VULNERABLE,WATCH,INSUFFICIENT_DATA,INSUFFICIENT_DATA,INSUFFICIENT_DATA,WATCH,VULNERABLE,RESILIENT,HIGH_RISK,AVOID,False,1
TTZ,NORMAL_ENTERPRISE,READY,VULNERABLE,VULNERABLE,INSUFFICIENT_DATA,INSUFFICIENT_DATA,INSUFFICIENT_DATA,WATCH,VULNERABLE,RESILIENT,HIGH_RISK,AVOID,False,3
TUG,NORMAL_ENTERPRISE,READY,WATCH,RESILIENT,INSUFFICIENT_DATA,INSUFFICIENT_DATA,INSUFFICIENT_DATA,RESILIENT,WATCH,RESILIENT,WATCH,WAIT_FOR_MOS,False,0
TV1,NORMAL_ENTERPRISE,READY,WATCH,WATCH,INSUFFICIENT_DATA,INSUFFICIENT_DATA,INSUFFICIENT_DATA,RESILIENT,WATCH,RESILIENT,WATCH,WAIT_FOR_MOS,False,0
TV2,NORMAL_ENTERPRISE,READY,VULNERABLE,RESILIENT,INSUFFICIENT_DATA,INSUFFICIENT_DATA,INSUFFICIENT_DATA,WATCH,VULNERABLE,RESILIENT,HIGH_RISK,AVOID,False,1
TV3,NORMAL_ENTERPRISE,READY,VULNERABLE,VULNERABLE,INSUFFICIENT_DATA,INSUFFICIENT_DATA,INSUFFICIENT_DATA,WATCH,VULNERABLE,RESILIENT,HIGH_RISK,AVOID,False,2
TV4,NORMAL_ENTERPRISE,READY,VULNERABLE,VULNERABLE,INSUFFICIENT_DATA,INSUFFICIENT_DATA,INSUFFICIENT_DATA,WATCH,VULNERABLE,RESILIENT,HIGH_RISK,AVOID,False,2
TVA,NORMAL_ENTERPRISE,READY,VULNERABLE,WATCH,INSUFFICIENT_DATA,INSUFFICIENT_DATA,INSUFFICIENT_DATA,WATCH,VULNERABLE,RESILIENT,HIGH_RISK,AVOID,False,1
TVB,NORMAL_ENTERPRISE,READY,VULNERABLE,WATCH,INSUFFICIENT_DATA,INSUFFICIENT_DATA,INSUFFICIENT_DATA,WATCH,VULNERABLE,RESILIENT,HIGH_RISK,AVOID,False,1
TVC,NORMAL_ENTERPRISE,READY,VULNERABLE,VULNERABLE,INSUFFICIENT_DATA,INSUFFICIENT_DATA,INSUFFICIENT_DATA,WATCH,VULNERABLE,RESILIENT,HIGH_RISK,AVOID,False,2
TVD,NORMAL_ENTERPRISE,READY,VULNERABLE,WATCH,INSUFFICIENT_DATA,INSUFFICIENT_DATA,INSUFFICIENT_DATA,WATCH,VULNERABLE,RESILIENT,HIGH_RISK,AVOID,False,1
TVG,NORMAL_ENTERPRISE,READY,VULNERABLE,VULNERABLE,INSUFFICIENT_DATA,INSUFFICIENT_DATA,INSUFFICIENT_DATA,WATCH,VULNERABLE,RESILIENT,HIGH_RISK,AVOID,False,4
TVH,NORMAL_ENTERPRISE,READY,VULNERABLE,RESILIENT,INSUFFICIENT_DATA,INSUFFICIENT_DATA,INSUFFICIENT_DATA,WATCH,VULNERABLE,RESILIENT,HIGH_RISK,AVOID,False,2
TVM,NORMAL_ENTERPRISE,READY,VULNERABLE,VULNERABLE,INSUFFICIENT_DATA,INSUFFICIENT_DATA,INSUFFICIENT_DATA,WATCH,VULNERABLE,RESILIENT,HIGH_RISK,AVOID,False,3
TVN,NORMAL_ENTERPRISE,READY,VULNERABLE,VULNERABLE,INSUFFICIENT_DATA,INSUFFICIENT_DATA,INSUFFICIENT_DATA,WATCH,VULNERABLE,RESILIENT,HIGH_RISK,AVOID,False,3
TVS,NORMAL_ENTERPRISE,READY,VULNERABLE,RESILIENT,INSUFFICIENT_DATA,INSUFFICIENT_DATA,INSUFFICIENT_DATA,WATCH,VULNERABLE,RESILIENT,HIGH_RISK,AVOID,False,1
TVT,NORMAL_ENTERPRISE,READY,RESILIENT,WATCH,INSUFFICIENT_DATA,INSUFFICIENT_DATA,INSUFFICIENT_DATA,RESILIENT,INSUFFICIENT_DATA,RESILIENT,CLEAR,WAIT_FOR_MOS,False,0
TXM,NORMAL_ENTERPRISE,READY,VULNERABLE,VULNERABLE,INSUFFICIENT_DATA,INSUFFICIENT_DATA,INSUFFICIENT_DATA,WATCH,VULNERABLE,RESILIENT,HIGH_RISK,AVOID,False,3
TYA,NORMAL_ENTERPRISE,READY,VULNERABLE,WATCH,INSUFFICIENT_DATA,INSUFFICIENT_DATA,INSUFFICIENT_DATA,WATCH,VULNERABLE,RESILIENT,HIGH_RISK,AVOID,False,1
UCT,NORMAL_ENTERPRISE,READY,VULNERABLE,VULNERABLE,INSUFFICIENT_DATA,INSUFFICIENT_DATA,INSUFFICIENT_DATA,WATCH,VULNERABLE,RESILIENT,HIGH_RISK,AVOID,False,2
UDC,NORMAL_ENTERPRISE,READY,VULNERABLE,VULNERABLE,INSUFFICIENT_DATA,INSUFFICIENT_DATA,INSUFFICIENT_DATA,WATCH,VULNERABLE,RESILIENT,HIGH_RISK,AVOID,False,4
UDJ,NORMAL_ENTERPRISE,READY,VULNERABLE,WATCH,INSUFFICIENT_DATA,INSUFFICIENT_DATA,INSUFFICIENT_DATA,WATCH,VULNERABLE,RESILIENT,HIGH_RISK,AVOID,False,1
UDL,NORMAL_ENTERPRISE,READY,VULNERABLE,VULNERABLE,INSUFFICIENT_DATA,INSUFFICIENT_DATA,INSUFFICIENT_DATA,WATCH,VULNERABLE,RESILIENT,HIGH_RISK,AVOID,False,2
UEM,NORMAL_ENTERPRISE,READY,VULNERABLE,WATCH,INSUFFICIENT_DATA,INSUFFICIENT_DATA,INSUFFICIENT_DATA,WATCH,VULNERABLE,RESILIENT,HIGH_RISK,AVOID,False,2
UIC,NORMAL_ENTERPRISE,READY,RESILIENT,RESILIENT,INSUFFICIENT_DATA,INSUFFICIENT_DATA,INSUFFICIENT_DATA,RESILIENT,INSUFFICIENT_DATA,RESILIENT,CLEAR,WAIT_FOR_MOS,False,0
ULG,NORMAL_ENTERPRISE,INSUFFICIENT,VULNERABLE,VULNERABLE,INSUFFICIENT_DATA,INSUFFICIENT_DATA,INSUFFICIENT_DATA,WATCH,VULNERABLE,RESILIENT,HIGH_RISK,AVOID,False,1
UMC,NORMAL_ENTERPRISE,READY,VULNERABLE,VULNERABLE,INSUFFICIENT_DATA,INSUFFICIENT_DATA,INSUFFICIENT_DATA,WATCH,VULNERABLE,RESILIENT,HIGH_RISK,AVOID,False,2
UNI,NORMAL_ENTERPRISE,READY,VULNERABLE,VULNERABLE,INSUFFICIENT_DATA,INSUFFICIENT_DATA,INSUFFICIENT_DATA,WATCH,VULNERABLE,RESILIENT,HIGH_RISK,AVOID,False,4
UPC,NORMAL_ENTERPRISE,READY,VULNERABLE,RESILIENT,INSUFFICIENT_DATA,INSUFFICIENT_DATA,INSUFFICIENT_DATA,WATCH,VULNERABLE,RESILIENT,HIGH_RISK,AVOID,False,2
UPH,NORMAL_ENTERPRISE,READY,VULNERABLE,VULNERABLE,INSUFFICIENT_DATA,INSUFFICIENT_DATA,INSUFFICIENT_DATA,WATCH,VULNERABLE,RESILIENT,HIGH_RISK,AVOID,False,3
UPS,NORMAL_ENTERPRISE,READY,VULNERABLE,VULNERABLE,INSUFFICIENT_DATA,INSUFFICIENT_DATA,INSUFFICIENT_DATA,WATCH,VULNERABLE,RESILIENT,HIGH_RISK,AVOID,False,3
USC,NORMAL_ENTERPRISE,READY,VULNERABLE,VULNERABLE,INSUFFICIENT_DATA,INSUFFICIENT_DATA,INSUFFICIENT_DATA,WATCH,VULNERABLE,RESILIENT,HIGH_RISK,AVOID,False,3
USD,NORMAL_ENTERPRISE,READY,VULNERABLE,RESILIENT,INSUFFICIENT_DATA,INSUFFICIENT_DATA,INSUFFICIENT_DATA,WATCH,VULNERABLE,RESILIENT,HIGH_RISK,AVOID,False,2
UTT,NORMAL_ENTERPRISE,PARTIAL,VULNERABLE,VULNERABLE,INSUFFICIENT_DATA,INSUFFICIENT_DATA,INSUFFICIENT_DATA,WATCH,VULNERABLE,RESILIENT,HIGH_RISK,AVOID,False,3
UXC,NORMAL_ENTERPRISE,READY,VULNERABLE,VULNERABLE,INSUFFICIENT_DATA,INSUFFICIENT_DATA,INSUFFICIENT_DATA,WATCH,VULNERABLE,RESILIENT,HIGH_RISK,AVOID,False,3
V12,NORMAL_ENTERPRISE,READY,VULNERABLE,VULNERABLE,INSUFFICIENT_DATA,INSUFFICIENT_DATA,INSUFFICIENT_DATA,WATCH,VULNERABLE,RESILIENT,HIGH_RISK,AVOID,False,3
V21,NORMAL_ENTERPRISE,READY,VULNERABLE,VULNERABLE,INSUFFICIENT_DATA,INSUFFICIENT_DATA,INSUFFICIENT_DATA,WATCH,VULNERABLE,RESILIENT,HIGH_RISK,AVOID,False,4
V68,NORMAL_ENTERPRISE,INSUFFICIENT,RESILIENT,WATCH,INSUFFICIENT_DATA,INSUFFICIENT_DATA,INSUFFICIENT_DATA,VULNERABLE,INSUFFICIENT_DATA,RESILIENT,WATCH,REVIEW_BUSINESS,False,0
VAB,NORMAL_ENTERPRISE,READY,VULNERABLE,VULNERABLE,INSUFFICIENT_DATA,INSUFFICIENT_DATA,INSUFFICIENT_DATA,WATCH,VULNERABLE,RESILIENT,HIGH_RISK,AVOID,False,3
VAF,NORMAL_ENTERPRISE,READY,VULNERABLE,VULNERABLE,INSUFFICIENT_DATA,INSUFFICIENT_DATA,INSUFFICIENT_DATA,WATCH,VULNERABLE,RESILIENT,HIGH_RISK,AVOID,False,2
VAV,NORMAL_ENTERPRISE,READY,WATCH,RESILIENT,INSUFFICIENT_DATA,INSUFFICIENT_DATA,INSUFFICIENT_DATA,RESILIENT,WATCH,RESILIENT,WATCH,WAIT_FOR_MOS,False,0
VBC,NORMAL_ENTERPRISE,READY,WATCH,RESILIENT,INSUFFICIENT_DATA,INSUFFICIENT_DATA,INSUFFICIENT_DATA,RESILIENT,WATCH,RESILIENT,WATCH,WAIT_FOR_MOS,False,0
VBG,NORMAL_ENTERPRISE,READY,VULNERABLE,VULNERABLE,INSUFFICIENT_DATA,INSUFFICIENT_DATA,INSUFFICIENT_DATA,WATCH,VULNERABLE,RESILIENT,HIGH_RISK,AVOID,False,2
VBH,NORMAL_ENTERPRISE,READY,VULNERABLE,VULNERABLE,INSUFFICIENT_DATA,INSUFFICIENT_DATA,INSUFFICIENT_DATA,WATCH,VULNERABLE,RESILIENT,HIGH_RISK,AVOID,False,3
VBT,NORMAL_ENTERPRISE,INSUFFICIENT,VULNERABLE,WATCH,INSUFFICIENT_DATA,INSUFFICIENT_DATA,INSUFFICIENT_DATA,WATCH,VULNERABLE,RESILIENT,HIGH_RISK,AVOID,False,2
VC1,NORMAL_ENTERPRISE,READY,VULNERABLE,VULNERABLE,INSUFFICIENT_DATA,INSUFFICIENT_DATA,INSUFFICIENT_DATA,WATCH,VULNERABLE,RESILIENT,HIGH_RISK,AVOID,False,3
VC2,NORMAL_ENTERPRISE,READY,VULNERABLE,VULNERABLE,INSUFFICIENT_DATA,INSUFFICIENT_DATA,INSUFFICIENT_DATA,WATCH,VULNERABLE,RESILIENT,HIGH_RISK,AVOID,False,2
VC3,NORMAL_ENTERPRISE,READY,VULNERABLE,VULNERABLE,INSUFFICIENT_DATA,INSUFFICIENT_DATA,INSUFFICIENT_DATA,WATCH,VULNERABLE,RESILIENT,HIGH_RISK,AVOID,False,2
VC6,NORMAL_ENTERPRISE,READY,VULNERABLE,VULNERABLE,INSUFFICIENT_DATA,INSUFFICIENT_DATA,INSUFFICIENT_DATA,WATCH,VULNERABLE,RESILIENT,HIGH_RISK,AVOID,False,3
VC7,NORMAL_ENTERPRISE,READY,VULNERABLE,VULNERABLE,INSUFFICIENT_DATA,INSUFFICIENT_DATA,INSUFFICIENT_DATA,WATCH,VULNERABLE,RESILIENT,HIGH_RISK,AVOID,False,2
VC9,NORMAL_ENTERPRISE,READY,VULNERABLE,VULNERABLE,INSUFFICIENT_DATA,INSUFFICIENT_DATA,INSUFFICIENT_DATA,WATCH,VULNERABLE,RESILIENT,HIGH_RISK,AVOID,False,4
VCA,NORMAL_ENTERPRISE,READY,VULNERABLE,WATCH,INSUFFICIENT_DATA,INSUFFICIENT_DATA,INSUFFICIENT_DATA,WATCH,VULNERABLE,RESILIENT,HIGH_RISK,AVOID,False,2
VCB,BANK,READY,RESILIENT,RESILIENT,INSUFFICIENT_DATA,INSUFFICIENT_DATA,INSUFFICIENT_DATA,RESILIENT,INSUFFICIENT_DATA,RESILIENT,CLEAR,WAIT_FOR_MOS,False,0
VCC,NORMAL_ENTERPRISE,READY,VULNERABLE,VULNERABLE,INSUFFICIENT_DATA,INSUFFICIENT_DATA,INSUFFICIENT_DATA,WATCH,VULNERABLE,RESILIENT,HIGH_RISK,AVOID,False,3
VCE,NORMAL_ENTERPRISE,READY,VULNERABLE,VULNERABLE,INSUFFICIENT_DATA,INSUFFICIENT_DATA,INSUFFICIENT_DATA,WATCH,VULNERABLE,RESILIENT,HIGH_RISK,AVOID,False,3
VCF,NORMAL_ENTERPRISE,READY,RESILIENT,RESILIENT,INSUFFICIENT_DATA,INSUFFICIENT_DATA,INSUFFICIENT_DATA,RESILIENT,INSUFFICIENT_DATA,RESILIENT,CLEAR,WAIT_FOR_MOS,False,0
VCG,NORMAL_ENTERPRISE,READY,VULNERABLE,VULNERABLE,INSUFFICIENT_DATA,INSUFFICIENT_DATA,INSUFFICIENT_DATA,WATCH,VULNERABLE,RESILIENT,HIGH_RISK,AVOID,False,2
VCI,SECURITIES,READY,RESILIENT,RESILIENT,INSUFFICIENT_DATA,INSUFFICIENT_DATA,INSUFFICIENT_DATA,RESILIENT,INSUFFICIENT_DATA,RESILIENT,CLEAR,WAIT_FOR_MOS,False,0
VCK,NORMAL_ENTERPRISE,READY,VULNERABLE,VULNERABLE,INSUFFICIENT_DATA,INSUFFICIENT_DATA,INSUFFICIENT_DATA,WATCH,VULNERABLE,RESILIENT,HIGH_RISK,AVOID,False,2
VCM,NORMAL_ENTERPRISE,READY,VULNERABLE,WATCH,INSUFFICIENT_DATA,INSUFFICIENT_DATA,INSUFFICIENT_DATA,WATCH,VULNERABLE,RESILIENT,HIGH_RISK,AVOID,False,1
VCP,NORMAL_ENTERPRISE,READY,VULNERABLE,RESILIENT,INSUFFICIENT_DATA,INSUFFICIENT_DATA,INSUFFICIENT_DATA,WATCH,VULNERABLE,RESILIENT,HIGH_RISK,AVOID,False,1
VCR,NORMAL_ENTERPRISE,READY,VULNERABLE,VULNERABLE,INSUFFICIENT_DATA,INSUFFICIENT_DATA,INSUFFICIENT_DATA,WATCH,VULNERABLE,RESILIENT,HIGH_RISK,AVOID,False,4
VCS,NORMAL_ENTERPRISE,READY,RESILIENT,RESILIENT,INSUFFICIENT_DATA,INSUFFICIENT_DATA,INSUFFICIENT_DATA,RESILIENT,INSUFFICIENT_DATA,RESILIENT,CLEAR,WAIT_FOR_MOS,False,0
VCT,NORMAL_ENTERPRISE,READY,VULNERABLE,VULNERABLE,INSUFFICIENT_DATA,INSUFFICIENT_DATA,INSUFFICIENT_DATA,WATCH,VULNERABLE,RESILIENT,HIGH_RISK,AVOID,False,2
VCX,NORMAL_ENTERPRISE,READY,RESILIENT,WATCH,INSUFFICIENT_DATA,INSUFFICIENT_DATA,INSUFFICIENT_DATA,RESILIENT,INSUFFICIENT_DATA,RESILIENT,CLEAR,WAIT_FOR_MOS,False,0
VDB,NORMAL_ENTERPRISE,READY,VULNERABLE,RESILIENT,INSUFFICIENT_DATA,INSUFFICIENT_DATA,INSUFFICIENT_DATA,WATCH,VULNERABLE,RESILIENT,HIGH_RISK,AVOID,False,1
VDG,NORMAL_ENTERPRISE,READY,VULNERABLE,VULNERABLE,INSUFFICIENT_DATA,INSUFFICIENT_DATA,INSUFFICIENT_DATA,WATCH,VULNERABLE,RESILIENT,HIGH_RISK,AVOID,False,2
VDL,NORMAL_ENTERPRISE,READY,VULNERABLE,VULNERABLE,INSUFFICIENT_DATA,INSUFFICIENT_DATA,INSUFFICIENT_DATA,WATCH,VULNERABLE,RESILIENT,HIGH_RISK,AVOID,False,2
VDN,NORMAL_ENTERPRISE,READY,VULNERABLE,WATCH,INSUFFICIENT_DATA,INSUFFICIENT_DATA,INSUFFICIENT_DATA,WATCH,VULNERABLE,RESILIENT,HIGH_RISK,AVOID,False,2
VDP,NORMAL_ENTERPRISE,READY,VULNERABLE,WATCH,INSUFFICIENT_DATA,INSUFFICIENT_DATA,INSUFFICIENT_DATA,WATCH,VULNERABLE,RESILIENT,HIGH_RISK,AVOID,False,1
VDS,SECURITIES,READY,VULNERABLE,VULNERABLE,INSUFFICIENT_DATA,INSUFFICIENT_DATA,INSUFFICIENT_DATA,WATCH,VULNERABLE,RESILIENT,HIGH_RISK,AVOID,False,1
VDT,NORMAL_ENTERPRISE,READY,RESILIENT,WATCH,INSUFFICIENT_DATA,INSUFFICIENT_DATA,INSUFFICIENT_DATA,RESILIENT,INSUFFICIENT_DATA,RESILIENT,CLEAR,WAIT_FOR_MOS,False,0
VE1,NORMAL_ENTERPRISE,READY,VULNERABLE,VULNERABLE,INSUFFICIENT_DATA,INSUFFICIENT_DATA,INSUFFICIENT_DATA,WATCH,VULNERABLE,RESILIENT,HIGH_RISK,AVOID,False,3
VE3,NORMAL_ENTERPRISE,READY,VULNERABLE,VULNERABLE,INSUFFICIENT_DATA,INSUFFICIENT_DATA,INSUFFICIENT_DATA,WATCH,VULNERABLE,RESILIENT,HIGH_RISK,AVOID,False,4
VE4,NORMAL_ENTERPRISE,READY,VULNERABLE,VULNERABLE,INSUFFICIENT_DATA,INSUFFICIENT_DATA,INSUFFICIENT_DATA,WATCH,VULNERABLE,RESILIENT,HIGH_RISK,AVOID,False,4
VE8,NORMAL_ENTERPRISE,READY,VULNERABLE,VULNERABLE,INSUFFICIENT_DATA,INSUFFICIENT_DATA,INSUFFICIENT_DATA,WATCH,VULNERABLE,RESILIENT,HIGH_RISK,AVOID,False,3
VE9,NORMAL_ENTERPRISE,READY,VULNERABLE,VULNERABLE,INSUFFICIENT_DATA,INSUFFICIENT_DATA,INSUFFICIENT_DATA,WATCH,VULNERABLE,RESILIENT,HIGH_RISK,AVOID,False,3
VEA,NORMAL_ENTERPRISE,READY,VULNERABLE,RESILIENT,INSUFFICIENT_DATA,INSUFFICIENT_DATA,INSUFFICIENT_DATA,WATCH,VULNERABLE,RESILIENT,HIGH_RISK,AVOID,False,1
VEC,NORMAL_ENTERPRISE,READY,VULNERABLE,VULNERABLE,INSUFFICIENT_DATA,INSUFFICIENT_DATA,INSUFFICIENT_DATA,WATCH,VULNERABLE,RESILIENT,HIGH_RISK,AVOID,False,1
VEF,NORMAL_ENTERPRISE,READY,VULNERABLE,WATCH,INSUFFICIENT_DATA,INSUFFICIENT_DATA,INSUFFICIENT_DATA,WATCH,VULNERABLE,RESILIENT,HIGH_RISK,AVOID,False,2
VES,NORMAL_ENTERPRISE,READY,VULNERABLE,VULNERABLE,INSUFFICIENT_DATA,INSUFFICIENT_DATA,INSUFFICIENT_DATA,WATCH,VULNERABLE,RESILIENT,HIGH_RISK,AVOID,False,2
VET,NORMAL_ENTERPRISE,READY,VULNERABLE,RESILIENT,INSUFFICIENT_DATA,INSUFFICIENT_DATA,INSUFFICIENT_DATA,WATCH,VULNERABLE,RESILIENT,HIGH_RISK,AVOID,False,1
VFC,NORMAL_ENTERPRISE,READY,VULNERABLE,VULNERABLE,INSUFFICIENT_DATA,INSUFFICIENT_DATA,INSUFFICIENT_DATA,WATCH,VULNERABLE,RESILIENT,HIGH_RISK,AVOID,False,1
VFG,NORMAL_ENTERPRISE,READY,VULNERABLE,RESILIENT,INSUFFICIENT_DATA,INSUFFICIENT_DATA,INSUFFICIENT_DATA,WATCH,VULNERABLE,RESILIENT,HIGH_RISK,AVOID,False,1
VFR,NORMAL_ENTERPRISE,READY,VULNERABLE,VULNERABLE,INSUFFICIENT_DATA,INSUFFICIENT_DATA,INSUFFICIENT_DATA,WATCH,VULNERABLE,RESILIENT,HIGH_RISK,AVOID,False,3
VFS,NORMAL_ENTERPRISE,READY,VULNERABLE,VULNERABLE,INSUFFICIENT_DATA,INSUFFICIENT_DATA,INSUFFICIENT_DATA,WATCH,VULNERABLE,RESILIENT,HIGH_RISK,AVOID,False,3
VGC,NORMAL_ENTERPRISE,READY,WATCH,WATCH,INSUFFICIENT_DATA,INSUFFICIENT_DATA,INSUFFICIENT_DATA,RESILIENT,WATCH,RESILIENT,WATCH,WAIT_FOR_MOS,False,0
VGG,NORMAL_ENTERPRISE,READY,WATCH,RESILIENT,INSUFFICIENT_DATA,INSUFFICIENT_DATA,INSUFFICIENT_DATA,RESILIENT,WATCH,RESILIENT,WATCH,WAIT_FOR_MOS,False,0
VGI,NORMAL_ENTERPRISE,READY,VULNERABLE,VULNERABLE,INSUFFICIENT_DATA,INSUFFICIENT_DATA,INSUFFICIENT_DATA,WATCH,VULNERABLE,RESILIENT,HIGH_RISK,AVOID,False,2
VGL,NORMAL_ENTERPRISE,READY,RESILIENT,WATCH,INSUFFICIENT_DATA,INSUFFICIENT_DATA,INSUFFICIENT_DATA,RESILIENT,INSUFFICIENT_DATA,RESILIENT,CLEAR,WAIT_FOR_MOS,False,0
VGP,NORMAL_ENTERPRISE,READY,VULNERABLE,VULNERABLE,INSUFFICIENT_DATA,INSUFFICIENT_DATA,INSUFFICIENT_DATA,WATCH,VULNERABLE,RESILIENT,HIGH_RISK,AVOID,False,3
VGR,NORMAL_ENTERPRISE,READY,RESILIENT,RESILIENT,INSUFFICIENT_DATA,INSUFFICIENT_DATA,INSUFFICIENT_DATA,RESILIENT,INSUFFICIENT_DATA,RESILIENT,CLEAR,WAIT_FOR_MOS,False,0
VGS,NORMAL_ENTERPRISE,READY,VULNERABLE,WATCH,INSUFFICIENT_DATA,INSUFFICIENT_DATA,INSUFFICIENT_DATA,WATCH,VULNERABLE,RESILIENT,HIGH_RISK,AVOID,False,1
VGT,NORMAL_ENTERPRISE,READY,VULNERABLE,VULNERABLE,INSUFFICIENT_DATA,INSUFFICIENT_DATA,INSUFFICIENT_DATA,WATCH,VULNERABLE,RESILIENT,HIGH_RISK,AVOID,False,1
VGV,NORMAL_ENTERPRISE,READY,VULNERABLE,VULNERABLE,INSUFFICIENT_DATA,INSUFFICIENT_DATA,INSUFFICIENT_DATA,WATCH,VULNERABLE,RESILIENT,HIGH_RISK,AVOID,False,3
VHC,NORMAL_ENTERPRISE,READY,WATCH,RESILIENT,INSUFFICIENT_DATA,INSUFFICIENT_DATA,INSUFFICIENT_DATA,RESILIENT,WATCH,RESILIENT,WATCH,WAIT_FOR_MOS,False,0
VHD,NORMAL_ENTERPRISE,READY,VULNERABLE,VULNERABLE,INSUFFICIENT_DATA,INSUFFICIENT_DATA,INSUFFICIENT_DATA,WATCH,VULNERABLE,RESILIENT,HIGH_RISK,AVOID,False,3
VHE,NORMAL_ENTERPRISE,READY,VULNERABLE,VULNERABLE,INSUFFICIENT_DATA,INSUFFICIENT_DATA,INSUFFICIENT_DATA,WATCH,VULNERABLE,RESILIENT,HIGH_RISK,AVOID,False,2
VHF,NORMAL_ENTERPRISE,READY,VULNERABLE,VULNERABLE,INSUFFICIENT_DATA,INSUFFICIENT_DATA,INSUFFICIENT_DATA,WATCH,VULNERABLE,RESILIENT,HIGH_RISK,AVOID,False,3
VHG,NORMAL_ENTERPRISE,READY,VULNERABLE,VULNERABLE,INSUFFICIENT_DATA,INSUFFICIENT_DATA,INSUFFICIENT_DATA,WATCH,VULNERABLE,RESILIENT,HIGH_RISK,AVOID,False,3
VHH,NORMAL_ENTERPRISE,READY,VULNERABLE,VULNERABLE,INSUFFICIENT_DATA,INSUFFICIENT_DATA,INSUFFICIENT_DATA,WATCH,VULNERABLE,RESILIENT,HIGH_RISK,AVOID,False,4
VHL,NORMAL_ENTERPRISE,READY,VULNERABLE,WATCH,INSUFFICIENT_DATA,INSUFFICIENT_DATA,INSUFFICIENT_DATA,WATCH,VULNERABLE,RESILIENT,HIGH_RISK,AVOID,False,1
VHM,NORMAL_ENTERPRISE,READY,WATCH,RESILIENT,INSUFFICIENT_DATA,INSUFFICIENT_DATA,INSUFFICIENT_DATA,RESILIENT,WATCH,RESILIENT,WATCH,WAIT_FOR_MOS,False,0
VIB,BANK,READY,RESILIENT,RESILIENT,INSUFFICIENT_DATA,INSUFFICIENT_DATA,INSUFFICIENT_DATA,RESILIENT,INSUFFICIENT_DATA,RESILIENT,CLEAR,WAIT_FOR_MOS,False,0
VIC,NORMAL_ENTERPRISE,READY,VULNERABLE,VULNERABLE,INSUFFICIENT_DATA,INSUFFICIENT_DATA,INSUFFICIENT_DATA,WATCH,VULNERABLE,RESILIENT,HIGH_RISK,AVOID,False,3
VID,NORMAL_ENTERPRISE,READY,VULNERABLE,VULNERABLE,INSUFFICIENT_DATA,INSUFFICIENT_DATA,INSUFFICIENT_DATA,WATCH,VULNERABLE,RESILIENT,HIGH_RISK,AVOID,False,2
VIE,NORMAL_ENTERPRISE,READY,VULNERABLE,VULNERABLE,INSUFFICIENT_DATA,INSUFFICIENT_DATA,INSUFFICIENT_DATA,WATCH,VULNERABLE,RESILIENT,HIGH_RISK,AVOID,False,4
VIF,NORMAL_ENTERPRISE,READY,VULNERABLE,VULNERABLE,INSUFFICIENT_DATA,INSUFFICIENT_DATA,INSUFFICIENT_DATA,WATCH,VULNERABLE,RESILIENT,HIGH_RISK,AVOID,False,2
VIG,NORMAL_ENTERPRISE,READY,VULNERABLE,VULNERABLE,INSUFFICIENT_DATA,INSUFFICIENT_DATA,INSUFFICIENT_DATA,WATCH,VULNERABLE,RESILIENT,HIGH_RISK,AVOID,False,3
VIM,NORMAL_ENTERPRISE,READY,VULNERABLE,RESILIENT,INSUFFICIENT_DATA,INSUFFICIENT_DATA,INSUFFICIENT_DATA,WATCH,VULNERABLE,RESILIENT,HIGH_RISK,AVOID,False,1
VIN,NORMAL_ENTERPRISE,READY,VULNERABLE,WATCH,INSUFFICIENT_DATA,INSUFFICIENT_DATA,INSUFFICIENT_DATA,WATCH,VULNERABLE,RESILIENT,HIGH_RISK,AVOID,False,1
VIP,NORMAL_ENTERPRISE,READY,VULNERABLE,VULNERABLE,INSUFFICIENT_DATA,INSUFFICIENT_DATA,INSUFFICIENT_DATA,WATCH,VULNERABLE,RESILIENT,HIGH_RISK,AVOID,False,1
VIR,NORMAL_ENTERPRISE,READY,VULNERABLE,VULNERABLE,INSUFFICIENT_DATA,INSUFFICIENT_DATA,INSUFFICIENT_DATA,WATCH,VULNERABLE,RESILIENT,HIGH_RISK,AVOID,False,4
VIT,NORMAL_ENTERPRISE,READY,VULNERABLE,RESILIENT,INSUFFICIENT_DATA,INSUFFICIENT_DATA,INSUFFICIENT_DATA,WATCH,VULNERABLE,RESILIENT,HIGH_RISK,AVOID,False,2
VIW,NORMAL_ENTERPRISE,READY,VULNERABLE,VULNERABLE,INSUFFICIENT_DATA,INSUFFICIENT_DATA,INSUFFICIENT_DATA,WATCH,VULNERABLE,RESILIENT,HIGH_RISK,AVOID,False,3
VIX,SECURITIES,READY,RESILIENT,VULNERABLE,INSUFFICIENT_DATA,INSUFFICIENT_DATA,INSUFFICIENT_DATA,RESILIENT,WATCH,RESILIENT,WATCH,WAIT_FOR_MOS,False,0
VJC,NORMAL_ENTERPRISE,READY,VULNERABLE,VULNERABLE,INSUFFICIENT_DATA,INSUFFICIENT_DATA,INSUFFICIENT_DATA,WATCH,VULNERABLE,RESILIENT,HIGH_RISK,AVOID,False,3
VKC,NORMAL_ENTERPRISE,READY,VULNERABLE,VULNERABLE,INSUFFICIENT_DATA,INSUFFICIENT_DATA,INSUFFICIENT_DATA,WATCH,VULNERABLE,RESILIENT,HIGH_RISK,AVOID,False,3
VLA,NORMAL_ENTERPRISE,READY,VULNERABLE,VULNERABLE,INSUFFICIENT_DATA,INSUFFICIENT_DATA,INSUFFICIENT_DATA,WATCH,VULNERABLE,RESILIENT,HIGH_RISK,AVOID,False,3
VLB,NORMAL_ENTERPRISE,READY,RESILIENT,RESILIENT,INSUFFICIENT_DATA,INSUFFICIENT_DATA,INSUFFICIENT_DATA,RESILIENT,INSUFFICIENT_DATA,RESILIENT,CLEAR,WAIT_FOR_MOS,False,0
VLC,NORMAL_ENTERPRISE,READY,VULNERABLE,VULNERABLE,INSUFFICIENT_DATA,INSUFFICIENT_DATA,INSUFFICIENT_DATA,WATCH,VULNERABLE,RESILIENT,HIGH_RISK,AVOID,False,2
VLG,NORMAL_ENTERPRISE,READY,VULNERABLE,VULNERABLE,INSUFFICIENT_DATA,INSUFFICIENT_DATA,INSUFFICIENT_DATA,WATCH,VULNERABLE,RESILIENT,HIGH_RISK,AVOID,False,2
VLP,NORMAL_ENTERPRISE,READY,VULNERABLE,RESILIENT,INSUFFICIENT_DATA,INSUFFICIENT_DATA,INSUFFICIENT_DATA,WATCH,VULNERABLE,RESILIENT,HIGH_RISK,AVOID,False,1
VLS,NORMAL_ENTERPRISE,PARTIAL,VULNERABLE,VULNERABLE,INSUFFICIENT_DATA,INSUFFICIENT_DATA,INSUFFICIENT_DATA,WATCH,VULNERABLE,RESILIENT,HIGH_RISK,AVOID,False,4
VLW,NORMAL_ENTERPRISE,READY,RESILIENT,RESILIENT,INSUFFICIENT_DATA,INSUFFICIENT_DATA,INSUFFICIENT_DATA,RESILIENT,INSUFFICIENT_DATA,RESILIENT,CLEAR,WAIT_FOR_MOS,False,0
VMA,NORMAL_ENTERPRISE,READY,VULNERABLE,WATCH,INSUFFICIENT_DATA,INSUFFICIENT_DATA,INSUFFICIENT_DATA,WATCH,VULNERABLE,RESILIENT,HIGH_RISK,AVOID,False,1
VMC,NORMAL_ENTERPRISE,READY,VULNERABLE,VULNERABLE,INSUFFICIENT_DATA,INSUFFICIENT_DATA,INSUFFICIENT_DATA,WATCH,VULNERABLE,RESILIENT,HIGH_RISK,AVOID,False,3
VMD,NORMAL_ENTERPRISE,READY,VULNERABLE,VULNERABLE,INSUFFICIENT_DATA,INSUFFICIENT_DATA,INSUFFICIENT_DATA,WATCH,VULNERABLE,RESILIENT,HIGH_RISK,AVOID,False,2
VMG,NORMAL_ENTERPRISE,READY,VULNERABLE,VULNERABLE,INSUFFICIENT_DATA,INSUFFICIENT_DATA,INSUFFICIENT_DATA,WATCH,VULNERABLE,RESILIENT,HIGH_RISK,AVOID,False,3
VMK,NORMAL_ENTERPRISE,PARTIAL,VULNERABLE,VULNERABLE,INSUFFICIENT_DATA,INSUFFICIENT_DATA,INSUFFICIENT_DATA,WATCH,VULNERABLE,RESILIENT,HIGH_RISK,AVOID,False,1
VMS,NORMAL_ENTERPRISE,READY,VULNERABLE,VULNERABLE,INSUFFICIENT_DATA,INSUFFICIENT_DATA,INSUFFICIENT_DATA,WATCH,VULNERABLE,RESILIENT,HIGH_RISK,AVOID,False,1
VMT,NORMAL_ENTERPRISE,READY,VULNERABLE,WATCH,INSUFFICIENT_DATA,INSUFFICIENT_DATA,INSUFFICIENT_DATA,WATCH,VULNERABLE,RESILIENT,HIGH_RISK,AVOID,False,2
VNA,NORMAL_ENTERPRISE,READY,VULNERABLE,WATCH,INSUFFICIENT_DATA,INSUFFICIENT_DATA,INSUFFICIENT_DATA,WATCH,VULNERABLE,RESILIENT,HIGH_RISK,AVOID,False,1
VNB,NORMAL_ENTERPRISE,READY,VULNERABLE,VULNERABLE,INSUFFICIENT_DATA,INSUFFICIENT_DATA,INSUFFICIENT_DATA,WATCH,VULNERABLE,RESILIENT,HIGH_RISK,AVOID,False,2
VNC,NORMAL_ENTERPRISE,READY,WATCH,RESILIENT,INSUFFICIENT_DATA,INSUFFICIENT_DATA,INSUFFICIENT_DATA,RESILIENT,WATCH,RESILIENT,WATCH,WAIT_FOR_MOS,False,0
VND,SECURITIES,READY,RESILIENT,VULNERABLE,INSUFFICIENT_DATA,INSUFFICIENT_DATA,INSUFFICIENT_DATA,RESILIENT,WATCH,RESILIENT,WATCH,WAIT_FOR_MOS,False,0
VNE,NORMAL_ENTERPRISE,READY,VULNERABLE,VULNERABLE,INSUFFICIENT_DATA,INSUFFICIENT_DATA,INSUFFICIENT_DATA,WATCH,VULNERABLE,RESILIENT,HIGH_RISK,AVOID,False,4
VNF,NORMAL_ENTERPRISE,READY,VULNERABLE,WATCH,INSUFFICIENT_DATA,INSUFFICIENT_DATA,INSUFFICIENT_DATA,WATCH,VULNERABLE,RESILIENT,HIGH_RISK,AVOID,False,1
VNG,NORMAL_ENTERPRISE,READY,VULNERABLE,VULNERABLE,INSUFFICIENT_DATA,INSUFFICIENT_DATA,INSUFFICIENT_DATA,WATCH,VULNERABLE,RESILIENT,HIGH_RISK,AVOID,False,3
VNH,NORMAL_ENTERPRISE,READY,VULNERABLE,RESILIENT,INSUFFICIENT_DATA,INSUFFICIENT_DATA,INSUFFICIENT_DATA,WATCH,VULNERABLE,RESILIENT,HIGH_RISK,AVOID,False,2
VNI,NORMAL_ENTERPRISE,READY,VULNERABLE,VULNERABLE,INSUFFICIENT_DATA,INSUFFICIENT_DATA,INSUFFICIENT_DATA,WATCH,VULNERABLE,RESILIENT,HIGH_RISK,AVOID,False,3
VNL,NORMAL_ENTERPRISE,READY,VULNERABLE,WATCH,INSUFFICIENT_DATA,INSUFFICIENT_DATA,INSUFFICIENT_DATA,WATCH,VULNERABLE,RESILIENT,HIGH_RISK,AVOID,False,1
VNM,NORMAL_ENTERPRISE,READY,RESILIENT,RESILIENT,INSUFFICIENT_DATA,INSUFFICIENT_DATA,INSUFFICIENT_DATA,RESILIENT,INSUFFICIENT_DATA,RESILIENT,CLEAR,WAIT_FOR_MOS,False,0
VNP,NORMAL_ENTERPRISE,READY,VULNERABLE,VULNERABLE,INSUFFICIENT_DATA,INSUFFICIENT_DATA,INSUFFICIENT_DATA,WATCH,VULNERABLE,RESILIENT,HIGH_RISK,AVOID,False,4
VNR,NORMAL_ENTERPRISE,READY,VULNERABLE,WATCH,INSUFFICIENT_DATA,INSUFFICIENT_DATA,INSUFFICIENT_DATA,WATCH,VULNERABLE,RESILIENT,HIGH_RISK,AVOID,False,1
VNS,NORMAL_ENTERPRISE,READY,VULNERABLE,VULNERABLE,INSUFFICIENT_DATA,INSUFFICIENT_DATA,INSUFFICIENT_DATA,WATCH,VULNERABLE,RESILIENT,HIGH_RISK,AVOID,False,2
VNT,NORMAL_ENTERPRISE,READY,VULNERABLE,VULNERABLE,INSUFFICIENT_DATA,INSUFFICIENT_DATA,INSUFFICIENT_DATA,WATCH,VULNERABLE,RESILIENT,HIGH_RISK,AVOID,False,4
VNX,NORMAL_ENTERPRISE,READY,VULNERABLE,RESILIENT,INSUFFICIENT_DATA,INSUFFICIENT_DATA,INSUFFICIENT_DATA,WATCH,VULNERABLE,RESILIENT,HIGH_RISK,AVOID,False,1
VNY,NORMAL_ENTERPRISE,READY,VULNERABLE,VULNERABLE,INSUFFICIENT_DATA,INSUFFICIENT_DATA,INSUFFICIENT_DATA,WATCH,VULNERABLE,RESILIENT,HIGH_RISK,AVOID,False,2
VNZ,NORMAL_ENTERPRISE,READY,VULNERABLE,VULNERABLE,INSUFFICIENT_DATA,INSUFFICIENT_DATA,INSUFFICIENT_DATA,WATCH,VULNERABLE,RESILIENT,HIGH_RISK,AVOID,False,3
VOS,NORMAL_ENTERPRISE,READY,VULNERABLE,VULNERABLE,INSUFFICIENT_DATA,INSUFFICIENT_DATA,INSUFFICIENT_DATA,WATCH,VULNERABLE,RESILIENT,HIGH_RISK,AVOID,False,2
VPA,NORMAL_ENTERPRISE,READY,VULNERABLE,VULNERABLE,INSUFFICIENT_DATA,INSUFFICIENT_DATA,INSUFFICIENT_DATA,WATCH,VULNERABLE,RESILIENT,HIGH_RISK,AVOID,False,3
VPB,BANK,READY,RESILIENT,WATCH,INSUFFICIENT_DATA,INSUFFICIENT_DATA,INSUFFICIENT_DATA,RESILIENT,INSUFFICIENT_DATA,RESILIENT,CLEAR,WAIT_FOR_MOS,False,0
VPC,NORMAL_ENTERPRISE,READY,VULNERABLE,VULNERABLE,INSUFFICIENT_DATA,INSUFFICIENT_DATA,INSUFFICIENT_DATA,WATCH,VULNERABLE,RESILIENT,HIGH_RISK,AVOID,False,2
VPD,NORMAL_ENTERPRISE,READY,WATCH,WATCH,INSUFFICIENT_DATA,INSUFFICIENT_DATA,INSUFFICIENT_DATA,RESILIENT,WATCH,RESILIENT,WATCH,WAIT_FOR_MOS,False,0
VPG,NORMAL_ENTERPRISE,READY,VULNERABLE,VULNERABLE,INSUFFICIENT_DATA,INSUFFICIENT_DATA,INSUFFICIENT_DATA,WATCH,VULNERABLE,RESILIENT,HIGH_RISK,AVOID,False,3
VPH,NORMAL_ENTERPRISE,READY,VULNERABLE,VULNERABLE,INSUFFICIENT_DATA,INSUFFICIENT_DATA,INSUFFICIENT_DATA,WATCH,VULNERABLE,RESILIENT,HIGH_RISK,AVOID,False,3
VPI,NORMAL_ENTERPRISE,READY,VULNERABLE,WATCH,INSUFFICIENT_DATA,INSUFFICIENT_DATA,INSUFFICIENT_DATA,WATCH,VULNERABLE,RESILIENT,HIGH_RISK,AVOID,False,1
VPL,NORMAL_ENTERPRISE,READY,VULNERABLE,VULNERABLE,INSUFFICIENT_DATA,INSUFFICIENT_DATA,INSUFFICIENT_DATA,WATCH,VULNERABLE,RESILIENT,HIGH_RISK,AVOID,False,4
VPR,NORMAL_ENTERPRISE,READY,VULNERABLE,VULNERABLE,INSUFFICIENT_DATA,INSUFFICIENT_DATA,INSUFFICIENT_DATA,WATCH,VULNERABLE,RESILIENT,HIGH_RISK,AVOID,False,2
VPS,NORMAL_ENTERPRISE,READY,VULNERABLE,VULNERABLE,INSUFFICIENT_DATA,INSUFFICIENT_DATA,INSUFFICIENT_DATA,WATCH,VULNERABLE,RESILIENT,HIGH_RISK,AVOID,False,1
VPW,NORMAL_ENTERPRISE,READY,VULNERABLE,VULNERABLE,INSUFFICIENT_DATA,INSUFFICIENT_DATA,INSUFFICIENT_DATA,WATCH,VULNERABLE,RESILIENT,HIGH_RISK,AVOID,False,1
VPX,NORMAL_ENTERPRISE,READY,VULNERABLE,VULNERABLE,INSUFFICIENT_DATA,INSUFFICIENT_DATA,INSUFFICIENT_DATA,WATCH,VULNERABLE,RESILIENT,HIGH_RISK,AVOID,False,3
VQC,NORMAL_ENTERPRISE,READY,RESILIENT,WATCH,INSUFFICIENT_DATA,INSUFFICIENT_DATA,INSUFFICIENT_DATA,RESILIENT,INSUFFICIENT_DATA,RESILIENT,CLEAR,WAIT_FOR_MOS,False,0
VRC,NORMAL_ENTERPRISE,READY,VULNERABLE,VULNERABLE,INSUFFICIENT_DATA,INSUFFICIENT_DATA,INSUFFICIENT_DATA,WATCH,VULNERABLE,RESILIENT,HIGH_RISK,AVOID,False,3
VRE,NORMAL_ENTERPRISE,READY,VULNERABLE,VULNERABLE,INSUFFICIENT_DATA,INSUFFICIENT_DATA,INSUFFICIENT_DATA,WATCH,VULNERABLE,RESILIENT,HIGH_RISK,AVOID,False,1
VRG,NORMAL_ENTERPRISE,READY,VULNERABLE,VULNERABLE,INSUFFICIENT_DATA,INSUFFICIENT_DATA,INSUFFICIENT_DATA,WATCH,VULNERABLE,RESILIENT,HIGH_RISK,AVOID,False,3
VSA,NORMAL_ENTERPRISE,READY,VULNERABLE,WATCH,INSUFFICIENT_DATA,INSUFFICIENT_DATA,INSUFFICIENT_DATA,WATCH,VULNERABLE,RESILIENT,HIGH_RISK,AVOID,False,1
VSC,NORMAL_ENTERPRISE,READY,RESILIENT,WATCH,INSUFFICIENT_DATA,INSUFFICIENT_DATA,INSUFFICIENT_DATA,RESILIENT,INSUFFICIENT_DATA,RESILIENT,CLEAR,WAIT_FOR_MOS,False,0
VSE,NORMAL_ENTERPRISE,READY,VULNERABLE,VULNERABLE,INSUFFICIENT_DATA,INSUFFICIENT_DATA,INSUFFICIENT_DATA,WATCH,VULNERABLE,RESILIENT,HIGH_RISK,AVOID,False,2
VSF,NORMAL_ENTERPRISE,READY,VULNERABLE,VULNERABLE,INSUFFICIENT_DATA,INSUFFICIENT_DATA,INSUFFICIENT_DATA,WATCH,VULNERABLE,RESILIENT,HIGH_RISK,AVOID,False,4
VSG,NORMAL_ENTERPRISE,READY,VULNERABLE,WATCH,INSUFFICIENT_DATA,INSUFFICIENT_DATA,INSUFFICIENT_DATA,WATCH,VULNERABLE,RESILIENT,HIGH_RISK,AVOID,False,1
VSH,NORMAL_ENTERPRISE,READY,VULNERABLE,VULNERABLE,INSUFFICIENT_DATA,INSUFFICIENT_DATA,INSUFFICIENT_DATA,WATCH,VULNERABLE,RESILIENT,HIGH_RISK,AVOID,False,1
VSI,NORMAL_ENTERPRISE,READY,VULNERABLE,WATCH,INSUFFICIENT_DATA,INSUFFICIENT_DATA,INSUFFICIENT_DATA,WATCH,VULNERABLE,RESILIENT,HIGH_RISK,AVOID,False,1
VSM,NORMAL_ENTERPRISE,READY,WATCH,RESILIENT,INSUFFICIENT_DATA,INSUFFICIENT_DATA,INSUFFICIENT_DATA,RESILIENT,WATCH,RESILIENT,WATCH,WAIT_FOR_MOS,False,0
VSN,NORMAL_ENTERPRISE,READY,VULNERABLE,WATCH,INSUFFICIENT_DATA,INSUFFICIENT_DATA,INSUFFICIENT_DATA,WATCH,VULNERABLE,RESILIENT,HIGH_RISK,AVOID,False,1
VST,NORMAL_ENTERPRISE,READY,VULNERABLE,WATCH,INSUFFICIENT_DATA,INSUFFICIENT_DATA,INSUFFICIENT_DATA,WATCH,VULNERABLE,RESILIENT,HIGH_RISK,AVOID,False,1
VTA,NORMAL_ENTERPRISE,READY,VULNERABLE,VULNERABLE,INSUFFICIENT_DATA,INSUFFICIENT_DATA,INSUFFICIENT_DATA,WATCH,VULNERABLE,RESILIENT,HIGH_RISK,AVOID,False,2
VTB,NORMAL_ENTERPRISE,READY,VULNERABLE,VULNERABLE,INSUFFICIENT_DATA,INSUFFICIENT_DATA,INSUFFICIENT_DATA,WATCH,VULNERABLE,RESILIENT,HIGH_RISK,AVOID,False,1
VTC,NORMAL_ENTERPRISE,READY,VULNERABLE,WATCH,INSUFFICIENT_DATA,INSUFFICIENT_DATA,INSUFFICIENT_DATA,WATCH,VULNERABLE,RESILIENT,HIGH_RISK,AVOID,False,2
VTD,NORMAL_ENTERPRISE,READY,VULNERABLE,VULNERABLE,INSUFFICIENT_DATA,INSUFFICIENT_DATA,INSUFFICIENT_DATA,WATCH,VULNERABLE,RESILIENT,HIGH_RISK,AVOID,False,3
VTE,NORMAL_ENTERPRISE,READY,VULNERABLE,VULNERABLE,INSUFFICIENT_DATA,INSUFFICIENT_DATA,INSUFFICIENT_DATA,WATCH,VULNERABLE,RESILIENT,HIGH_RISK,AVOID,False,1
VTG,NORMAL_ENTERPRISE,READY,VULNERABLE,VULNERABLE,INSUFFICIENT_DATA,INSUFFICIENT_DATA,INSUFFICIENT_DATA,WATCH,VULNERABLE,RESILIENT,HIGH_RISK,AVOID,False,3
VTH,NORMAL_ENTERPRISE,READY,VULNERABLE,VULNERABLE,INSUFFICIENT_DATA,INSUFFICIENT_DATA,INSUFFICIENT_DATA,WATCH,VULNERABLE,RESILIENT,HIGH_RISK,AVOID,False,4
VTI,NORMAL_ENTERPRISE,READY,VULNERABLE,WATCH,INSUFFICIENT_DATA,INSUFFICIENT_DATA,INSUFFICIENT_DATA,WATCH,VULNERABLE,RESILIENT,HIGH_RISK,AVOID,False,1
VTJ,NORMAL_ENTERPRISE,READY,VULNERABLE,VULNERABLE,INSUFFICIENT_DATA,INSUFFICIENT_DATA,INSUFFICIENT_DATA,WATCH,VULNERABLE,RESILIENT,HIGH_RISK,AVOID,False,3
VTK,NORMAL_ENTERPRISE,READY,VULNERABLE,RESILIENT,INSUFFICIENT_DATA,INSUFFICIENT_DATA,INSUFFICIENT_DATA,WATCH,VULNERABLE,RESILIENT,HIGH_RISK,AVOID,False,1
VTM,NORMAL_ENTERPRISE,READY,VULNERABLE,WATCH,INSUFFICIENT_DATA,INSUFFICIENT_DATA,INSUFFICIENT_DATA,WATCH,VULNERABLE,RESILIENT,HIGH_RISK,AVOID,False,1
VTO,NORMAL_ENTERPRISE,READY,VULNERABLE,VULNERABLE,INSUFFICIENT_DATA,INSUFFICIENT_DATA,INSUFFICIENT_DATA,WATCH,VULNERABLE,RESILIENT,HIGH_RISK,AVOID,False,1
VTP,NORMAL_ENTERPRISE,READY,VULNERABLE,RESILIENT,INSUFFICIENT_DATA,INSUFFICIENT_DATA,INSUFFICIENT_DATA,WATCH,VULNERABLE,RESILIENT,HIGH_RISK,AVOID,False,1
VTQ,NORMAL_ENTERPRISE,READY,VULNERABLE,VULNERABLE,INSUFFICIENT_DATA,INSUFFICIENT_DATA,INSUFFICIENT_DATA,WATCH,VULNERABLE,RESILIENT,HIGH_RISK,AVOID,False,3
VTR,NORMAL_ENTERPRISE,READY,VULNERABLE,RESILIENT,INSUFFICIENT_DATA,INSUFFICIENT_DATA,INSUFFICIENT_DATA,WATCH,VULNERABLE,RESILIENT,HIGH_RISK,AVOID,False,3
VTV,NORMAL_ENTERPRISE,READY,VULNERABLE,VULNERABLE,INSUFFICIENT_DATA,INSUFFICIENT_DATA,INSUFFICIENT_DATA,WATCH,VULNERABLE,RESILIENT,HIGH_RISK,AVOID,False,2
VTX,NORMAL_ENTERPRISE,READY,VULNERABLE,VULNERABLE,INSUFFICIENT_DATA,INSUFFICIENT_DATA,INSUFFICIENT_DATA,WATCH,VULNERABLE,RESILIENT,HIGH_RISK,AVOID,False,4
VUA,NORMAL_ENTERPRISE,READY,VULNERABLE,VULNERABLE,INSUFFICIENT_DATA,INSUFFICIENT_DATA,INSUFFICIENT_DATA,WATCH,VULNERABLE,RESILIENT,HIGH_RISK,AVOID,False,3
VVN,NORMAL_ENTERPRISE,READY,VULNERABLE,RESILIENT,INSUFFICIENT_DATA,INSUFFICIENT_DATA,INSUFFICIENT_DATA,WATCH,VULNERABLE,RESILIENT,HIGH_RISK,AVOID,False,2
VVS,NORMAL_ENTERPRISE,READY,VULNERABLE,WATCH,INSUFFICIENT_DATA,INSUFFICIENT_DATA,INSUFFICIENT_DATA,WATCH,VULNERABLE,RESILIENT,HIGH_RISK,AVOID,False,1
VWS,NORMAL_ENTERPRISE,READY,VULNERABLE,VULNERABLE,INSUFFICIENT_DATA,INSUFFICIENT_DATA,INSUFFICIENT_DATA,WATCH,VULNERABLE,RESILIENT,HIGH_RISK,AVOID,False,3
VXB,NORMAL_ENTERPRISE,READY,VULNERABLE,VULNERABLE,INSUFFICIENT_DATA,INSUFFICIENT_DATA,INSUFFICIENT_DATA,WATCH,VULNERABLE,RESILIENT,HIGH_RISK,AVOID,False,3
VXP,NORMAL_ENTERPRISE,READY,VULNERABLE,WATCH,INSUFFICIENT_DATA,INSUFFICIENT_DATA,INSUFFICIENT_DATA,WATCH,VULNERABLE,RESILIENT,HIGH_RISK,AVOID,False,3
VXT,NORMAL_ENTERPRISE,READY,VULNERABLE,WATCH,INSUFFICIENT_DATA,INSUFFICIENT_DATA,INSUFFICIENT_DATA,WATCH,VULNERABLE,RESILIENT,HIGH_RISK,AVOID,False,1
WCS,NORMAL_ENTERPRISE,READY,WATCH,RESILIENT,INSUFFICIENT_DATA,INSUFFICIENT_DATA,INSUFFICIENT_DATA,RESILIENT,WATCH,RESILIENT,WATCH,WAIT_FOR_MOS,False,0
WSB,NORMAL_ENTERPRISE,READY,RESILIENT,RESILIENT,INSUFFICIENT_DATA,INSUFFICIENT_DATA,INSUFFICIENT_DATA,RESILIENT,INSUFFICIENT_DATA,RESILIENT,CLEAR,WAIT_FOR_MOS,False,0
WSS,NORMAL_ENTERPRISE,READY,VULNERABLE,VULNERABLE,INSUFFICIENT_DATA,INSUFFICIENT_DATA,INSUFFICIENT_DATA,WATCH,VULNERABLE,RESILIENT,HIGH_RISK,AVOID,False,3
WTC,NORMAL_ENTERPRISE,READY,VULNERABLE,RESILIENT,INSUFFICIENT_DATA,INSUFFICIENT_DATA,INSUFFICIENT_DATA,WATCH,VULNERABLE,RESILIENT,HIGH_RISK,AVOID,False,2
X20,NORMAL_ENTERPRISE,READY,VULNERABLE,VULNERABLE,INSUFFICIENT_DATA,INSUFFICIENT_DATA,INSUFFICIENT_DATA,WATCH,VULNERABLE,RESILIENT,HIGH_RISK,AVOID,False,2
X77,NORMAL_ENTERPRISE,INSUFFICIENT,VULNERABLE,WATCH,INSUFFICIENT_DATA,INSUFFICIENT_DATA,INSUFFICIENT_DATA,WATCH,VULNERABLE,RESILIENT,HIGH_RISK,AVOID,False,1
XDH,NORMAL_ENTERPRISE,READY,VULNERABLE,RESILIENT,INSUFFICIENT_DATA,INSUFFICIENT_DATA,INSUFFICIENT_DATA,WATCH,VULNERABLE,RESILIENT,HIGH_RISK,AVOID,False,1
XHC,NORMAL_ENTERPRISE,READY,VULNERABLE,RESILIENT,INSUFFICIENT_DATA,INSUFFICIENT_DATA,INSUFFICIENT_DATA,WATCH,VULNERABLE,RESILIENT,HIGH_RISK,AVOID,False,1
XLV,NORMAL_ENTERPRISE,READY,VULNERABLE,WATCH,INSUFFICIENT_DATA,INSUFFICIENT_DATA,INSUFFICIENT_DATA,WATCH,VULNERABLE,RESILIENT,HIGH_RISK,AVOID,False,2
XMC,NORMAL_ENTERPRISE,READY,VULNERABLE,WATCH,INSUFFICIENT_DATA,INSUFFICIENT_DATA,INSUFFICIENT_DATA,WATCH,VULNERABLE,RESILIENT,HIGH_RISK,AVOID,False,1
XMD,NORMAL_ENTERPRISE,READY,VULNERABLE,VULNERABLE,INSUFFICIENT_DATA,INSUFFICIENT_DATA,INSUFFICIENT_DATA,WATCH,VULNERABLE,RESILIENT,HIGH_RISK,AVOID,False,4
XMP,NORMAL_ENTERPRISE,READY,RESILIENT,WATCH,INSUFFICIENT_DATA,INSUFFICIENT_DATA,INSUFFICIENT_DATA,RESILIENT,INSUFFICIENT_DATA,RESILIENT,CLEAR,WAIT_FOR_MOS,False,0
XPH,NORMAL_ENTERPRISE,READY,VULNERABLE,VULNERABLE,INSUFFICIENT_DATA,INSUFFICIENT_DATA,INSUFFICIENT_DATA,WATCH,VULNERABLE,RESILIENT,HIGH_RISK,AVOID,False,2
YBC,NORMAL_ENTERPRISE,READY,VULNERABLE,VULNERABLE,INSUFFICIENT_DATA,INSUFFICIENT_DATA,INSUFFICIENT_DATA,WATCH,VULNERABLE,RESILIENT,HIGH_RISK,AVOID,False,2
YBM,NORMAL_ENTERPRISE,READY,VULNERABLE,VULNERABLE,INSUFFICIENT_DATA,INSUFFICIENT_DATA,INSUFFICIENT_DATA,WATCH,VULNERABLE,RESILIENT,HIGH_RISK,AVOID,False,3
YEG,NORMAL_ENTERPRISE,READY,VULNERABLE,VULNERABLE,INSUFFICIENT_DATA,INSUFFICIENT_DATA,INSUFFICIENT_DATA,WATCH,VULNERABLE,RESILIENT,HIGH_RISK,AVOID,False,3
YTC,NORMAL_ENTERPRISE,READY,VULNERABLE,RESILIENT,INSUFFICIENT_DATA,INSUFFICIENT_DATA,INSUFFICIENT_DATA,WATCH,VULNERABLE,RESILIENT,HIGH_RISK,AVOID,False,1
