symbol,archetype,history_start,history_end,history_years,data_readiness,financial_quality,earnings_quality,cash_flow_quality,balance_sheet,debt_liquidity,capital_efficiency,capital_allocation,dilution,accounting_consistency,forensic_findings_count,critical_findings,high_findings,medium_findings,deterioration_classification,value_trap,compounder_classification,valuation_status,base_iv,actual_mos,required_mos,mos_gate,final_decision,decision_reason
AAA,NORMAL_ENTERPRISE,2011,2025,15,READY,UNKNOWN,PASS,PASS,UNKNOWN,PASS,FAIL,PASS,UNKNOWN,PASS,1,0,1,0,NO_DETERIORATION,HIGH_RISK,WEAK_BUSINESS,READY,10314.01370569937,30.48,50.0,FAIL,AVOID,Phát hiện rủi ro tài chính nghiêm trọng (WEAK_PROFITABILITY_ROE).
AAH,NORMAL_ENTERPRISE,2020,2025,6,READY,UNKNOWN,PASS,PASS,UNKNOWN,PASS,FAIL,WATCH,UNKNOWN,PASS,2,0,2,0,NO_DETERIORATION,HIGH_RISK,WEAK_BUSINESS,READY,380.9263134189782,-398.78,35.0,FAIL,AVOID,"Phát hiện rủi ro tài chính nghiêm trọng (WEAK_PROFITABILITY_ROE, UNSTABLE_EARNINGS_HISTORY)."
AAM,NORMAL_ENTERPRISE,2016,2025,10,READY,UNKNOWN,FAIL,FAIL,UNKNOWN,PASS,FAIL,WATCH,UNKNOWN,PASS,3,0,3,0,POSSIBLY_STRUCTURAL,HIGH_RISK,DETERIORATING_BUSINESS,READY,8948.867912507174,16.19,50.0,FAIL,AVOID,"Phát hiện rủi ro tài chính nghiêm trọng (PROFIT_CASH_DIVERGENCE, WEAK_PROFITABILITY_ROE, UNSTABLE_EARNINGS_HISTORY)."
AAN,NORMAL_ENTERPRISE,2023,2025,3,PARTIAL,UNKNOWN,FAIL,FAIL,UNKNOWN,PASS,FAIL,PASS,UNKNOWN,PASS,3,0,2,1,POSSIBLY_STRUCTURAL,HIGH_RISK,DETERIORATING_BUSINESS,READY,5129.740756843064,-208.98,50.0,FAIL,AVOID,"Phát hiện rủi ro tài chính nghiêm trọng (PROFIT_CASH_DIVERGENCE, WEAK_PROFITABILITY_ROE)."
AAS,NORMAL_ENTERPRISE,2011,2025,15,READY,UNKNOWN,FAIL,FAIL,UNKNOWN,PASS,FAIL,PASS,UNKNOWN,PASS,2,0,2,0,POSSIBLY_STRUCTURAL,HIGH_RISK,DETERIORATING_BUSINESS,READY,42645.125250385296,79.6,40.0,PASS,AVOID,"Phát hiện rủi ro tài chính nghiêm trọng (PROFIT_CASH_DIVERGENCE, WEAK_PROFITABILITY_ROE)."
AAT,NORMAL_ENTERPRISE,2016,2025,10,READY,UNKNOWN,FAIL,FAIL,UNKNOWN,WATCH,FAIL,WATCH,UNKNOWN,PASS,3,0,3,0,POSSIBLY_STRUCTURAL,HIGH_RISK,DETERIORATING_BUSINESS,READY,1737.5792880964827,-26.61,45.0,FAIL,AVOID,"Phát hiện rủi ro tài chính nghiêm trọng (PROFIT_CASH_DIVERGENCE, WEAK_PROFITABILITY_ROE, UNSTABLE_EARNINGS_HISTORY)."
AAV,NORMAL_ENTERPRISE,2014,2025,12,READY,UNKNOWN,FAIL,FAIL,UNKNOWN,PASS,FAIL,WATCH,UNKNOWN,PASS,3,0,3,0,POSSIBLY_STRUCTURAL,HIGH_RISK,DETERIORATING_BUSINESS,INCOMPLETE,,,0.0,UNKNOWN,AVOID,"Phát hiện rủi ro tài chính nghiêm trọng (PROFIT_CASH_DIVERGENCE, WEAK_PROFITABILITY_ROE, UNSTABLE_EARNINGS_HISTORY)."
ABB,BANK,2011,2025,15,READY,UNKNOWN,NOT_APPLICABLE,NOT_APPLICABLE,UNKNOWN,PASS,FAIL,PASS,UNKNOWN,PASS,1,0,1,0,NO_DETERIORATION,HIGH_RISK,WEAK_BUSINESS,READY,23975.385114474262,28.26,40.0,FAIL,AVOID,Phát hiện rủi ro tài chính nghiêm trọng (WEAK_BANK_ROE).
ABC,NORMAL_ENTERPRISE,2016,2025,10,READY,UNKNOWN,FAIL,FAIL,UNKNOWN,PASS,FAIL,WATCH,UNKNOWN,PASS,3,0,3,0,POSSIBLY_STRUCTURAL,HIGH_RISK,DETERIORATING_BUSINESS,READY,32056.455039526132,68.81,35.0,PASS,AVOID,"Phát hiện rủi ro tài chính nghiêm trọng (PROFIT_CASH_DIVERGENCE, WEAK_PROFITABILITY_ROE, UNSTABLE_EARNINGS_HISTORY)."
ABI,NORMAL_ENTERPRISE,2016,2025,10,READY,UNKNOWN,PASS,PASS,UNKNOWN,FAIL,PASS,PASS,UNKNOWN,PASS,2,0,1,1,POSSIBLY_STRUCTURAL,HIGH_RISK,DETERIORATING_BUSINESS,READY,27995.546711480838,31.77,50.0,FAIL,AVOID,Phát hiện rủi ro tài chính nghiêm trọng (EXCESSIVE_DEBT_LEVERAGE).
ABR,NORMAL_ENTERPRISE,2016,2025,10,READY,UNKNOWN,FAIL,FAIL,UNKNOWN,PASS,FAIL,PASS,UNKNOWN,PASS,3,0,2,1,POSSIBLY_STRUCTURAL,HIGH_RISK,DETERIORATING_BUSINESS,READY,7122.246050366004,-48.83,30.0,FAIL,AVOID,"Phát hiện rủi ro tài chính nghiêm trọng (PROFIT_CASH_DIVERGENCE, WEAK_PROFITABILITY_ROE)."
ABS,NORMAL_ENTERPRISE,2016,2025,10,READY,UNKNOWN,FAIL,FAIL,UNKNOWN,PASS,FAIL,WATCH,UNKNOWN,PASS,2,0,2,0,POSSIBLY_STRUCTURAL,HIGH_RISK,DETERIORATING_BUSINESS,INCOMPLETE,,,0.0,UNKNOWN,AVOID,"Phát hiện rủi ro tài chính nghiêm trọng (PROFIT_CASH_DIVERGENCE, WEAK_PROFITABILITY_ROE)."
ABT,NORMAL_ENTERPRISE,2016,2025,10,READY,UNKNOWN,PASS,PASS,UNKNOWN,PASS,WATCH,PASS,UNKNOWN,PASS,0,0,0,0,NO_DETERIORATION,CLEAR,AVERAGE_BUSINESS,READY,52061.84646880908,3.768299823911261,50.0,FAIL,WAIT_FOR_MOS,Doanh nghiệp có chất lượng tốt (AVERAGE_BUSINESS) nhưng mức giá hiện tại (MOS 3.8%) chưa đạt Biên an toàn yêu cầu (50.0%).
ABW,NORMAL_ENTERPRISE,2011,2025,15,READY,UNKNOWN,FAIL,FAIL,UNKNOWN,FAIL,FAIL,PASS,UNKNOWN,PASS,3,0,3,0,POSSIBLY_STRUCTURAL,HIGH_RISK,DETERIORATING_BUSINESS,READY,19839.496481578546,29.94,40.0,FAIL,AVOID,"Phát hiện rủi ro tài chính nghiêm trọng (PROFIT_CASH_DIVERGENCE, WEAK_PROFITABILITY_ROE, EXCESSIVE_DEBT_LEVERAGE)."
ACB,BANK,2011,2025,15,READY,UNKNOWN,NOT_APPLICABLE,NOT_APPLICABLE,UNKNOWN,PASS,PASS,PASS,UNKNOWN,PASS,0,0,0,0,NO_DETERIORATION,CLEAR,AVERAGE_BUSINESS,READY,27055.988624685167,18.502331199673247,25.0,FAIL,WAIT_FOR_MOS,Doanh nghiệp có chất lượng tốt (AVERAGE_BUSINESS) nhưng mức giá hiện tại (MOS 18.5%) chưa đạt Biên an toàn yêu cầu (25.0%).
ACC,NORMAL_ENTERPRISE,2011,2025,15,READY,UNKNOWN,FAIL,FAIL,UNKNOWN,PASS,WATCH,WATCH,UNKNOWN,WATCH,3,0,2,1,POSSIBLY_STRUCTURAL,HIGH_RISK,DETERIORATING_BUSINESS,READY,5135.247843410986,15.88,50.0,FAIL,AVOID,"Phát hiện rủi ro tài chính nghiêm trọng (PROFIT_CASH_DIVERGENCE, INVENTORY_BUILDUP)."
ACE,NORMAL_ENTERPRISE,2016,2025,10,READY,UNKNOWN,FAIL,FAIL,UNKNOWN,WATCH,PASS,WATCH,UNKNOWN,PASS,1,0,1,0,POSSIBLY_STRUCTURAL,HIGH_RISK,DETERIORATING_BUSINESS,READY,4177.27041077185,-709.14,50.0,FAIL,AVOID,Phát hiện rủi ro tài chính nghiêm trọng (PROFIT_CASH_DIVERGENCE).
ACG,NORMAL_ENTERPRISE,2018,2025,7,READY,UNKNOWN,WATCH,WATCH,UNKNOWN,PASS,WATCH,PASS,UNKNOWN,PASS,2,0,0,2,POSSIBLY_CYCLICAL,WATCH,AVERAGE_BUSINESS,READY,25394.25338494801,-27.19,40.0,FAIL,WAIT_FOR_MOS,Doanh nghiệp có chất lượng tốt (AVERAGE_BUSINESS) nhưng mức giá hiện tại (MOS -27.2%) chưa đạt Biên an toàn yêu cầu (40.0%).
ACL,NORMAL_ENTERPRISE,2016,2025,10,READY,UNKNOWN,WATCH,WATCH,UNKNOWN,WATCH,FAIL,WATCH,UNKNOWN,PASS,3,0,1,2,POSSIBLY_CYCLICAL,HIGH_RISK,WEAK_BUSINESS,READY,11002.26886831167,-1.8,50.0,FAIL,AVOID,Phát hiện rủi ro tài chính nghiêm trọng (WEAK_PROFITABILITY_ROE).
ACM,NORMAL_ENTERPRISE,2016,2025,10,READY,UNKNOWN,FAIL,FAIL,UNKNOWN,PASS,FAIL,WATCH,UNKNOWN,PASS,3,0,3,0,POSSIBLY_STRUCTURAL,HIGH_RISK,DETERIORATING_BUSINESS,INCOMPLETE,,,0.0,UNKNOWN,AVOID,"Phát hiện rủi ro tài chính nghiêm trọng (PROFIT_CASH_DIVERGENCE, WEAK_PROFITABILITY_ROE, UNSTABLE_EARNINGS_HISTORY)."
ACS,NORMAL_ENTERPRISE,2016,2024,8,READY,UNKNOWN,FAIL,FAIL,UNKNOWN,FAIL,FAIL,WATCH,UNKNOWN,PASS,4,0,4,0,POSSIBLY_STRUCTURAL,HIGH_RISK,DETERIORATING_BUSINESS,READY,6474.769136696367,44.4,50.0,FAIL,AVOID,"Phát hiện rủi ro tài chính nghiêm trọng (PROFIT_CASH_DIVERGENCE, WEAK_PROFITABILITY_ROE, UNSTABLE_EARNINGS_HISTORY, EXCESSIVE_DEBT_LEVERAGE)."
ACV,NORMAL_ENTERPRISE,2011,2025,15,READY,UNKNOWN,PASS,PASS,UNKNOWN,PASS,WATCH,PASS,UNKNOWN,PASS,0,0,0,0,NO_DETERIORATION,CLEAR,AVERAGE_BUSINESS,READY,7058.280780940391,-453.96,30.0,FAIL,WAIT_FOR_MOS,Doanh nghiệp có chất lượng tốt (AVERAGE_BUSINESS) nhưng mức giá hiện tại (MOS -454.0%) chưa đạt Biên an toàn yêu cầu (30.0%).
ADC,NORMAL_ENTERPRISE,2016,2025,10,READY,UNKNOWN,WATCH,WATCH,UNKNOWN,WATCH,PASS,PASS,UNKNOWN,PASS,1,0,0,1,POSSIBLY_CYCLICAL,WATCH,AVERAGE_BUSINESS,READY,20549.57548905177,20.19,30.0,FAIL,WAIT_FOR_MOS,Doanh nghiệp có chất lượng tốt (AVERAGE_BUSINESS) nhưng mức giá hiện tại (MOS 20.2%) chưa đạt Biên an toàn yêu cầu (30.0%).
ADG,NORMAL_ENTERPRISE,2017,2025,9,READY,UNKNOWN,WATCH,WATCH,UNKNOWN,PASS,PASS,WATCH,UNKNOWN,PASS,2,0,0,2,POSSIBLY_CYCLICAL,WATCH,AVERAGE_BUSINESS,READY,9681.89777449924,13.34,46.0,FAIL,WAIT_FOR_MOS,Doanh nghiệp có chất lượng tốt (AVERAGE_BUSINESS) nhưng mức giá hiện tại (MOS 13.3%) chưa đạt Biên an toàn yêu cầu (46.0%).
ADP,NORMAL_ENTERPRISE,2016,2025,10,READY,UNKNOWN,PASS,PASS,UNKNOWN,PASS,PASS,WATCH,UNKNOWN,PASS,0,0,0,0,NO_DETERIORATION,CLEAR,AVERAGE_BUSINESS,READY,33664.44171940832,29.3022584530824,50.0,FAIL,WAIT_FOR_MOS,Doanh nghiệp có chất lượng tốt (AVERAGE_BUSINESS) nhưng mức giá hiện tại (MOS 29.3%) chưa đạt Biên an toàn yêu cầu (50.0%).
ADS,NORMAL_ENTERPRISE,2010,2025,15,READY,UNKNOWN,FAIL,FAIL,UNKNOWN,WATCH,WATCH,PASS,UNKNOWN,PASS,1,0,1,0,POSSIBLY_STRUCTURAL,HIGH_RISK,DETERIORATING_BUSINESS,READY,9336.470446366,13.89,45.0,FAIL,AVOID,Phát hiện rủi ro tài chính nghiêm trọng (PROFIT_CASH_DIVERGENCE).
AFX,NORMAL_ENTERPRISE,2011,2025,15,READY,UNKNOWN,FAIL,FAIL,UNKNOWN,WATCH,FAIL,WATCH,UNKNOWN,PASS,2,0,2,0,POSSIBLY_STRUCTURAL,HIGH_RISK,DETERIORATING_BUSINESS,READY,19679.867973948854,49.69,30.0,PASS,AVOID,"Phát hiện rủi ro tài chính nghiêm trọng (PROFIT_CASH_DIVERGENCE, WEAK_PROFITABILITY_ROE)."
AG1,NORMAL_ENTERPRISE,2016,2016,1,INSUFFICIENT,UNKNOWN,UNKNOWN,UNKNOWN,UNKNOWN,FAIL,FAIL,WATCH,UNKNOWN,PASS,2,0,2,0,POSSIBLY_STRUCTURAL,HIGH_RISK,INSUFFICIENT_DATA,READY,5491.539387790056,-111.23,35.0,FAIL,AVOID,"Phát hiện rủi ro tài chính nghiêm trọng (WEAK_PROFITABILITY_ROE, EXCESSIVE_DEBT_LEVERAGE)."
AGF,NORMAL_ENTERPRISE,2016,2025,10,READY,UNKNOWN,PASS,PASS,UNKNOWN,PASS,FAIL,WATCH,UNKNOWN,PASS,2,0,2,0,NO_DETERIORATION,HIGH_RISK,WEAK_BUSINESS,READY,22949.05605682177,91.72,45.0,PASS,AVOID,"Phát hiện rủi ro tài chính nghiêm trọng (WEAK_PROFITABILITY_ROE, UNSTABLE_EARNINGS_HISTORY)."
AGG,NORMAL_ENTERPRISE,2016,2025,10,READY,UNKNOWN,FAIL,FAIL,UNKNOWN,PASS,PASS,PASS,UNKNOWN,PASS,2,0,1,1,POSSIBLY_STRUCTURAL,HIGH_RISK,DETERIORATING_BUSINESS,READY,59641.24032359661,82.73,50.0,PASS,AVOID,Phát hiện rủi ro tài chính nghiêm trọng (PROFIT_CASH_DIVERGENCE).
AGM,NORMAL_ENTERPRISE,2016,2025,10,READY,UNKNOWN,FAIL,FAIL,UNKNOWN,PASS,FAIL,WATCH,UNKNOWN,PASS,3,0,3,0,POSSIBLY_STRUCTURAL,HIGH_RISK,DETERIORATING_BUSINESS,INCOMPLETE,,,0.0,UNKNOWN,AVOID,"Phát hiện rủi ro tài chính nghiêm trọng (PROFIT_CASH_DIVERGENCE, WEAK_PROFITABILITY_ROE, UNSTABLE_EARNINGS_HISTORY)."
AGP,NORMAL_ENTERPRISE,2016,2025,10,READY,UNKNOWN,FAIL,FAIL,UNKNOWN,FAIL,WATCH,PASS,UNKNOWN,PASS,3,0,2,1,POSSIBLY_STRUCTURAL,HIGH_RISK,DETERIORATING_BUSINESS,READY,72540.63636565242,62.37,46.0,PASS,AVOID,"Phát hiện rủi ro tài chính nghiêm trọng (PROFIT_CASH_DIVERGENCE, EXCESSIVE_DEBT_LEVERAGE)."
AGR,SECURITIES,2011,2025,15,READY,UNKNOWN,NOT_APPLICABLE,NOT_APPLICABLE,UNKNOWN,PASS,FAIL,WATCH,UNKNOWN,PASS,1,0,1,0,NO_DETERIORATION,HIGH_RISK,WEAK_BUSINESS,READY,12518.049411574522,-1.05,45.0,FAIL,AVOID,Phát hiện rủi ro tài chính nghiêm trọng (WEAK_SECURITIES_ROE).
AGX,NORMAL_ENTERPRISE,2016,2025,10,READY,UNKNOWN,WATCH,WATCH,UNKNOWN,PASS,PASS,PASS,UNKNOWN,PASS,1,0,0,1,POSSIBLY_CYCLICAL,WATCH,COMPOUNDER,READY,908473.6148700771,85.37,35.0,PASS,BUY,Doanh nghiệp đạt chuẩn chất lượng BCTC và mức giá hiện tại (MOS 85.4%) đạt/vượt Biên an toàn yêu cầu (35.0%).
AIC,NORMAL_ENTERPRISE,2016,2025,8,READY,UNKNOWN,PASS,PASS,UNKNOWN,FAIL,FAIL,WATCH,UNKNOWN,PASS,2,0,2,0,POSSIBLY_STRUCTURAL,HIGH_RISK,DETERIORATING_BUSINESS,READY,74371.54226209222,88.3,50.0,PASS,AVOID,"Phát hiện rủi ro tài chính nghiêm trọng (WEAK_PROFITABILITY_ROE, EXCESSIVE_DEBT_LEVERAGE)."
AIG,NORMAL_ENTERPRISE,2018,2025,8,READY,UNKNOWN,FAIL,FAIL,UNKNOWN,PASS,WATCH,PASS,UNKNOWN,PASS,1,0,1,0,POSSIBLY_STRUCTURAL,HIGH_RISK,DETERIORATING_BUSINESS,READY,29046.018696134706,-69.73,41.0,FAIL,AVOID,Phát hiện rủi ro tài chính nghiêm trọng (PROFIT_CASH_DIVERGENCE).
ALC,NORMAL_ENTERPRISE,2025,2025,1,INSUFFICIENT,UNKNOWN,UNKNOWN,UNKNOWN,UNKNOWN,PASS,PASS,WATCH,UNKNOWN,PASS,0,0,0,0,NO_DETERIORATION,CLEAR,INSUFFICIENT_DATA,READY,86233.67998642144,76.34,35.0,PASS,REVIEW_BUSINESS,Chưa đủ dữ liệu tài chính lịch sử (dưới 3-5 năm) để hoàn thành đánh giá BCTC.
ALT,NORMAL_ENTERPRISE,2016,2025,10,READY,UNKNOWN,PASS,PASS,UNKNOWN,PASS,FAIL,PASS,UNKNOWN,PASS,1,0,1,0,NO_DETERIORATION,HIGH_RISK,WEAK_BUSINESS,READY,31517.28443958691,61.93,50.0,PASS,AVOID,Phát hiện rủi ro tài chính nghiêm trọng (WEAK_PROFITABILITY_ROE).
ALV,NORMAL_ENTERPRISE,2016,2025,9,READY,UNKNOWN,FAIL,FAIL,UNKNOWN,PASS,FAIL,PASS,UNKNOWN,PASS,3,0,2,1,POSSIBLY_STRUCTURAL,HIGH_RISK,DETERIORATING_BUSINESS,READY,20886.229224703748,68.4,40.0,PASS,AVOID,"Phát hiện rủi ro tài chính nghiêm trọng (PROFIT_CASH_DIVERGENCE, WEAK_PROFITABILITY_ROE)."
AMC,NORMAL_ENTERPRISE,2016,2025,10,READY,UNKNOWN,PASS,PASS,UNKNOWN,WATCH,PASS,WATCH,UNKNOWN,PASS,0,0,0,0,NO_DETERIORATION,CLEAR,AVERAGE_BUSINESS,READY,18929.55760894619,28.15,50.0,FAIL,WAIT_FOR_MOS,Doanh nghiệp có chất lượng tốt (AVERAGE_BUSINESS) nhưng mức giá hiện tại (MOS 28.1%) chưa đạt Biên an toàn yêu cầu (50.0%).
AME,NORMAL_ENTERPRISE,2016,2025,10,READY,UNKNOWN,FAIL,FAIL,UNKNOWN,FAIL,FAIL,PASS,UNKNOWN,PASS,4,0,3,1,POSSIBLY_STRUCTURAL,HIGH_RISK,DETERIORATING_BUSINESS,READY,4747.516144282726,-43.23,45.0,FAIL,AVOID,"Phát hiện rủi ro tài chính nghiêm trọng (PROFIT_CASH_DIVERGENCE, WEAK_PROFITABILITY_ROE, EXCESSIVE_DEBT_LEVERAGE)."
AMP,NORMAL_ENTERPRISE,2016,2025,10,READY,UNKNOWN,FAIL,FAIL,UNKNOWN,FAIL,FAIL,WATCH,UNKNOWN,PASS,3,0,3,0,POSSIBLY_STRUCTURAL,HIGH_RISK,DETERIORATING_BUSINESS,READY,2490.295821806295,-422.03,40.0,FAIL,AVOID,"Phát hiện rủi ro tài chính nghiêm trọng (PROFIT_CASH_DIVERGENCE, WEAK_PROFITABILITY_ROE, EXCESSIVE_DEBT_LEVERAGE)."
AMS,NORMAL_ENTERPRISE,2011,2025,15,READY,UNKNOWN,FAIL,FAIL,UNKNOWN,FAIL,FAIL,PASS,UNKNOWN,PASS,3,0,3,0,POSSIBLY_STRUCTURAL,HIGH_RISK,DETERIORATING_BUSINESS,READY,49281.61716326534,84.98,46.0,PASS,AVOID,"Phát hiện rủi ro tài chính nghiêm trọng (PROFIT_CASH_DIVERGENCE, WEAK_PROFITABILITY_ROE, EXCESSIVE_DEBT_LEVERAGE)."
AMV,NORMAL_ENTERPRISE,2011,2025,15,READY,UNKNOWN,FAIL,FAIL,UNKNOWN,PASS,FAIL,WATCH,UNKNOWN,PASS,3,0,3,0,POSSIBLY_STRUCTURAL,HIGH_RISK,DETERIORATING_BUSINESS,READY,36843.4612965331,97.29,40.0,PASS,AVOID,"Phát hiện rủi ro tài chính nghiêm trọng (PROFIT_CASH_DIVERGENCE, WEAK_PROFITABILITY_ROE, UNSTABLE_EARNINGS_HISTORY)."
ANI,NORMAL_ENTERPRISE,2020,2025,6,READY,UNKNOWN,FAIL,FAIL,UNKNOWN,FAIL,PASS,PASS,UNKNOWN,PASS,2,0,2,0,POSSIBLY_STRUCTURAL,HIGH_RISK,DETERIORATING_BUSINESS,READY,105502.28665431269,55.45,35.0,PASS,AVOID,"Phát hiện rủi ro tài chính nghiêm trọng (PROFIT_CASH_DIVERGENCE, EXCESSIVE_DEBT_LEVERAGE)."
ANT,NORMAL_ENTERPRISE,2011,2025,15,READY,UNKNOWN,FAIL,FAIL,UNKNOWN,FAIL,WATCH,PASS,UNKNOWN,PASS,2,0,2,0,POSSIBLY_STRUCTURAL,HIGH_RISK,DETERIORATING_BUSINESS,READY,215077.28153959697,91.63091523607244,33.0,PASS,AVOID,"Phát hiện rủi ro tài chính nghiêm trọng (PROFIT_CASH_DIVERGENCE, EXCESSIVE_DEBT_LEVERAGE)."
ANV,NORMAL_ENTERPRISE,2011,2025,15,READY,UNKNOWN,WATCH,WATCH,UNKNOWN,PASS,FAIL,PASS,UNKNOWN,WATCH,3,0,1,2,POSSIBLY_CYCLICAL,HIGH_RISK,WEAK_BUSINESS,READY,11021.472452599579,-42.0,50.0,FAIL,AVOID,Phát hiện rủi ro tài chính nghiêm trọng (WEAK_PROFITABILITY_ROE).
APC,NORMAL_ENTERPRISE,2016,2025,10,READY,UNKNOWN,WATCH,WATCH,UNKNOWN,PASS,FAIL,WATCH,UNKNOWN,PASS,3,0,2,1,POSSIBLY_CYCLICAL,HIGH_RISK,WEAK_BUSINESS,READY,32644.86088272069,82.85,46.0,PASS,AVOID,"Phát hiện rủi ro tài chính nghiêm trọng (WEAK_PROFITABILITY_ROE, UNSTABLE_EARNINGS_HISTORY)."
APF,NORMAL_ENTERPRISE,2011,2025,15,READY,UNKNOWN,PASS,PASS,UNKNOWN,WATCH,PASS,PASS,UNKNOWN,PASS,0,0,0,0,NO_DETERIORATION,CLEAR,AVERAGE_BUSINESS,READY,204318.20697258104,78.22,43.0,PASS,BUY,Doanh nghiệp đạt chuẩn chất lượng BCTC và mức giá hiện tại (MOS 78.2%) đạt/vượt Biên an toàn yêu cầu (43.0%).
APG,NORMAL_ENTERPRISE,2011,2025,15,READY,UNKNOWN,FAIL,FAIL,UNKNOWN,WATCH,FAIL,WATCH,UNKNOWN,PASS,3,0,3,0,POSSIBLY_STRUCTURAL,HIGH_RISK,DETERIORATING_BUSINESS,READY,21240.086973665977,78.11,50.0,PASS,AVOID,"Phát hiện rủi ro tài chính nghiêm trọng (PROFIT_CASH_DIVERGENCE, WEAK_PROFITABILITY_ROE, UNSTABLE_EARNINGS_HISTORY)."
APH,NORMAL_ENTERPRISE,2018,2025,8,READY,UNKNOWN,PASS,PASS,UNKNOWN,PASS,FAIL,WATCH,UNKNOWN,PASS,2,0,1,1,POSSIBLY_CYCLICAL,HIGH_RISK,WEAK_BUSINESS,READY,32898.5505432171,80.46,50.0,PASS,AVOID,Phát hiện rủi ro tài chính nghiêm trọng (WEAK_PROFITABILITY_ROE).
API,NORMAL_ENTERPRISE,2011,2025,15,READY,UNKNOWN,FAIL,FAIL,UNKNOWN,WATCH,FAIL,WATCH,UNKNOWN,PASS,3,0,3,0,POSSIBLY_STRUCTURAL,HIGH_RISK,DETERIORATING_BUSINESS,READY,3977.028231407179,-38.29,50.0,FAIL,AVOID,"Phát hiện rủi ro tài chính nghiêm trọng (PROFIT_CASH_DIVERGENCE, WEAK_PROFITABILITY_ROE, UNSTABLE_EARNINGS_HISTORY)."
APL,NORMAL_ENTERPRISE,2016,2025,10,READY,UNKNOWN,FAIL,FAIL,UNKNOWN,FAIL,WATCH,WATCH,UNKNOWN,PASS,2,0,2,0,POSSIBLY_STRUCTURAL,HIGH_RISK,DETERIORATING_BUSINESS,READY,43165.12757797578,73.36,45.0,PASS,AVOID,"Phát hiện rủi ro tài chính nghiêm trọng (PROFIT_CASH_DIVERGENCE, EXCESSIVE_DEBT_LEVERAGE)."
APP,NORMAL_ENTERPRISE,2016,2025,10,READY,UNKNOWN,FAIL,FAIL,UNKNOWN,WATCH,FAIL,WATCH,UNKNOWN,PASS,3,0,3,0,POSSIBLY_STRUCTURAL,HIGH_RISK,DETERIORATING_BUSINESS,READY,6888.052273081242,41.93,40.0,PASS,AVOID,"Phát hiện rủi ro tài chính nghiêm trọng (PROFIT_CASH_DIVERGENCE, WEAK_PROFITABILITY_ROE, UNSTABLE_EARNINGS_HISTORY)."
APS,NORMAL_ENTERPRISE,2011,2025,15,READY,UNKNOWN,FAIL,FAIL,UNKNOWN,PASS,FAIL,WATCH,UNKNOWN,PASS,3,0,3,0,POSSIBLY_STRUCTURAL,HIGH_RISK,DETERIORATING_BUSINESS,READY,7435.056147219277,19.301214662057266,45.0,FAIL,AVOID,"Phát hiện rủi ro tài chính nghiêm trọng (PROFIT_CASH_DIVERGENCE, WEAK_PROFITABILITY_ROE, UNSTABLE_EARNINGS_HISTORY)."
APT,NORMAL_ENTERPRISE,2016,2025,10,READY,UNKNOWN,UNKNOWN,UNKNOWN,UNKNOWN,PASS,PASS,WATCH,UNKNOWN,PASS,1,0,1,0,NO_DETERIORATION,HIGH_RISK,WEAK_BUSINESS,INCOMPLETE,,,0.0,UNKNOWN,AVOID,Phát hiện rủi ro tài chính nghiêm trọng (UNSTABLE_EARNINGS_HISTORY).
ARM,NORMAL_ENTERPRISE,2016,2025,10,READY,UNKNOWN,FAIL,FAIL,UNKNOWN,FAIL,WATCH,WATCH,UNKNOWN,PASS,2,0,2,0,POSSIBLY_STRUCTURAL,HIGH_RISK,DETERIORATING_BUSINESS,READY,25760.47534112942,-77.79,30.0,FAIL,AVOID,"Phát hiện rủi ro tài chính nghiêm trọng (PROFIT_CASH_DIVERGENCE, EXCESSIVE_DEBT_LEVERAGE)."
ART,NORMAL_ENTERPRISE,2016,2025,10,READY,UNKNOWN,FAIL,FAIL,UNKNOWN,PASS,FAIL,WATCH,UNKNOWN,PASS,3,0,3,0,POSSIBLY_STRUCTURAL,HIGH_RISK,DETERIORATING_BUSINESS,INCOMPLETE,,,0.0,UNKNOWN,AVOID,"Phát hiện rủi ro tài chính nghiêm trọng (PROFIT_CASH_DIVERGENCE, WEAK_PROFITABILITY_ROE, UNSTABLE_EARNINGS_HISTORY)."
ASM,NORMAL_ENTERPRISE,2011,2025,15,READY,UNKNOWN,FAIL,FAIL,UNKNOWN,FAIL,FAIL,WATCH,UNKNOWN,PASS,3,0,3,0,POSSIBLY_STRUCTURAL,HIGH_RISK,DETERIORATING_BUSINESS,READY,14722.8010202312,64.68,50.0,PASS,AVOID,"Phát hiện rủi ro tài chính nghiêm trọng (PROFIT_CASH_DIVERGENCE, WEAK_PROFITABILITY_ROE, EXCESSIVE_DEBT_LEVERAGE)."
ASP,NORMAL_ENTERPRISE,2011,2025,15,READY,UNKNOWN,FAIL,FAIL,UNKNOWN,WATCH,FAIL,WATCH,UNKNOWN,WATCH,4,0,3,1,POSSIBLY_STRUCTURAL,HIGH_RISK,DETERIORATING_BUSINESS,READY,4726.3656953273585,-202.56,41.0,FAIL,AVOID,"Phát hiện rủi ro tài chính nghiêm trọng (PROFIT_CASH_DIVERGENCE, WEAK_PROFITABILITY_ROE, UNSTABLE_EARNINGS_HISTORY)."
AST,NORMAL_ENTERPRISE,2016,2025,10,READY,UNKNOWN,PASS,PASS,UNKNOWN,PASS,PASS,PASS,UNKNOWN,PASS,2,0,1,1,POSSIBLY_CYCLICAL,HIGH_RISK,AVERAGE_BUSINESS,READY,110511.01986456057,38.55816362638181,30.0,PASS,AVOID,Phát hiện rủi ro tài chính nghiêm trọng (UNSTABLE_EARNINGS_HISTORY).
ATA,NORMAL_ENTERPRISE,2016,2025,10,READY,UNKNOWN,FAIL,FAIL,UNKNOWN,PASS,PASS,WATCH,UNKNOWN,PASS,2,0,2,0,POSSIBLY_STRUCTURAL,HIGH_RISK,DETERIORATING_BUSINESS,INCOMPLETE,,,0.0,UNKNOWN,AVOID,"Phát hiện rủi ro tài chính nghiêm trọng (PROFIT_CASH_DIVERGENCE, UNSTABLE_EARNINGS_HISTORY)."
ATG,NORMAL_ENTERPRISE,2016,2025,10,READY,UNKNOWN,FAIL,FAIL,UNKNOWN,FAIL,FAIL,WATCH,UNKNOWN,PASS,4,0,4,0,POSSIBLY_STRUCTURAL,HIGH_RISK,DETERIORATING_BUSINESS,READY,132051.2126563075,94.02,35.0,PASS,AVOID,"Phát hiện rủi ro tài chính nghiêm trọng (PROFIT_CASH_DIVERGENCE, WEAK_PROFITABILITY_ROE, UNSTABLE_EARNINGS_HISTORY, EXCESSIVE_DEBT_LEVERAGE)."
ATS,NORMAL_ENTERPRISE,2016,2025,10,READY,UNKNOWN,FAIL,FAIL,UNKNOWN,PASS,FAIL,WATCH,UNKNOWN,PASS,3,0,3,0,POSSIBLY_STRUCTURAL,HIGH_RISK,DETERIORATING_BUSINESS,READY,1849.934039056105,-1164.91,40.0,FAIL,AVOID,"Phát hiện rủi ro tài chính nghiêm trọng (PROFIT_CASH_DIVERGENCE, WEAK_PROFITABILITY_ROE, UNSTABLE_EARNINGS_HISTORY)."
AVC,NORMAL_ENTERPRISE,2016,2025,10,READY,UNKNOWN,PASS,PASS,UNKNOWN,PASS,PASS,PASS,UNKNOWN,PASS,0,0,0,0,NO_DETERIORATION,CLEAR,AVERAGE_BUSINESS,READY,68282.51872521335,40.69,35.0,PASS,BUY,Doanh nghiệp đạt chuẩn chất lượng BCTC và mức giá hiện tại (MOS 40.7%) đạt/vượt Biên an toàn yêu cầu (35.0%).
AVG,NORMAL_ENTERPRISE,2022,2025,4,PARTIAL,UNKNOWN,FAIL,FAIL,UNKNOWN,PASS,FAIL,PASS,UNKNOWN,PASS,3,0,2,1,POSSIBLY_STRUCTURAL,HIGH_RISK,DETERIORATING_BUSINESS,READY,12752.397478829436,40.4,40.0,PASS,AVOID,"Phát hiện rủi ro tài chính nghiêm trọng (PROFIT_CASH_DIVERGENCE, WEAK_PROFITABILITY_ROE)."
BAB,BANK,2016,2025,10,READY,UNKNOWN,NOT_APPLICABLE,NOT_APPLICABLE,UNKNOWN,PASS,FAIL,PASS,UNKNOWN,PASS,1,0,1,0,NO_DETERIORATION,HIGH_RISK,WEAK_BUSINESS,READY,16146.282043136085,34.97,30.0,PASS,AVOID,Phát hiện rủi ro tài chính nghiêm trọng (WEAK_BANK_ROE).
BAF,NORMAL_ENTERPRISE,2016,2025,10,READY,UNKNOWN,FAIL,FAIL,UNKNOWN,WATCH,WATCH,WATCH,UNKNOWN,PASS,3,0,3,0,POSSIBLY_STRUCTURAL,HIGH_RISK,DETERIORATING_BUSINESS,READY,2696.8516086864724,-1088.42,50.0,FAIL,AVOID,"Phát hiện rủi ro tài chính nghiêm trọng (PROFIT_CASH_DIVERGENCE, INVENTORY_BUILDUP, UNSTABLE_EARNINGS_HISTORY)."
BAL,NORMAL_ENTERPRISE,2016,2025,10,READY,UNKNOWN,WATCH,WATCH,UNKNOWN,PASS,FAIL,WATCH,UNKNOWN,PASS,3,0,2,1,POSSIBLY_CYCLICAL,HIGH_RISK,WEAK_BUSINESS,READY,9712.153705044551,24.84,35.0,FAIL,AVOID,"Phát hiện rủi ro tài chính nghiêm trọng (WEAK_PROFITABILITY_ROE, UNSTABLE_EARNINGS_HISTORY)."
BAX,NORMAL_ENTERPRISE,2016,2025,10,READY,UNKNOWN,PASS,PASS,UNKNOWN,FAIL,PASS,PASS,UNKNOWN,PASS,1,0,1,0,POSSIBLY_STRUCTURAL,HIGH_RISK,DETERIORATING_BUSINESS,READY,54150.214158677794,44.6,50.0,FAIL,AVOID,Phát hiện rủi ro tài chính nghiêm trọng (EXCESSIVE_DEBT_LEVERAGE).
BBH,NORMAL_ENTERPRISE,2018,2025,7,READY,UNKNOWN,PASS,PASS,UNKNOWN,PASS,FAIL,WATCH,UNKNOWN,PASS,1,0,1,0,NO_DETERIORATION,HIGH_RISK,WEAK_BUSINESS,READY,32373.845683481835,70.04,43.0,PASS,AVOID,Phát hiện rủi ro tài chính nghiêm trọng (WEAK_PROFITABILITY_ROE).
BBM,NORMAL_ENTERPRISE,2016,2025,10,READY,UNKNOWN,PASS,PASS,UNKNOWN,PASS,FAIL,WATCH,UNKNOWN,PASS,1,0,1,0,NO_DETERIORATION,HIGH_RISK,WEAK_BUSINESS,READY,25899.07654678547,68.72,40.0,PASS,AVOID,Phát hiện rủi ro tài chính nghiêm trọng (WEAK_PROFITABILITY_ROE).
BBS,NORMAL_ENTERPRISE,2016,2025,10,READY,UNKNOWN,PASS,PASS,UNKNOWN,WATCH,FAIL,WATCH,UNKNOWN,PASS,1,0,1,0,NO_DETERIORATION,HIGH_RISK,WEAK_BUSINESS,READY,31572.207599890855,62.63,50.0,PASS,AVOID,Phát hiện rủi ro tài chính nghiêm trọng (WEAK_PROFITABILITY_ROE).
BBT,NORMAL_ENTERPRISE,2016,2025,10,READY,UNKNOWN,FAIL,FAIL,UNKNOWN,PASS,PASS,WATCH,UNKNOWN,PASS,2,0,1,1,POSSIBLY_STRUCTURAL,HIGH_RISK,DETERIORATING_BUSINESS,READY,7928.288738811878,-58.92,43.0,FAIL,AVOID,Phát hiện rủi ro tài chính nghiêm trọng (PROFIT_CASH_DIVERGENCE).
BCA,NORMAL_ENTERPRISE,2020,2025,6,READY,UNKNOWN,FAIL,FAIL,UNKNOWN,FAIL,FAIL,WATCH,UNKNOWN,PASS,5,0,4,1,POSSIBLY_STRUCTURAL,HIGH_RISK,DETERIORATING_BUSINESS,READY,51539.162328103084,61.39,50.0,PASS,AVOID,"Phát hiện rủi ro tài chính nghiêm trọng (PROFIT_CASH_DIVERGENCE, WEAK_PROFITABILITY_ROE, UNSTABLE_EARNINGS_HISTORY, EXCESSIVE_DEBT_LEVERAGE)."
BCB,NORMAL_ENTERPRISE,2016,2025,9,READY,UNKNOWN,PASS,PASS,UNKNOWN,FAIL,PASS,PASS,UNKNOWN,PASS,2,0,1,1,POSSIBLY_STRUCTURAL,HIGH_RISK,DETERIORATING_BUSINESS,READY,36349.58111829539,93.95,46.0,PASS,AVOID,Phát hiện rủi ro tài chính nghiêm trọng (EXCESSIVE_DEBT_LEVERAGE).
BCC,NORMAL_ENTERPRISE,2016,2025,10,READY,UNKNOWN,PASS,PASS,UNKNOWN,WATCH,FAIL,WATCH,UNKNOWN,PASS,2,0,2,0,NO_DETERIORATION,HIGH_RISK,WEAK_BUSINESS,READY,28694.999583086174,80.14,50.0,PASS,AVOID,"Phát hiện rủi ro tài chính nghiêm trọng (WEAK_PROFITABILITY_ROE, UNSTABLE_EARNINGS_HISTORY)."
BCE,NORMAL_ENTERPRISE,2011,2025,15,READY,UNKNOWN,FAIL,FAIL,UNKNOWN,WATCH,FAIL,WATCH,UNKNOWN,PASS,2,0,2,0,POSSIBLY_STRUCTURAL,HIGH_RISK,DETERIORATING_BUSINESS,READY,12539.552891764084,55.18,50.0,PASS,AVOID,"Phát hiện rủi ro tài chính nghiêm trọng (PROFIT_CASH_DIVERGENCE, WEAK_PROFITABILITY_ROE)."
BCF,NORMAL_ENTERPRISE,2016,2025,8,READY,UNKNOWN,PASS,PASS,UNKNOWN,PASS,PASS,PASS,UNKNOWN,PASS,0,0,0,0,NO_DETERIORATION,CLEAR,AVERAGE_BUSINESS,READY,55579.35524215902,34.32813345716292,33.0,PASS,BUY,Doanh nghiệp đạt chuẩn chất lượng BCTC và mức giá hiện tại (MOS 34.3%) đạt/vượt Biên an toàn yêu cầu (33.0%).
BCM,NORMAL_ENTERPRISE,2013,2025,13,READY,UNKNOWN,FAIL,FAIL,UNKNOWN,WATCH,WATCH,PASS,UNKNOWN,PASS,1,0,1,0,POSSIBLY_STRUCTURAL,HIGH_RISK,DETERIORATING_BUSINESS,INCOMPLETE,-2701.564297438014,,0.0,UNKNOWN,AVOID,Phát hiện rủi ro tài chính nghiêm trọng (PROFIT_CASH_DIVERGENCE).
BCP,NORMAL_ENTERPRISE,2016,2025,10,READY,UNKNOWN,FAIL,FAIL,UNKNOWN,FAIL,FAIL,WATCH,UNKNOWN,PASS,4,0,4,0,POSSIBLY_STRUCTURAL,HIGH_RISK,DETERIORATING_BUSINESS,READY,13431.023424078934,25.55,40.0,FAIL,AVOID,"Phát hiện rủi ro tài chính nghiêm trọng (PROFIT_CASH_DIVERGENCE, WEAK_PROFITABILITY_ROE, UNSTABLE_EARNINGS_HISTORY, EXCESSIVE_DEBT_LEVERAGE)."
BCV,NORMAL_ENTERPRISE,2019,2025,7,READY,UNKNOWN,PASS,PASS,UNKNOWN,PASS,FAIL,WATCH,UNKNOWN,PASS,2,0,2,0,NO_DETERIORATION,HIGH_RISK,WEAK_BUSINESS,READY,7194.18792966263,-198.85,35.0,FAIL,AVOID,"Phát hiện rủi ro tài chính nghiêm trọng (WEAK_PROFITABILITY_ROE, UNSTABLE_EARNINGS_HISTORY)."
BDG,NORMAL_ENTERPRISE,2016,2025,10,READY,UNKNOWN,WATCH,WATCH,UNKNOWN,PASS,PASS,PASS,UNKNOWN,PASS,2,0,0,2,POSSIBLY_CYCLICAL,WATCH,AVERAGE_BUSINESS,READY,44383.4981144509,40.29,38.0,PASS,BUY,Doanh nghiệp đạt chuẩn chất lượng BCTC và mức giá hiện tại (MOS 40.3%) đạt/vượt Biên an toàn yêu cầu (38.0%).
BDT,NORMAL_ENTERPRISE,2015,2025,11,READY,UNKNOWN,FAIL,FAIL,UNKNOWN,PASS,WATCH,WATCH,UNKNOWN,PASS,1,0,1,0,POSSIBLY_STRUCTURAL,HIGH_RISK,DETERIORATING_BUSINESS,READY,57031.64524551204,84.22,40.0,PASS,AVOID,Phát hiện rủi ro tài chính nghiêm trọng (PROFIT_CASH_DIVERGENCE).
BDW,NORMAL_ENTERPRISE,2016,2025,10,READY,UNKNOWN,PASS,PASS,UNKNOWN,PASS,WATCH,PASS,UNKNOWN,PASS,0,0,0,0,NO_DETERIORATION,CLEAR,AVERAGE_BUSINESS,READY,133611.43216820754,80.91,35.0,PASS,BUY,Doanh nghiệp đạt chuẩn chất lượng BCTC và mức giá hiện tại (MOS 80.9%) đạt/vượt Biên an toàn yêu cầu (35.0%).
BED,NORMAL_ENTERPRISE,2016,2025,10,READY,UNKNOWN,PASS,PASS,UNKNOWN,PASS,PASS,WATCH,UNKNOWN,PASS,0,0,0,0,NO_DETERIORATION,CLEAR,AVERAGE_BUSINESS,READY,34532.102062380625,31.657794948689467,30.0,PASS,BUY,Doanh nghiệp đạt chuẩn chất lượng BCTC và mức giá hiện tại (MOS 31.7%) đạt/vượt Biên an toàn yêu cầu (30.0%).
BEL,NORMAL_ENTERPRISE,2016,2025,10,READY,UNKNOWN,PASS,PASS,UNKNOWN,PASS,FAIL,WATCH,UNKNOWN,PASS,2,0,2,0,NO_DETERIORATION,HIGH_RISK,WEAK_BUSINESS,READY,6474.769136696367,-317.0,40.0,FAIL,AVOID,"Phát hiện rủi ro tài chính nghiêm trọng (WEAK_PROFITABILITY_ROE, UNSTABLE_EARNINGS_HISTORY)."
BFC,NORMAL_ENTERPRISE,2011,2025,15,READY,UNKNOWN,FAIL,FAIL,UNKNOWN,WATCH,PASS,PASS,UNKNOWN,WATCH,2,0,1,1,POSSIBLY_STRUCTURAL,HIGH_RISK,DETERIORATING_BUSINESS,READY,147901.24914036575,68.3910715617879,50.0,PASS,AVOID,Phát hiện rủi ro tài chính nghiêm trọng (PROFIT_CASH_DIVERGENCE).
BGE,NORMAL_ENTERPRISE,2022,2025,3,PARTIAL,UNKNOWN,PASS,PASS,UNKNOWN,WATCH,FAIL,WATCH,UNKNOWN,PASS,3,0,2,1,POSSIBLY_CYCLICAL,HIGH_RISK,WEAK_BUSINESS,READY,6084.509079142065,53.98,45.0,PASS,AVOID,"Phát hiện rủi ro tài chính nghiêm trọng (WEAK_PROFITABILITY_ROE, UNSTABLE_EARNINGS_HISTORY)."
BGW,NORMAL_ENTERPRISE,2016,2025,10,READY,UNKNOWN,FAIL,FAIL,UNKNOWN,PASS,FAIL,PASS,UNKNOWN,PASS,2,0,2,0,POSSIBLY_STRUCTURAL,HIGH_RISK,DETERIORATING_BUSINESS,READY,45888.0636980412,65.13,35.0,PASS,AVOID,"Phát hiện rủi ro tài chính nghiêm trọng (PROFIT_CASH_DIVERGENCE, WEAK_PROFITABILITY_ROE)."
BHA,NORMAL_ENTERPRISE,2016,2025,10,READY,UNKNOWN,WATCH,WATCH,UNKNOWN,PASS,WATCH,PASS,UNKNOWN,PASS,1,0,0,1,POSSIBLY_CYCLICAL,WATCH,AVERAGE_BUSINESS,READY,81823.38527786972,74.7,40.0,PASS,BUY,Doanh nghiệp đạt chuẩn chất lượng BCTC và mức giá hiện tại (MOS 74.7%) đạt/vượt Biên an toàn yêu cầu (40.0%).
BHC,NORMAL_ENTERPRISE,2016,2025,10,READY,UNKNOWN,FAIL,FAIL,UNKNOWN,PASS,PASS,WATCH,UNKNOWN,PASS,2,0,2,0,POSSIBLY_STRUCTURAL,HIGH_RISK,DETERIORATING_BUSINESS,READY,4094.4030171218524,78.02,45.0,PASS,AVOID,"Phát hiện rủi ro tài chính nghiêm trọng (PROFIT_CASH_DIVERGENCE, UNSTABLE_EARNINGS_HISTORY)."
BHG,NORMAL_ENTERPRISE,2016,2025,10,READY,UNKNOWN,FAIL,FAIL,UNKNOWN,WATCH,FAIL,WATCH,UNKNOWN,PASS,3,0,2,1,POSSIBLY_STRUCTURAL,HIGH_RISK,DETERIORATING_BUSINESS,READY,727.5021501906031,-1412.02,40.0,FAIL,AVOID,"Phát hiện rủi ro tài chính nghiêm trọng (PROFIT_CASH_DIVERGENCE, WEAK_PROFITABILITY_ROE)."
BHH,NORMAL_ENTERPRISE,2025,2025,1,INSUFFICIENT,UNKNOWN,UNKNOWN,UNKNOWN,UNKNOWN,WATCH,FAIL,WATCH,UNKNOWN,PASS,1,0,1,0,NO_DETERIORATION,HIGH_RISK,INSUFFICIENT_DATA,READY,5897.194454640414,-159.45,45.0,FAIL,AVOID,Phát hiện rủi ro tài chính nghiêm trọng (WEAK_PROFITABILITY_ROE).
BHI,NORMAL_ENTERPRISE,2024,2025,2,INSUFFICIENT,UNKNOWN,FAIL,FAIL,UNKNOWN,FAIL,FAIL,PASS,UNKNOWN,PASS,3,0,3,0,POSSIBLY_STRUCTURAL,HIGH_RISK,INSUFFICIENT_DATA,READY,841.7199877705277,-981.12,35.0,FAIL,AVOID,"Phát hiện rủi ro tài chính nghiêm trọng (PROFIT_CASH_DIVERGENCE, WEAK_PROFITABILITY_ROE, EXCESSIVE_DEBT_LEVERAGE)."
BHK,NORMAL_ENTERPRISE,2016,2025,10,READY,UNKNOWN,PASS,PASS,UNKNOWN,PASS,WATCH,WATCH,UNKNOWN,PASS,0,0,0,0,NO_DETERIORATION,CLEAR,AVERAGE_BUSINESS,READY,67985.07593531185,82.35,35.0,PASS,BUY,Doanh nghiệp đạt chuẩn chất lượng BCTC và mức giá hiện tại (MOS 82.3%) đạt/vượt Biên an toàn yêu cầu (35.0%).
BHN,NORMAL_ENTERPRISE,2016,2025,10,READY,UNKNOWN,PASS,PASS,UNKNOWN,PASS,FAIL,WATCH,UNKNOWN,PASS,1,0,1,0,NO_DETERIORATION,HIGH_RISK,WEAK_BUSINESS,READY,30895.36186744098,-1.96,28.0,FAIL,AVOID,Phát hiện rủi ro tài chính nghiêm trọng (WEAK_PROFITABILITY_ROE).
BHP,NORMAL_ENTERPRISE,2016,2025,10,READY,UNKNOWN,PASS,PASS,UNKNOWN,PASS,FAIL,WATCH,UNKNOWN,PASS,1,0,1,0,NO_DETERIORATION,HIGH_RISK,WEAK_BUSINESS,READY,8445.351047864826,5.27,35.0,FAIL,AVOID,Phát hiện rủi ro tài chính nghiêm trọng (WEAK_PROFITABILITY_ROE).
BIC,NORMAL_ENTERPRISE,2011,2025,15,READY,UNKNOWN,WATCH,WATCH,UNKNOWN,FAIL,WATCH,PASS,UNKNOWN,PASS,2,0,1,1,POSSIBLY_STRUCTURAL,HIGH_RISK,DETERIORATING_BUSINESS,READY,24460.900829789683,13.126666315899909,30.0,FAIL,AVOID,Phát hiện rủi ro tài chính nghiêm trọng (EXCESSIVE_DEBT_LEVERAGE).
BID,BANK,2011,2025,15,READY,UNKNOWN,NOT_APPLICABLE,NOT_APPLICABLE,UNKNOWN,WATCH,PASS,PASS,UNKNOWN,PASS,1,0,0,1,POSSIBLY_CYCLICAL,WATCH,AVERAGE_BUSINESS,READY,37850.21649346991,5.945055806637539,30.0,FAIL,WAIT_FOR_MOS,Doanh nghiệp có chất lượng tốt (AVERAGE_BUSINESS) nhưng mức giá hiện tại (MOS 5.9%) chưa đạt Biên an toàn yêu cầu (30.0%).
BIG,NORMAL_ENTERPRISE,2019,2025,7,READY,UNKNOWN,FAIL,FAIL,UNKNOWN,PASS,FAIL,PASS,UNKNOWN,PASS,2,0,2,0,POSSIBLY_STRUCTURAL,HIGH_RISK,DETERIORATING_BUSINESS,READY,30540.67416052724,84.28,40.0,PASS,AVOID,"Phát hiện rủi ro tài chính nghiêm trọng (PROFIT_CASH_DIVERGENCE, WEAK_PROFITABILITY_ROE)."
BIO,NORMAL_ENTERPRISE,2016,2025,10,READY,UNKNOWN,PASS,PASS,UNKNOWN,PASS,FAIL,WATCH,UNKNOWN,PASS,2,0,2,0,NO_DETERIORATION,HIGH_RISK,WEAK_BUSINESS,READY,24869.184565228647,51.75,40.0,PASS,AVOID,"Phát hiện rủi ro tài chính nghiêm trọng (WEAK_PROFITABILITY_ROE, UNSTABLE_EARNINGS_HISTORY)."
BKC,NORMAL_ENTERPRISE,2016,2025,10,READY,UNKNOWN,FAIL,FAIL,UNKNOWN,PASS,FAIL,PASS,UNKNOWN,PASS,4,0,3,1,POSSIBLY_STRUCTURAL,HIGH_RISK,DETERIORATING_BUSINESS,READY,14789.227842513632,12.77,50.0,FAIL,AVOID,"Phát hiện rủi ro tài chính nghiêm trọng (PROFIT_CASH_DIVERGENCE, WEAK_PROFITABILITY_ROE, UNSTABLE_EARNINGS_HISTORY)."
BKG,NORMAL_ENTERPRISE,2017,2025,9,READY,UNKNOWN,FAIL,FAIL,UNKNOWN,PASS,FAIL,PASS,UNKNOWN,PASS,4,0,3,1,POSSIBLY_STRUCTURAL,HIGH_RISK,DETERIORATING_BUSINESS,READY,1260.9393581710508,-47.51,40.0,FAIL,AVOID,"Phát hiện rủi ro tài chính nghiêm trọng (PROFIT_CASH_DIVERGENCE, INVENTORY_BUILDUP, WEAK_PROFITABILITY_ROE)."
BLF,NORMAL_ENTERPRISE,2016,2025,10,READY,UNKNOWN,FAIL,FAIL,UNKNOWN,FAIL,FAIL,WATCH,UNKNOWN,PASS,4,0,4,0,POSSIBLY_STRUCTURAL,HIGH_RISK,DETERIORATING_BUSINESS,INCOMPLETE,,,0.0,UNKNOWN,AVOID,"Phát hiện rủi ro tài chính nghiêm trọng (PROFIT_CASH_DIVERGENCE, WEAK_PROFITABILITY_ROE, UNSTABLE_EARNINGS_HISTORY, EXCESSIVE_DEBT_LEVERAGE)."
BLI,NORMAL_ENTERPRISE,2016,2025,10,READY,UNKNOWN,PASS,PASS,UNKNOWN,FAIL,FAIL,PASS,UNKNOWN,PASS,2,0,2,0,POSSIBLY_STRUCTURAL,HIGH_RISK,DETERIORATING_BUSINESS,READY,7553.897326145761,-7.23,50.0,FAIL,AVOID,"Phát hiện rủi ro tài chính nghiêm trọng (WEAK_PROFITABILITY_ROE, EXCESSIVE_DEBT_LEVERAGE)."
BLN,NORMAL_ENTERPRISE,2016,2025,10,READY,UNKNOWN,PASS,PASS,UNKNOWN,FAIL,FAIL,PASS,UNKNOWN,PASS,3,0,3,0,POSSIBLY_STRUCTURAL,HIGH_RISK,DETERIORATING_BUSINESS,READY,15539.445928071282,45.94,45.0,PASS,AVOID,"Phát hiện rủi ro tài chính nghiêm trọng (WEAK_PROFITABILITY_ROE, UNSTABLE_EARNINGS_HISTORY, EXCESSIVE_DEBT_LEVERAGE)."
BLT,NORMAL_ENTERPRISE,2016,2025,9,READY,UNKNOWN,FAIL,FAIL,UNKNOWN,WATCH,FAIL,WATCH,UNKNOWN,PASS,2,0,2,0,POSSIBLY_STRUCTURAL,HIGH_RISK,DETERIORATING_BUSINESS,READY,12949.538273392734,-31.28,40.0,FAIL,AVOID,"Phát hiện rủi ro tài chính nghiêm trọng (PROFIT_CASH_DIVERGENCE, WEAK_PROFITABILITY_ROE)."
BMC,NORMAL_ENTERPRISE,2016,2025,10,READY,UNKNOWN,FAIL,FAIL,UNKNOWN,PASS,FAIL,WATCH,UNKNOWN,PASS,2,0,2,0,POSSIBLY_STRUCTURAL,HIGH_RISK,DETERIORATING_BUSINESS,READY,12740.674752854142,14.05,50.0,FAIL,AVOID,"Phát hiện rủi ro tài chính nghiêm trọng (PROFIT_CASH_DIVERGENCE, WEAK_PROFITABILITY_ROE)."
BMD,NORMAL_ENTERPRISE,2016,2025,10,READY,UNKNOWN,FAIL,FAIL,UNKNOWN,WATCH,PASS,PASS,UNKNOWN,PASS,1,0,1,0,POSSIBLY_STRUCTURAL,HIGH_RISK,DETERIORATING_BUSINESS,READY,55498.02117168315,78.38,40.0,PASS,AVOID,Phát hiện rủi ro tài chính nghiêm trọng (PROFIT_CASH_DIVERGENCE).
BMF,NORMAL_ENTERPRISE,2016,2025,10,READY,UNKNOWN,FAIL,FAIL,UNKNOWN,FAIL,WATCH,WATCH,UNKNOWN,PASS,3,0,2,1,POSSIBLY_STRUCTURAL,HIGH_RISK,DETERIORATING_BUSINESS,READY,31964.050168501053,76.22,50.0,PASS,AVOID,"Phát hiện rủi ro tài chính nghiêm trọng (PROFIT_CASH_DIVERGENCE, EXCESSIVE_DEBT_LEVERAGE)."
BMG,NORMAL_ENTERPRISE,2016,2025,10,READY,UNKNOWN,FAIL,FAIL,UNKNOWN,PASS,WATCH,WATCH,UNKNOWN,PASS,1,0,1,0,POSSIBLY_STRUCTURAL,HIGH_RISK,DETERIORATING_BUSINESS,READY,21414.81513099179,48.17,35.0,PASS,AVOID,Phát hiện rủi ro tài chính nghiêm trọng (PROFIT_CASH_DIVERGENCE).
BMI,NORMAL_ENTERPRISE,2011,2025,15,READY,UNKNOWN,FAIL,FAIL,UNKNOWN,FAIL,FAIL,WATCH,UNKNOWN,WATCH,4,0,3,1,POSSIBLY_STRUCTURAL,HIGH_RISK,DETERIORATING_BUSINESS,READY,23577.693107345884,42.74,30.0,PASS,AVOID,"Phát hiện rủi ro tài chính nghiêm trọng (PROFIT_CASH_DIVERGENCE, WEAK_PROFITABILITY_ROE, EXCESSIVE_DEBT_LEVERAGE)."
BMJ,NORMAL_ENTERPRISE,2016,2025,10,READY,UNKNOWN,FAIL,FAIL,UNKNOWN,PASS,WATCH,PASS,UNKNOWN,PASS,2,0,1,1,POSSIBLY_STRUCTURAL,HIGH_RISK,DETERIORATING_BUSINESS,READY,12221.427843483792,-13.73,50.0,FAIL,AVOID,Phát hiện rủi ro tài chính nghiêm trọng (PROFIT_CASH_DIVERGENCE).
BMP,NORMAL_ENTERPRISE,2011,2025,15,READY,UNKNOWN,PASS,PASS,UNKNOWN,PASS,PASS,PASS,UNKNOWN,PASS,0,0,0,0,NO_DETERIORATION,CLEAR,AVERAGE_BUSINESS,READY,166022.72337334088,15.493495619570895,50.0,FAIL,WAIT_FOR_MOS,Doanh nghiệp có chất lượng tốt (AVERAGE_BUSINESS) nhưng mức giá hiện tại (MOS 15.5%) chưa đạt Biên an toàn yêu cầu (50.0%).
BMS,NORMAL_ENTERPRISE,2011,2025,15,READY,UNKNOWN,FAIL,FAIL,UNKNOWN,PASS,FAIL,PASS,UNKNOWN,PASS,2,0,2,0,POSSIBLY_STRUCTURAL,HIGH_RISK,DETERIORATING_BUSINESS,READY,6931.753069450419,-78.89,40.0,FAIL,AVOID,"Phát hiện rủi ro tài chính nghiêm trọng (PROFIT_CASH_DIVERGENCE, WEAK_PROFITABILITY_ROE)."
BMV,NORMAL_ENTERPRISE,2016,2025,10,READY,UNKNOWN,FAIL,FAIL,UNKNOWN,PASS,FAIL,WATCH,UNKNOWN,PASS,2,0,2,0,POSSIBLY_STRUCTURAL,HIGH_RISK,DETERIORATING_BUSINESS,READY,15632.995617335093,75.05,43.0,PASS,AVOID,"Phát hiện rủi ro tài chính nghiêm trọng (PROFIT_CASH_DIVERGENCE, WEAK_PROFITABILITY_ROE)."
BNA,NORMAL_ENTERPRISE,2016,2025,10,READY,UNKNOWN,FAIL,FAIL,UNKNOWN,WATCH,FAIL,PASS,UNKNOWN,PASS,2,0,2,0,POSSIBLY_STRUCTURAL,HIGH_RISK,DETERIORATING_BUSINESS,READY,57691.85320517917,96.88,36.0,PASS,AVOID,"Phát hiện rủi ro tài chính nghiêm trọng (PROFIT_CASH_DIVERGENCE, WEAK_PROFITABILITY_ROE)."
BNW,NORMAL_ENTERPRISE,2016,2025,10,READY,UNKNOWN,PASS,PASS,UNKNOWN,WATCH,FAIL,PASS,UNKNOWN,PASS,1,0,1,0,NO_DETERIORATION,HIGH_RISK,WEAK_BUSINESS,READY,20555.370349735258,10.0,41.0,FAIL,AVOID,Phát hiện rủi ro tài chính nghiêm trọng (WEAK_PROFITABILITY_ROE).
BOT,NORMAL_ENTERPRISE,2017,2025,9,READY,UNKNOWN,UNKNOWN,UNKNOWN,UNKNOWN,PASS,FAIL,WATCH,UNKNOWN,PASS,2,0,2,0,NO_DETERIORATION,HIGH_RISK,WEAK_BUSINESS,INCOMPLETE,,,0.0,UNKNOWN,AVOID,"Phát hiện rủi ro tài chính nghiêm trọng (WEAK_PROFITABILITY_ROE, UNSTABLE_EARNINGS_HISTORY)."
BPC,NORMAL_ENTERPRISE,2016,2025,10,READY,UNKNOWN,PASS,PASS,UNKNOWN,WATCH,FAIL,WATCH,UNKNOWN,PASS,1,0,1,0,NO_DETERIORATION,HIGH_RISK,WEAK_BUSINESS,READY,20306.44617654773,40.41,50.0,FAIL,AVOID,Phát hiện rủi ro tài chính nghiêm trọng (WEAK_PROFITABILITY_ROE).
BQB,NORMAL_ENTERPRISE,2016,2025,10,READY,UNKNOWN,PASS,PASS,UNKNOWN,PASS,FAIL,WATCH,UNKNOWN,PASS,2,0,2,0,NO_DETERIORATION,HIGH_RISK,WEAK_BUSINESS,READY,6353.383992085633,44.91,35.0,PASS,AVOID,"Phát hiện rủi ro tài chính nghiêm trọng (WEAK_PROFITABILITY_ROE, UNSTABLE_EARNINGS_HISTORY)."
BQP,NORMAL_ENTERPRISE,2025,2025,1,INSUFFICIENT,UNKNOWN,UNKNOWN,UNKNOWN,UNKNOWN,WATCH,WATCH,WATCH,UNKNOWN,PASS,0,0,0,0,NO_DETERIORATION,CLEAR,INSUFFICIENT_DATA,READY,22266.692407927974,32.63,35.0,FAIL,REVIEW_BUSINESS,Chưa đủ dữ liệu tài chính lịch sử (dưới 3-5 năm) để hoàn thành đánh giá BCTC.
BRC,NORMAL_ENTERPRISE,2016,2025,10,READY,UNKNOWN,PASS,PASS,UNKNOWN,PASS,FAIL,WATCH,UNKNOWN,PASS,1,0,1,0,NO_DETERIORATION,HIGH_RISK,WEAK_BUSINESS,READY,9333.297368326696,-18.93,45.0,FAIL,AVOID,Phát hiện rủi ro tài chính nghiêm trọng (WEAK_PROFITABILITY_ROE).
BRR,NORMAL_ENTERPRISE,2016,2025,10,READY,UNKNOWN,WATCH,WATCH,UNKNOWN,PASS,FAIL,PASS,UNKNOWN,PASS,2,0,1,1,POSSIBLY_CYCLICAL,HIGH_RISK,WEAK_BUSINESS,READY,6927.529398527167,-151.17,43.0,FAIL,AVOID,Phát hiện rủi ro tài chính nghiêm trọng (WEAK_PROFITABILITY_ROE).
BRS,NORMAL_ENTERPRISE,2016,2025,10,READY,UNKNOWN,PASS,PASS,UNKNOWN,WATCH,PASS,PASS,UNKNOWN,PASS,0,0,0,0,NO_DETERIORATION,CLEAR,AVERAGE_BUSINESS,READY,189291.93517725513,89.86,30.0,PASS,BUY,Doanh nghiệp đạt chuẩn chất lượng BCTC và mức giá hiện tại (MOS 89.9%) đạt/vượt Biên an toàn yêu cầu (30.0%).
BSA,NORMAL_ENTERPRISE,2016,2025,10,READY,UNKNOWN,PASS,PASS,UNKNOWN,PASS,PASS,PASS,UNKNOWN,PASS,1,0,0,1,POSSIBLY_CYCLICAL,WATCH,AVERAGE_BUSINESS,READY,55622.13616761123,63.68,40.0,PASS,BUY,Doanh nghiệp đạt chuẩn chất lượng BCTC và mức giá hiện tại (MOS 63.7%) đạt/vượt Biên an toàn yêu cầu (40.0%).
BSD,NORMAL_ENTERPRISE,2016,2025,10,READY,UNKNOWN,PASS,PASS,UNKNOWN,WATCH,WATCH,WATCH,UNKNOWN,PASS,0,0,0,0,NO_DETERIORATION,CLEAR,AVERAGE_BUSINESS,READY,56114.66585136852,70.6,43.0,PASS,BUY,Doanh nghiệp đạt chuẩn chất lượng BCTC và mức giá hiện tại (MOS 70.6%) đạt/vượt Biên an toàn yêu cầu (43.0%).
BSG,NORMAL_ENTERPRISE,2016,2025,10,READY,UNKNOWN,PASS,PASS,UNKNOWN,PASS,FAIL,WATCH,UNKNOWN,PASS,2,0,2,0,NO_DETERIORATION,HIGH_RISK,WEAK_BUSINESS,READY,4856.076852522276,-64.74,40.0,FAIL,AVOID,"Phát hiện rủi ro tài chính nghiêm trọng (WEAK_PROFITABILITY_ROE, UNSTABLE_EARNINGS_HISTORY)."
BSH,NORMAL_ENTERPRISE,2016,2025,10,READY,UNKNOWN,PASS,PASS,UNKNOWN,PASS,PASS,WATCH,UNKNOWN,PASS,0,0,0,0,NO_DETERIORATION,CLEAR,AVERAGE_BUSINESS,READY,17985.469824156575,-0.08,43.0,FAIL,WAIT_FOR_MOS,Doanh nghiệp có chất lượng tốt (AVERAGE_BUSINESS) nhưng mức giá hiện tại (MOS -0.1%) chưa đạt Biên an toàn yêu cầu (43.0%).
BSI,SECURITIES,2011,2025,15,READY,UNKNOWN,NOT_APPLICABLE,NOT_APPLICABLE,UNKNOWN,PASS,PASS,WATCH,UNKNOWN,PASS,0,0,0,0,NO_DETERIORATION,CLEAR,WEAK_BUSINESS,READY,27407.53528716635,2.22,50.0,FAIL,WAIT_FOR_MOS,"Doanh nghiệp có chất lượng tài chính yếu, không đạt tiêu chí mua dài hạn."
BSL,NORMAL_ENTERPRISE,2016,2025,10,READY,UNKNOWN,PASS,PASS,UNKNOWN,PASS,FAIL,WATCH,UNKNOWN,PASS,1,0,1,0,NO_DETERIORATION,HIGH_RISK,WEAK_BUSINESS,READY,18318.831177906337,31.76,35.0,FAIL,AVOID,Phát hiện rủi ro tài chính nghiêm trọng (WEAK_PROFITABILITY_ROE).
BSP,NORMAL_ENTERPRISE,2016,2025,10,READY,UNKNOWN,FAIL,FAIL,UNKNOWN,PASS,FAIL,WATCH,UNKNOWN,PASS,2,0,2,0,POSSIBLY_STRUCTURAL,HIGH_RISK,DETERIORATING_BUSINESS,READY,12431.556742457025,-30.31,43.0,FAIL,AVOID,"Phát hiện rủi ro tài chính nghiêm trọng (PROFIT_CASH_DIVERGENCE, WEAK_PROFITABILITY_ROE)."
BSQ,NORMAL_ENTERPRISE,2016,2025,10,READY,UNKNOWN,PASS,PASS,UNKNOWN,PASS,PASS,WATCH,UNKNOWN,PASS,0,0,0,0,NO_DETERIORATION,CLEAR,AVERAGE_BUSINESS,READY,32229.961924888583,50.98,43.0,PASS,BUY,Doanh nghiệp đạt chuẩn chất lượng BCTC và mức giá hiện tại (MOS 51.0%) đạt/vượt Biên an toàn yêu cầu (43.0%).
BSR,NORMAL_ENTERPRISE,2012,2025,14,READY,UNKNOWN,PASS,PASS,UNKNOWN,PASS,WATCH,WATCH,UNKNOWN,PASS,1,0,1,0,NO_DETERIORATION,HIGH_RISK,AVERAGE_BUSINESS,READY,12453.610204052911,-121.22,50.0,FAIL,AVOID,Phát hiện rủi ro tài chính nghiêm trọng (UNSTABLE_EARNINGS_HISTORY).
BTB,NORMAL_ENTERPRISE,2016,2025,10,READY,UNKNOWN,PASS,PASS,UNKNOWN,PASS,FAIL,WATCH,UNKNOWN,PASS,2,0,2,0,NO_DETERIORATION,HIGH_RISK,WEAK_BUSINESS,READY,26908.131477179708,82.53,43.0,PASS,AVOID,"Phát hiện rủi ro tài chính nghiêm trọng (WEAK_PROFITABILITY_ROE, UNSTABLE_EARNINGS_HISTORY)."
BTD,NORMAL_ENTERPRISE,2016,2025,10,READY,UNKNOWN,FAIL,FAIL,UNKNOWN,FAIL,PASS,WATCH,UNKNOWN,PASS,2,0,2,0,POSSIBLY_STRUCTURAL,HIGH_RISK,DETERIORATING_BUSINESS,READY,103191.63311609835,80.81,46.0,PASS,AVOID,"Phát hiện rủi ro tài chính nghiêm trọng (PROFIT_CASH_DIVERGENCE, EXCESSIVE_DEBT_LEVERAGE)."
BTG,NORMAL_ENTERPRISE,2016,2025,10,READY,UNKNOWN,FAIL,FAIL,UNKNOWN,PASS,FAIL,WATCH,UNKNOWN,PASS,3,0,3,0,POSSIBLY_STRUCTURAL,HIGH_RISK,DETERIORATING_BUSINESS,INCOMPLETE,,,0.0,UNKNOWN,AVOID,"Phát hiện rủi ro tài chính nghiêm trọng (PROFIT_CASH_DIVERGENCE, WEAK_PROFITABILITY_ROE, UNSTABLE_EARNINGS_HISTORY)."
BTH,NORMAL_ENTERPRISE,2016,2025,10,READY,UNKNOWN,FAIL,FAIL,UNKNOWN,PASS,FAIL,WATCH,UNKNOWN,PASS,3,0,3,0,POSSIBLY_STRUCTURAL,HIGH_RISK,DETERIORATING_BUSINESS,READY,236331.86092336784,91.88,40.0,PASS,AVOID,"Phát hiện rủi ro tài chính nghiêm trọng (PROFIT_CASH_DIVERGENCE, WEAK_PROFITABILITY_ROE, UNSTABLE_EARNINGS_HISTORY)."
BTN,NORMAL_ENTERPRISE,2016,2025,10,READY,UNKNOWN,FAIL,FAIL,UNKNOWN,FAIL,FAIL,WATCH,UNKNOWN,PASS,4,0,4,0,POSSIBLY_STRUCTURAL,HIGH_RISK,DETERIORATING_BUSINESS,READY,8633.025515595156,71.04,45.0,PASS,AVOID,"Phát hiện rủi ro tài chính nghiêm trọng (PROFIT_CASH_DIVERGENCE, WEAK_PROFITABILITY_ROE, UNSTABLE_EARNINGS_HISTORY, EXCESSIVE_DEBT_LEVERAGE)."
BTP,NORMAL_ENTERPRISE,2016,2025,10,READY,UNKNOWN,PASS,PASS,UNKNOWN,PASS,FAIL,WATCH,UNKNOWN,PASS,1,0,1,0,NO_DETERIORATION,HIGH_RISK,WEAK_BUSINESS,READY,4707.084620276625,-52.96092126716159,35.0,FAIL,AVOID,Phát hiện rủi ro tài chính nghiêm trọng (WEAK_PROFITABILITY_ROE).
BTS,NORMAL_ENTERPRISE,2016,2025,10,READY,UNKNOWN,PASS,PASS,UNKNOWN,FAIL,FAIL,WATCH,UNKNOWN,PASS,3,0,3,0,POSSIBLY_STRUCTURAL,HIGH_RISK,DETERIORATING_BUSINESS,READY,13291.462347615723,65.39,50.0,PASS,AVOID,"Phát hiện rủi ro tài chính nghiêm trọng (WEAK_PROFITABILITY_ROE, UNSTABLE_EARNINGS_HISTORY, EXCESSIVE_DEBT_LEVERAGE)."
BTT,NORMAL_ENTERPRISE,2016,2025,10,READY,UNKNOWN,PASS,PASS,UNKNOWN,PASS,WATCH,PASS,UNKNOWN,PASS,0,0,0,0,NO_DETERIORATION,CLEAR,AVERAGE_BUSINESS,READY,194071.74769976578,79.38906591294212,35.0,PASS,BUY,Doanh nghiệp đạt chuẩn chất lượng BCTC và mức giá hiện tại (MOS 79.4%) đạt/vượt Biên an toàn yêu cầu (35.0%).
BTU,NORMAL_ENTERPRISE,2016,2025,10,READY,UNKNOWN,PASS,PASS,UNKNOWN,PASS,PASS,PASS,UNKNOWN,PASS,0,0,0,0,NO_DETERIORATION,CLEAR,COMPOUNDER,READY,33410.778082085795,55.1,35.0,PASS,BUY,Doanh nghiệp đạt chuẩn chất lượng BCTC và mức giá hiện tại (MOS 55.1%) đạt/vượt Biên an toàn yêu cầu (35.0%).
BTV,NORMAL_ENTERPRISE,2016,2025,10,READY,UNKNOWN,FAIL,FAIL,UNKNOWN,WATCH,FAIL,WATCH,UNKNOWN,PASS,3,0,3,0,POSSIBLY_STRUCTURAL,HIGH_RISK,DETERIORATING_BUSINESS,READY,8546.695260439205,-134.01,35.0,FAIL,AVOID,"Phát hiện rủi ro tài chính nghiêm trọng (PROFIT_CASH_DIVERGENCE, WEAK_PROFITABILITY_ROE, UNSTABLE_EARNINGS_HISTORY)."
BTW,NORMAL_ENTERPRISE,2016,2025,10,READY,UNKNOWN,PASS,PASS,UNKNOWN,PASS,PASS,PASS,UNKNOWN,PASS,0,0,0,0,NO_DETERIORATION,CLEAR,COMPOUNDER,READY,14183.513466017503,-597.9934854448837,30.0,FAIL,WAIT_FOR_MOS,Doanh nghiệp có chất lượng tốt (COMPOUNDER) nhưng mức giá hiện tại (MOS -598.0%) chưa đạt Biên an toàn yêu cầu (30.0%).
BVB,BANK,2011,2025,15,READY,UNKNOWN,NOT_APPLICABLE,NOT_APPLICABLE,UNKNOWN,WATCH,FAIL,WATCH,UNKNOWN,PASS,2,0,1,1,POSSIBLY_CYCLICAL,HIGH_RISK,WEAK_BUSINESS,READY,12977.791586915555,12.16,35.0,FAIL,AVOID,Phát hiện rủi ro tài chính nghiêm trọng (WEAK_BANK_ROE).
BVG,NORMAL_ENTERPRISE,2016,2025,9,READY,UNKNOWN,FAIL,FAIL,UNKNOWN,PASS,FAIL,WATCH,UNKNOWN,PASS,3,0,3,0,POSSIBLY_STRUCTURAL,HIGH_RISK,DETERIORATING_BUSINESS,READY,1982.0721847029695,-41.27,35.0,FAIL,AVOID,"Phát hiện rủi ro tài chính nghiêm trọng (PROFIT_CASH_DIVERGENCE, WEAK_PROFITABILITY_ROE, UNSTABLE_EARNINGS_HISTORY)."
BVH,NORMAL_ENTERPRISE,2011,2025,15,READY,UNKNOWN,PASS,PASS,UNKNOWN,FAIL,FAIL,PASS,UNKNOWN,WATCH,3,0,2,1,POSSIBLY_STRUCTURAL,HIGH_RISK,DETERIORATING_BUSINESS,READY,44551.85863323071,-43.652817106631666,30.0,FAIL,AVOID,"Phát hiện rủi ro tài chính nghiêm trọng (WEAK_PROFITABILITY_ROE, EXCESSIVE_DEBT_LEVERAGE)."
BVL,NORMAL_ENTERPRISE,2019,2025,7,READY,UNKNOWN,PASS,PASS,UNKNOWN,PASS,FAIL,PASS,UNKNOWN,PASS,2,0,1,1,POSSIBLY_CYCLICAL,HIGH_RISK,WEAK_BUSINESS,READY,76869.61719491197,84.78,43.0,PASS,AVOID,Phát hiện rủi ro tài chính nghiêm trọng (WEAK_PROFITABILITY_ROE).
BVN,NORMAL_ENTERPRISE,2016,2025,10,READY,UNKNOWN,FAIL,FAIL,UNKNOWN,PASS,FAIL,PASS,UNKNOWN,PASS,3,0,3,0,POSSIBLY_STRUCTURAL,HIGH_RISK,DETERIORATING_BUSINESS,READY,192487.48853486974,90.6,40.0,PASS,AVOID,"Phát hiện rủi ro tài chính nghiêm trọng (PROFIT_CASH_DIVERGENCE, WEAK_PROFITABILITY_ROE, UNSTABLE_EARNINGS_HISTORY)."
BVS,NORMAL_ENTERPRISE,2011,2025,15,READY,UNKNOWN,FAIL,FAIL,UNKNOWN,FAIL,FAIL,WATCH,UNKNOWN,PASS,3,0,3,0,POSSIBLY_STRUCTURAL,HIGH_RISK,DETERIORATING_BUSINESS,READY,44221.369079865486,37.812870627469835,45.0,FAIL,AVOID,"Phát hiện rủi ro tài chính nghiêm trọng (PROFIT_CASH_DIVERGENCE, WEAK_PROFITABILITY_ROE, EXCESSIVE_DEBT_LEVERAGE)."
BWA,NORMAL_ENTERPRISE,2016,2025,9,READY,UNKNOWN,PASS,PASS,UNKNOWN,FAIL,FAIL,WATCH,UNKNOWN,PASS,2,0,2,0,POSSIBLY_STRUCTURAL,HIGH_RISK,DETERIORATING_BUSINESS,READY,38369.00229153403,74.72,46.0,PASS,AVOID,"Phát hiện rủi ro tài chính nghiêm trọng (WEAK_PROFITABILITY_ROE, EXCESSIVE_DEBT_LEVERAGE)."
BWE,NORMAL_ENTERPRISE,2011,2025,15,READY,UNKNOWN,PASS,PASS,UNKNOWN,WATCH,FAIL,PASS,UNKNOWN,PASS,1,0,1,0,NO_DETERIORATION,HIGH_RISK,WEAK_BUSINESS,INCOMPLETE,-9007.585905521197,,0.0,UNKNOWN,AVOID,Phát hiện rủi ro tài chính nghiêm trọng (WEAK_PROFITABILITY_ROE).
BWS,NORMAL_ENTERPRISE,2016,2025,10,READY,UNKNOWN,PASS,PASS,UNKNOWN,PASS,PASS,PASS,UNKNOWN,PASS,1,0,0,1,POSSIBLY_CYCLICAL,WATCH,AVERAGE_BUSINESS,READY,29073.917422893668,-6.62,30.0,FAIL,WAIT_FOR_MOS,Doanh nghiệp có chất lượng tốt (AVERAGE_BUSINESS) nhưng mức giá hiện tại (MOS -6.6%) chưa đạt Biên an toàn yêu cầu (30.0%).
BXH,NORMAL_ENTERPRISE,2016,2025,10,READY,UNKNOWN,PASS,PASS,UNKNOWN,PASS,FAIL,WATCH,UNKNOWN,PASS,1,0,1,0,NO_DETERIORATION,HIGH_RISK,WEAK_BUSINESS,READY,38670.41016503977,69.49,50.0,PASS,AVOID,Phát hiện rủi ro tài chính nghiêm trọng (WEAK_PROFITABILITY_ROE).
C21,NORMAL_ENTERPRISE,2016,2025,10,READY,UNKNOWN,FAIL,FAIL,UNKNOWN,PASS,FAIL,WATCH,UNKNOWN,PASS,3,0,3,0,POSSIBLY_STRUCTURAL,HIGH_RISK,DETERIORATING_BUSINESS,READY,1341.9210646002834,-1345.69,40.0,FAIL,AVOID,"Phát hiện rủi ro tài chính nghiêm trọng (PROFIT_CASH_DIVERGENCE, WEAK_PROFITABILITY_ROE, UNSTABLE_EARNINGS_HISTORY)."
C32,NORMAL_ENTERPRISE,2011,2025,15,READY,UNKNOWN,FAIL,FAIL,UNKNOWN,PASS,PASS,WATCH,UNKNOWN,PASS,1,0,1,0,POSSIBLY_STRUCTURAL,HIGH_RISK,DETERIORATING_BUSINESS,READY,14657.055578086862,-15.3,50.0,FAIL,AVOID,Phát hiện rủi ro tài chính nghiêm trọng (PROFIT_CASH_DIVERGENCE).
C47,NORMAL_ENTERPRISE,2016,2025,10,READY,UNKNOWN,FAIL,FAIL,UNKNOWN,FAIL,FAIL,WATCH,UNKNOWN,PASS,4,0,4,0,POSSIBLY_STRUCTURAL,HIGH_RISK,DETERIORATING_BUSINESS,READY,1902.6266183961784,-359.89,45.0,FAIL,AVOID,"Phát hiện rủi ro tài chính nghiêm trọng (PROFIT_CASH_DIVERGENCE, WEAK_PROFITABILITY_ROE, UNSTABLE_EARNINGS_HISTORY, EXCESSIVE_DEBT_LEVERAGE)."
C4G,NORMAL_ENTERPRISE,2010,2025,15,READY,UNKNOWN,FAIL,FAIL,UNKNOWN,PASS,FAIL,PASS,UNKNOWN,WATCH,3,0,2,1,POSSIBLY_STRUCTURAL,HIGH_RISK,DETERIORATING_BUSINESS,READY,3061.489393969511,-76.38,50.0,FAIL,AVOID,"Phát hiện rủi ro tài chính nghiêm trọng (PROFIT_CASH_DIVERGENCE, WEAK_PROFITABILITY_ROE)."
C69,NORMAL_ENTERPRISE,2015,2025,11,READY,UNKNOWN,FAIL,FAIL,UNKNOWN,PASS,FAIL,PASS,UNKNOWN,PASS,2,0,2,0,POSSIBLY_STRUCTURAL,HIGH_RISK,DETERIORATING_BUSINESS,READY,5484.848259115046,-206.3,40.0,FAIL,AVOID,"Phát hiện rủi ro tài chính nghiêm trọng (PROFIT_CASH_DIVERGENCE, WEAK_PROFITABILITY_ROE)."
C92,NORMAL_ENTERPRISE,2016,2022,7,READY,UNKNOWN,FAIL,FAIL,UNKNOWN,FAIL,FAIL,WATCH,UNKNOWN,PASS,4,0,4,0,POSSIBLY_STRUCTURAL,HIGH_RISK,DETERIORATING_BUSINESS,INCOMPLETE,,,0.0,UNKNOWN,AVOID,"Phát hiện rủi ro tài chính nghiêm trọng (PROFIT_CASH_DIVERGENCE, WEAK_PROFITABILITY_ROE, UNSTABLE_EARNINGS_HISTORY, EXCESSIVE_DEBT_LEVERAGE)."
CAD,NORMAL_ENTERPRISE,2016,2025,10,READY,UNKNOWN,UNKNOWN,UNKNOWN,UNKNOWN,PASS,PASS,WATCH,UNKNOWN,PASS,1,0,1,0,NO_DETERIORATION,HIGH_RISK,WEAK_BUSINESS,INCOMPLETE,,,0.0,UNKNOWN,AVOID,Phát hiện rủi ro tài chính nghiêm trọng (UNSTABLE_EARNINGS_HISTORY).
CAG,NORMAL_ENTERPRISE,2016,2025,10,READY,UNKNOWN,PASS,PASS,UNKNOWN,PASS,FAIL,WATCH,UNKNOWN,PASS,1,0,1,0,NO_DETERIORATION,HIGH_RISK,WEAK_BUSINESS,READY,938.3723386516474,-518.0915358538864,35.0,FAIL,AVOID,Phát hiện rủi ro tài chính nghiêm trọng (WEAK_PROFITABILITY_ROE).
CAN,NORMAL_ENTERPRISE,2016,2025,10,READY,UNKNOWN,FAIL,FAIL,UNKNOWN,FAIL,FAIL,WATCH,UNKNOWN,PASS,4,0,4,0,POSSIBLY_STRUCTURAL,HIGH_RISK,DETERIORATING_BUSINESS,READY,27646.701190290296,25.49,50.0,FAIL,AVOID,"Phát hiện rủi ro tài chính nghiêm trọng (PROFIT_CASH_DIVERGENCE, WEAK_PROFITABILITY_ROE, UNSTABLE_EARNINGS_HISTORY, EXCESSIVE_DEBT_LEVERAGE)."
CAP,NORMAL_ENTERPRISE,2011,2025,15,READY,UNKNOWN,FAIL,FAIL,UNKNOWN,PASS,PASS,PASS,UNKNOWN,PASS,1,0,1,0,POSSIBLY_STRUCTURAL,HIGH_RISK,DETERIORATING_BUSINESS,READY,123393.59279353563,66.04361778321194,40.0,PASS,AVOID,Phát hiện rủi ro tài chính nghiêm trọng (PROFIT_CASH_DIVERGENCE).
CAR,NORMAL_ENTERPRISE,2022,2025,4,PARTIAL,UNKNOWN,FAIL,FAIL,UNKNOWN,PASS,FAIL,WATCH,UNKNOWN,PASS,3,0,2,1,POSSIBLY_STRUCTURAL,HIGH_RISK,DETERIORATING_BUSINESS,READY,3468.6263232301967,-465.07,35.0,FAIL,AVOID,"Phát hiện rủi ro tài chính nghiêm trọng (PROFIT_CASH_DIVERGENCE, WEAK_PROFITABILITY_ROE)."
CAT,NORMAL_ENTERPRISE,2016,2025,10,READY,UNKNOWN,PASS,PASS,UNKNOWN,FAIL,PASS,PASS,UNKNOWN,PASS,1,0,1,0,POSSIBLY_STRUCTURAL,HIGH_RISK,DETERIORATING_BUSINESS,READY,244923.69467377945,94.32,30.0,PASS,AVOID,Phát hiện rủi ro tài chính nghiêm trọng (EXCESSIVE_DEBT_LEVERAGE).
CBI,NORMAL_ENTERPRISE,2016,2025,10,READY,UNKNOWN,PASS,PASS,UNKNOWN,FAIL,FAIL,WATCH,UNKNOWN,PASS,3,0,3,0,POSSIBLY_STRUCTURAL,HIGH_RISK,DETERIORATING_BUSINESS,READY,40655.527137395795,68.52,50.0,PASS,AVOID,"Phát hiện rủi ro tài chính nghiêm trọng (WEAK_PROFITABILITY_ROE, UNSTABLE_EARNINGS_HISTORY, EXCESSIVE_DEBT_LEVERAGE)."
CBS,NORMAL_ENTERPRISE,2016,2021,6,READY,UNKNOWN,PASS,PASS,UNKNOWN,PASS,PASS,PASS,UNKNOWN,PASS,2,0,1,1,POSSIBLY_CYCLICAL,HIGH_RISK,AVERAGE_BUSINESS,READY,442072.54241539806,94.59,40.0,PASS,AVOID,Phát hiện rủi ro tài chính nghiêm trọng (UNSTABLE_EARNINGS_HISTORY).
CCA,NORMAL_ENTERPRISE,2016,2025,9,READY,UNKNOWN,FAIL,FAIL,UNKNOWN,FAIL,FAIL,PASS,UNKNOWN,PASS,3,0,3,0,POSSIBLY_STRUCTURAL,HIGH_RISK,DETERIORATING_BUSINESS,READY,259958.54805200332,95.08,43.0,PASS,AVOID,"Phát hiện rủi ro tài chính nghiêm trọng (PROFIT_CASH_DIVERGENCE, WEAK_PROFITABILITY_ROE, EXCESSIVE_DEBT_LEVERAGE)."
CCC,NORMAL_ENTERPRISE,2023,2025,3,PARTIAL,UNKNOWN,FAIL,FAIL,UNKNOWN,FAIL,FAIL,PASS,UNKNOWN,PASS,4,0,3,1,POSSIBLY_STRUCTURAL,HIGH_RISK,DETERIORATING_BUSINESS,READY,16028.048241194669,59.01,45.0,PASS,AVOID,"Phát hiện rủi ro tài chính nghiêm trọng (PROFIT_CASH_DIVERGENCE, WEAK_PROFITABILITY_ROE, EXCESSIVE_DEBT_LEVERAGE)."
CCI,NORMAL_ENTERPRISE,2016,2025,10,READY,UNKNOWN,PASS,PASS,UNKNOWN,FAIL,WATCH,PASS,UNKNOWN,PASS,1,0,1,0,POSSIBLY_STRUCTURAL,HIGH_RISK,DETERIORATING_BUSINESS,READY,241452.99416428147,92.69008857765866,33.0,PASS,AVOID,Phát hiện rủi ro tài chính nghiêm trọng (EXCESSIVE_DEBT_LEVERAGE).
CCL,NORMAL_ENTERPRISE,2016,2025,10,READY,UNKNOWN,FAIL,FAIL,UNKNOWN,PASS,FAIL,PASS,UNKNOWN,PASS,3,0,2,1,POSSIBLY_STRUCTURAL,HIGH_RISK,DETERIORATING_BUSINESS,READY,4985.793826092918,30.0,50.0,FAIL,AVOID,"Phát hiện rủi ro tài chính nghiêm trọng (PROFIT_CASH_DIVERGENCE, WEAK_PROFITABILITY_ROE)."
CCM,NORMAL_ENTERPRISE,2016,2025,10,READY,UNKNOWN,PASS,PASS,UNKNOWN,PASS,WATCH,PASS,UNKNOWN,PASS,0,0,0,0,NO_DETERIORATION,CLEAR,AVERAGE_BUSINESS,READY,217218.0613601362,86.33,40.0,PASS,BUY,Doanh nghiệp đạt chuẩn chất lượng BCTC và mức giá hiện tại (MOS 86.3%) đạt/vượt Biên an toàn yêu cầu (40.0%).
CCP,NORMAL_ENTERPRISE,2016,2025,10,READY,UNKNOWN,FAIL,FAIL,UNKNOWN,PASS,FAIL,WATCH,UNKNOWN,PASS,3,0,3,0,POSSIBLY_STRUCTURAL,HIGH_RISK,DETERIORATING_BUSINESS,READY,33577.558560197336,30.01,40.0,FAIL,AVOID,"Phát hiện rủi ro tài chính nghiêm trọng (PROFIT_CASH_DIVERGENCE, WEAK_PROFITABILITY_ROE, UNSTABLE_EARNINGS_HISTORY)."
CCR,NORMAL_ENTERPRISE,2016,2025,10,READY,UNKNOWN,PASS,PASS,UNKNOWN,PASS,FAIL,PASS,UNKNOWN,PASS,1,0,1,0,NO_DETERIORATION,HIGH_RISK,WEAK_BUSINESS,READY,21670.6558860858,34.01214953913009,35.0,FAIL,AVOID,Phát hiện rủi ro tài chính nghiêm trọng (WEAK_PROFITABILITY_ROE).
CCS,NORMAL_ENTERPRISE,2023,2025,3,PARTIAL,UNKNOWN,FAIL,FAIL,UNKNOWN,PASS,WATCH,WATCH,UNKNOWN,PASS,1,0,1,0,POSSIBLY_STRUCTURAL,HIGH_RISK,DETERIORATING_BUSINESS,READY,11967.790014998127,39.84,35.0,PASS,AVOID,Phát hiện rủi ro tài chính nghiêm trọng (PROFIT_CASH_DIVERGENCE).
CCT,NORMAL_ENTERPRISE,2016,2025,10,READY,UNKNOWN,PASS,PASS,UNKNOWN,PASS,FAIL,WATCH,UNKNOWN,PASS,2,0,2,0,NO_DETERIORATION,HIGH_RISK,WEAK_BUSINESS,READY,8946.953716162252,-0.59,35.0,FAIL,AVOID,"Phát hiện rủi ro tài chính nghiêm trọng (WEAK_PROFITABILITY_ROE, UNSTABLE_EARNINGS_HISTORY)."
CCV,NORMAL_ENTERPRISE,2016,2025,10,READY,UNKNOWN,PASS,PASS,UNKNOWN,FAIL,PASS,PASS,UNKNOWN,PASS,1,0,1,0,POSSIBLY_STRUCTURAL,HIGH_RISK,DETERIORATING_BUSINESS,READY,598931.051681259,91.69,41.0,PASS,AVOID,Phát hiện rủi ro tài chính nghiêm trọng (EXCESSIVE_DEBT_LEVERAGE).
CDC,NORMAL_ENTERPRISE,2011,2025,15,READY,UNKNOWN,FAIL,FAIL,UNKNOWN,FAIL,FAIL,WATCH,UNKNOWN,PASS,3,0,3,0,POSSIBLY_STRUCTURAL,HIGH_RISK,DETERIORATING_BUSINESS,READY,4502.700367949058,-328.63,50.0,FAIL,AVOID,"Phát hiện rủi ro tài chính nghiêm trọng (PROFIT_CASH_DIVERGENCE, WEAK_PROFITABILITY_ROE, EXCESSIVE_DEBT_LEVERAGE)."
CDG,NORMAL_ENTERPRISE,2016,2025,10,READY,UNKNOWN,PASS,PASS,UNKNOWN,PASS,FAIL,PASS,UNKNOWN,PASS,1,0,1,0,NO_DETERIORATION,HIGH_RISK,WEAK_BUSINESS,READY,114575.88603266056,97.91,40.0,PASS,AVOID,Phát hiện rủi ro tài chính nghiêm trọng (WEAK_PROFITABILITY_ROE).
CDN,NORMAL_ENTERPRISE,2016,2025,10,READY,UNKNOWN,PASS,PASS,UNKNOWN,PASS,PASS,PASS,UNKNOWN,PASS,0,0,0,0,NO_DETERIORATION,CLEAR,POTENTIAL_COMPOUNDER,READY,71017.51094786948,64.7974145160462,30.0,PASS,BUY,Doanh nghiệp đạt chuẩn chất lượng BCTC và mức giá hiện tại (MOS 64.8%) đạt/vượt Biên an toàn yêu cầu (30.0%).
CDO,NORMAL_ENTERPRISE,2016,2025,10,READY,UNKNOWN,FAIL,FAIL,UNKNOWN,PASS,FAIL,WATCH,UNKNOWN,PASS,3,0,3,0,POSSIBLY_STRUCTURAL,HIGH_RISK,DETERIORATING_BUSINESS,READY,205.54822656178942,-629.76,35.0,FAIL,AVOID,"Phát hiện rủi ro tài chính nghiêm trọng (PROFIT_CASH_DIVERGENCE, WEAK_PROFITABILITY_ROE, UNSTABLE_EARNINGS_HISTORY)."
CDP,NORMAL_ENTERPRISE,2016,2025,10,READY,UNKNOWN,FAIL,FAIL,UNKNOWN,FAIL,WATCH,PASS,UNKNOWN,PASS,2,0,2,0,POSSIBLY_STRUCTURAL,HIGH_RISK,DETERIORATING_BUSINESS,READY,28678.152556840312,63.39,35.0,PASS,AVOID,"Phát hiện rủi ro tài chính nghiêm trọng (PROFIT_CASH_DIVERGENCE, EXCESSIVE_DEBT_LEVERAGE)."
CDR,NORMAL_ENTERPRISE,2016,2025,10,READY,UNKNOWN,FAIL,FAIL,UNKNOWN,FAIL,FAIL,WATCH,UNKNOWN,PASS,3,0,3,0,POSSIBLY_STRUCTURAL,HIGH_RISK,DETERIORATING_BUSINESS,READY,3083.2233984268414,-32.98,40.0,FAIL,AVOID,"Phát hiện rủi ro tài chính nghiêm trọng (PROFIT_CASH_DIVERGENCE, WEAK_PROFITABILITY_ROE, EXCESSIVE_DEBT_LEVERAGE)."
CEN,NORMAL_ENTERPRISE,2016,2025,10,READY,UNKNOWN,FAIL,FAIL,UNKNOWN,PASS,FAIL,WATCH,UNKNOWN,PASS,3,0,3,0,POSSIBLY_STRUCTURAL,HIGH_RISK,DETERIORATING_BUSINESS,READY,9548.0466531928,84.29,40.0,PASS,AVOID,"Phát hiện rủi ro tài chính nghiêm trọng (PROFIT_CASH_DIVERGENCE, WEAK_PROFITABILITY_ROE, UNSTABLE_EARNINGS_HISTORY)."
CEO,NORMAL_ENTERPRISE,2012,2025,14,READY,UNKNOWN,FAIL,FAIL,UNKNOWN,PASS,FAIL,PASS,UNKNOWN,WATCH,3,0,2,1,POSSIBLY_STRUCTURAL,HIGH_RISK,DETERIORATING_BUSINESS,READY,6367.308836057772,-86.89,50.0,FAIL,AVOID,"Phát hiện rủi ro tài chính nghiêm trọng (PROFIT_CASH_DIVERGENCE, WEAK_PROFITABILITY_ROE)."
CET,NORMAL_ENTERPRISE,2016,2025,10,READY,UNKNOWN,FAIL,FAIL,UNKNOWN,PASS,FAIL,WATCH,UNKNOWN,PASS,3,0,3,0,POSSIBLY_STRUCTURAL,HIGH_RISK,DETERIORATING_BUSINESS,INCOMPLETE,,,0.0,UNKNOWN,AVOID,"Phát hiện rủi ro tài chính nghiêm trọng (PROFIT_CASH_DIVERGENCE, WEAK_PROFITABILITY_ROE, UNSTABLE_EARNINGS_HISTORY)."
CFM,NORMAL_ENTERPRISE,2017,2025,9,READY,UNKNOWN,FAIL,FAIL,UNKNOWN,PASS,FAIL,WATCH,UNKNOWN,PASS,3,0,3,0,POSSIBLY_STRUCTURAL,HIGH_RISK,DETERIORATING_BUSINESS,READY,12949.538273392734,58.3,40.0,PASS,AVOID,"Phát hiện rủi ro tài chính nghiêm trọng (PROFIT_CASH_DIVERGENCE, WEAK_PROFITABILITY_ROE, UNSTABLE_EARNINGS_HISTORY)."
CGV,NORMAL_ENTERPRISE,2016,2025,9,READY,UNKNOWN,FAIL,FAIL,UNKNOWN,PASS,FAIL,WATCH,UNKNOWN,PASS,3,0,3,0,POSSIBLY_STRUCTURAL,HIGH_RISK,DETERIORATING_BUSINESS,READY,3407.7732298401934,3.16,40.0,FAIL,AVOID,"Phát hiện rủi ro tài chính nghiêm trọng (PROFIT_CASH_DIVERGENCE, WEAK_PROFITABILITY_ROE, UNSTABLE_EARNINGS_HISTORY)."
CH5,NORMAL_ENTERPRISE,2016,2016,1,INSUFFICIENT,UNKNOWN,UNKNOWN,UNKNOWN,UNKNOWN,WATCH,PASS,WATCH,UNKNOWN,PASS,0,0,0,0,NO_DETERIORATION,CLEAR,INSUFFICIENT_DATA,INCOMPLETE,,,35.0,UNKNOWN,REVIEW_BUSINESS,Chưa đủ dữ liệu tài chính lịch sử (dưới 3-5 năm) để hoàn thành đánh giá BCTC.
CHC,NORMAL_ENTERPRISE,2016,2025,10,READY,UNKNOWN,FAIL,FAIL,UNKNOWN,PASS,PASS,WATCH,UNKNOWN,PASS,2,0,1,1,POSSIBLY_STRUCTURAL,HIGH_RISK,DETERIORATING_BUSINESS,READY,3865.533812953055,-88.85,40.0,FAIL,AVOID,Phát hiện rủi ro tài chính nghiêm trọng (PROFIT_CASH_DIVERGENCE).
CHP,NORMAL_ENTERPRISE,2016,2025,10,READY,UNKNOWN,PASS,PASS,UNKNOWN,PASS,PASS,PASS,UNKNOWN,PASS,0,0,0,0,NO_DETERIORATION,CLEAR,AVERAGE_BUSINESS,READY,36711.075252982,29.31288495045617,30.0,FAIL,WAIT_FOR_MOS,Doanh nghiệp có chất lượng tốt (AVERAGE_BUSINESS) nhưng mức giá hiện tại (MOS 29.3%) chưa đạt Biên an toàn yêu cầu (30.0%).
CHS,NORMAL_ENTERPRISE,2016,2025,10,READY,UNKNOWN,FAIL,FAIL,UNKNOWN,PASS,WATCH,WATCH,UNKNOWN,PASS,1,0,1,0,POSSIBLY_STRUCTURAL,HIGH_RISK,DETERIORATING_BUSINESS,READY,15886.798555844189,37.05,35.0,PASS,AVOID,Phát hiện rủi ro tài chính nghiêm trọng (PROFIT_CASH_DIVERGENCE).
CIA,NORMAL_ENTERPRISE,2016,2025,10,READY,UNKNOWN,FAIL,FAIL,UNKNOWN,PASS,FAIL,WATCH,UNKNOWN,PASS,4,0,3,1,POSSIBLY_STRUCTURAL,HIGH_RISK,DETERIORATING_BUSINESS,READY,12464.796198987658,25.39,35.0,FAIL,AVOID,"Phát hiện rủi ro tài chính nghiêm trọng (PROFIT_CASH_DIVERGENCE, WEAK_PROFITABILITY_ROE, UNSTABLE_EARNINGS_HISTORY)."
CID,NORMAL_ENTERPRISE,2016,2025,10,READY,UNKNOWN,FAIL,FAIL,UNKNOWN,PASS,WATCH,PASS,UNKNOWN,PASS,1,0,1,0,POSSIBLY_STRUCTURAL,HIGH_RISK,DETERIORATING_BUSINESS,READY,23544.615042532245,68.15,35.0,PASS,AVOID,Phát hiện rủi ro tài chính nghiêm trọng (PROFIT_CASH_DIVERGENCE).
CIG,NORMAL_ENTERPRISE,2016,2025,10,READY,UNKNOWN,FAIL,FAIL,UNKNOWN,FAIL,FAIL,PASS,UNKNOWN,PASS,5,0,4,1,POSSIBLY_STRUCTURAL,HIGH_RISK,DETERIORATING_BUSINESS,READY,30665.898908741503,76.33,50.0,PASS,AVOID,"Phát hiện rủi ro tài chính nghiêm trọng (PROFIT_CASH_DIVERGENCE, WEAK_PROFITABILITY_ROE, UNSTABLE_EARNINGS_HISTORY, EXCESSIVE_DEBT_LEVERAGE)."
CII,NORMAL_ENTERPRISE,2011,2025,15,READY,UNKNOWN,FAIL,FAIL,UNKNOWN,FAIL,FAIL,WATCH,UNKNOWN,WATCH,4,0,3,1,POSSIBLY_STRUCTURAL,HIGH_RISK,DETERIORATING_BUSINESS,INCOMPLETE,-24734.160633296375,,0.0,UNKNOWN,AVOID,"Phát hiện rủi ro tài chính nghiêm trọng (PROFIT_CASH_DIVERGENCE, WEAK_PROFITABILITY_ROE, EXCESSIVE_DEBT_LEVERAGE)."
CIP,NORMAL_ENTERPRISE,2016,2025,10,READY,UNKNOWN,FAIL,FAIL,UNKNOWN,FAIL,FAIL,WATCH,UNKNOWN,PASS,4,0,4,0,POSSIBLY_STRUCTURAL,HIGH_RISK,DETERIORATING_BUSINESS,READY,51798.15309357094,96.91,45.0,PASS,AVOID,"Phát hiện rủi ro tài chính nghiêm trọng (PROFIT_CASH_DIVERGENCE, WEAK_PROFITABILITY_ROE, UNSTABLE_EARNINGS_HISTORY, EXCESSIVE_DEBT_LEVERAGE)."
CJC,NORMAL_ENTERPRISE,2016,2025,10,READY,UNKNOWN,FAIL,FAIL,UNKNOWN,WATCH,FAIL,WATCH,UNKNOWN,PASS,4,0,3,1,POSSIBLY_STRUCTURAL,HIGH_RISK,DETERIORATING_BUSINESS,READY,37781.69962133459,47.59,46.0,PASS,AVOID,"Phát hiện rủi ro tài chính nghiêm trọng (PROFIT_CASH_DIVERGENCE, WEAK_PROFITABILITY_ROE, UNSTABLE_EARNINGS_HISTORY)."
CKA,NORMAL_ENTERPRISE,2016,2025,10,READY,UNKNOWN,FAIL,FAIL,UNKNOWN,PASS,PASS,PASS,UNKNOWN,PASS,1,0,1,0,POSSIBLY_STRUCTURAL,HIGH_RISK,DETERIORATING_BUSINESS,READY,40506.62637518303,-67.63,46.0,FAIL,AVOID,Phát hiện rủi ro tài chính nghiêm trọng (PROFIT_CASH_DIVERGENCE).
CKD,NORMAL_ENTERPRISE,2016,2025,10,READY,UNKNOWN,FAIL,FAIL,UNKNOWN,FAIL,PASS,PASS,UNKNOWN,PASS,2,0,2,0,POSSIBLY_STRUCTURAL,HIGH_RISK,DETERIORATING_BUSINESS,READY,27733.079445552936,31.13,40.0,FAIL,AVOID,"Phát hiện rủi ro tài chính nghiêm trọng (PROFIT_CASH_DIVERGENCE, EXCESSIVE_DEBT_LEVERAGE)."
CKG,NORMAL_ENTERPRISE,2016,2025,10,READY,UNKNOWN,FAIL,FAIL,UNKNOWN,WATCH,PASS,WATCH,UNKNOWN,PASS,2,0,1,1,POSSIBLY_STRUCTURAL,HIGH_RISK,DETERIORATING_BUSINESS,READY,4228.107265803454,-32.45,50.0,FAIL,AVOID,Phát hiện rủi ro tài chính nghiêm trọng (PROFIT_CASH_DIVERGENCE).
CKV,NORMAL_ENTERPRISE,2016,2025,10,READY,UNKNOWN,PASS,PASS,UNKNOWN,WATCH,FAIL,WATCH,UNKNOWN,PASS,1,0,1,0,NO_DETERIORATION,HIGH_RISK,WEAK_BUSINESS,READY,69485.32732064393,81.29,33.0,PASS,AVOID,Phát hiện rủi ro tài chính nghiêm trọng (WEAK_PROFITABILITY_ROE).
CLC,NORMAL_ENTERPRISE,2016,2025,10,READY,UNKNOWN,FAIL,FAIL,UNKNOWN,WATCH,PASS,PASS,UNKNOWN,PASS,2,0,1,1,POSSIBLY_STRUCTURAL,HIGH_RISK,DETERIORATING_BUSINESS,READY,87481.37550091892,38.27,41.0,FAIL,AVOID,Phát hiện rủi ro tài chính nghiêm trọng (PROFIT_CASH_DIVERGENCE).
CLH,NORMAL_ENTERPRISE,2016,2025,10,READY,UNKNOWN,PASS,PASS,UNKNOWN,PASS,PASS,WATCH,UNKNOWN,PASS,0,0,0,0,NO_DETERIORATION,CLEAR,AVERAGE_BUSINESS,READY,78861.4122683831,74.63905422853003,50.0,PASS,BUY,Doanh nghiệp đạt chuẩn chất lượng BCTC và mức giá hiện tại (MOS 74.6%) đạt/vượt Biên an toàn yêu cầu (50.0%).
CLI,NORMAL_ENTERPRISE,2025,2025,1,INSUFFICIENT,UNKNOWN,UNKNOWN,UNKNOWN,UNKNOWN,WATCH,FAIL,WATCH,UNKNOWN,PASS,1,0,1,0,NO_DETERIORATION,HIGH_RISK,INSUFFICIENT_DATA,READY,37240.23164509655,28.57,41.0,FAIL,AVOID,Phát hiện rủi ro tài chính nghiêm trọng (WEAK_PROFITABILITY_ROE).
CLL,NORMAL_ENTERPRISE,2016,2025,10,READY,UNKNOWN,PASS,PASS,UNKNOWN,PASS,WATCH,WATCH,UNKNOWN,PASS,0,0,0,0,NO_DETERIORATION,CLEAR,AVERAGE_BUSINESS,READY,45704.25272962142,40.48693857678721,30.0,PASS,BUY,Doanh nghiệp đạt chuẩn chất lượng BCTC và mức giá hiện tại (MOS 40.5%) đạt/vượt Biên an toàn yêu cầu (30.0%).
CLM,NORMAL_ENTERPRISE,2016,2025,10,READY,UNKNOWN,FAIL,FAIL,UNKNOWN,WATCH,PASS,PASS,UNKNOWN,PASS,1,0,1,0,POSSIBLY_STRUCTURAL,HIGH_RISK,DETERIORATING_BUSINESS,READY,129495.38273392734,56.76,45.0,PASS,AVOID,Phát hiện rủi ro tài chính nghiêm trọng (PROFIT_CASH_DIVERGENCE).
CLW,NORMAL_ENTERPRISE,2016,2025,10,READY,UNKNOWN,PASS,PASS,UNKNOWN,WATCH,WATCH,PASS,UNKNOWN,PASS,0,0,0,0,NO_DETERIORATION,CLEAR,AVERAGE_BUSINESS,INCOMPLETE,-4131.316539295167,,0.0,UNKNOWN,WAIT_FOR_MOS,Doanh nghiệp chất lượng ổn định nhưng chưa có định giá chuẩn để xác định Biên an toàn.
CLX,NORMAL_ENTERPRISE,2011,2025,15,READY,UNKNOWN,FAIL,FAIL,UNKNOWN,PASS,WATCH,PASS,UNKNOWN,PASS,1,0,1,0,POSSIBLY_STRUCTURAL,HIGH_RISK,DETERIORATING_BUSINESS,READY,16208.855801395046,20.41,35.0,FAIL,AVOID,Phát hiện rủi ro tài chính nghiêm trọng (PROFIT_CASH_DIVERGENCE).
CMC,NORMAL_ENTERPRISE,2016,2025,10,READY,UNKNOWN,FAIL,FAIL,UNKNOWN,WATCH,FAIL,WATCH,UNKNOWN,PASS,3,0,3,0,POSSIBLY_STRUCTURAL,HIGH_RISK,DETERIORATING_BUSINESS,READY,303383.1173439006,97.13,40.0,PASS,AVOID,"Phát hiện rủi ro tài chính nghiêm trọng (PROFIT_CASH_DIVERGENCE, WEAK_PROFITABILITY_ROE, UNSTABLE_EARNINGS_HISTORY)."
CMD,NORMAL_ENTERPRISE,2016,2025,10,READY,UNKNOWN,FAIL,FAIL,UNKNOWN,WATCH,PASS,WATCH,UNKNOWN,PASS,1,0,1,0,POSSIBLY_STRUCTURAL,HIGH_RISK,DETERIORATING_BUSINESS,READY,13381.189549172492,-33.77,40.0,FAIL,AVOID,Phát hiện rủi ro tài chính nghiêm trọng (PROFIT_CASH_DIVERGENCE).
CMF,NORMAL_ENTERPRISE,2016,2025,10,READY,UNKNOWN,WATCH,WATCH,UNKNOWN,PASS,PASS,PASS,UNKNOWN,PASS,1,0,0,1,POSSIBLY_CYCLICAL,WATCH,COMPOUNDER,READY,668110.2760815928,48.14,30.0,PASS,BUY,Doanh nghiệp đạt chuẩn chất lượng BCTC và mức giá hiện tại (MOS 48.1%) đạt/vượt Biên an toàn yêu cầu (30.0%).
CMG,NORMAL_ENTERPRISE,2011,2025,15,READY,UNKNOWN,PASS,PASS,UNKNOWN,WATCH,FAIL,WATCH,UNKNOWN,WATCH,3,0,2,1,POSSIBLY_CYCLICAL,HIGH_RISK,WEAK_BUSINESS,READY,30721.220358156123,23.99,36.0,FAIL,AVOID,"Phát hiện rủi ro tài chính nghiêm trọng (WEAK_PROFITABILITY_ROE, UNSTABLE_EARNINGS_HISTORY)."
CMI,NORMAL_ENTERPRISE,2016,2025,10,READY,UNKNOWN,FAIL,FAIL,UNKNOWN,PASS,FAIL,WATCH,UNKNOWN,PASS,3,0,3,0,POSSIBLY_STRUCTURAL,HIGH_RISK,DETERIORATING_BUSINESS,READY,13818.610182786251,91.32,45.0,PASS,AVOID,"Phát hiện rủi ro tài chính nghiêm trọng (PROFIT_CASH_DIVERGENCE, WEAK_PROFITABILITY_ROE, UNSTABLE_EARNINGS_HISTORY)."
CMK,NORMAL_ENTERPRISE,2016,2025,10,READY,UNKNOWN,FAIL,FAIL,UNKNOWN,FAIL,FAIL,WATCH,UNKNOWN,PASS,3,0,3,0,POSSIBLY_STRUCTURAL,HIGH_RISK,DETERIORATING_BUSINESS,READY,4624.835097640263,-68.65,50.0,FAIL,AVOID,"Phát hiện rủi ro tài chính nghiêm trọng (PROFIT_CASH_DIVERGENCE, WEAK_PROFITABILITY_ROE, EXCESSIVE_DEBT_LEVERAGE)."
CMM,NORMAL_ENTERPRISE,2020,2025,6,READY,UNKNOWN,FAIL,FAIL,UNKNOWN,FAIL,FAIL,PASS,UNKNOWN,PASS,4,0,3,1,POSSIBLY_STRUCTURAL,HIGH_RISK,DETERIORATING_BUSINESS,READY,16642.282450396306,-0.95,35.0,FAIL,AVOID,"Phát hiện rủi ro tài chính nghiêm trọng (PROFIT_CASH_DIVERGENCE, WEAK_PROFITABILITY_ROE, EXCESSIVE_DEBT_LEVERAGE)."
CMN,NORMAL_ENTERPRISE,2016,2025,10,READY,UNKNOWN,FAIL,FAIL,UNKNOWN,WATCH,PASS,WATCH,UNKNOWN,PASS,1,0,1,0,POSSIBLY_STRUCTURAL,HIGH_RISK,DETERIORATING_BUSINESS,READY,34529.17035183141,52.21,35.0,PASS,AVOID,Phát hiện rủi ro tài chính nghiêm trọng (PROFIT_CASH_DIVERGENCE).
CMP,NORMAL_ENTERPRISE,2016,2025,10,READY,UNKNOWN,PASS,PASS,UNKNOWN,WATCH,FAIL,WATCH,UNKNOWN,PASS,2,0,2,0,NO_DETERIORATION,HIGH_RISK,WEAK_BUSINESS,READY,16597.35108087088,51.8,43.0,PASS,AVOID,"Phát hiện rủi ro tài chính nghiêm trọng (WEAK_PROFITABILITY_ROE, UNSTABLE_EARNINGS_HISTORY)."
CMS,NORMAL_ENTERPRISE,2011,2025,15,READY,UNKNOWN,FAIL,FAIL,UNKNOWN,PASS,FAIL,PASS,UNKNOWN,PASS,2,0,2,0,POSSIBLY_STRUCTURAL,HIGH_RISK,DETERIORATING_BUSINESS,READY,13324.196567766221,59.47,45.0,PASS,AVOID,"Phát hiện rủi ro tài chính nghiêm trọng (PROFIT_CASH_DIVERGENCE, WEAK_PROFITABILITY_ROE)."
CMT,NORMAL_ENTERPRISE,2016,2025,10,READY,UNKNOWN,FAIL,FAIL,UNKNOWN,WATCH,FAIL,PASS,UNKNOWN,PASS,2,0,2,0,POSSIBLY_STRUCTURAL,HIGH_RISK,DETERIORATING_BUSINESS,READY,118164.5367447087,91.45,43.0,PASS,AVOID,"Phát hiện rủi ro tài chính nghiêm trọng (PROFIT_CASH_DIVERGENCE, WEAK_PROFITABILITY_ROE)."
CMV,NORMAL_ENTERPRISE,2016,2025,10,READY,UNKNOWN,FAIL,FAIL,UNKNOWN,WATCH,FAIL,WATCH,UNKNOWN,PASS,2,0,2,0,POSSIBLY_STRUCTURAL,HIGH_RISK,DETERIORATING_BUSINESS,READY,23479.93203417364,61.75,41.0,PASS,AVOID,"Phát hiện rủi ro tài chính nghiêm trọng (PROFIT_CASH_DIVERGENCE, WEAK_PROFITABILITY_ROE)."
CMW,NORMAL_ENTERPRISE,2016,2025,10,READY,UNKNOWN,PASS,PASS,UNKNOWN,WATCH,FAIL,PASS,UNKNOWN,PASS,1,0,1,0,NO_DETERIORATION,HIGH_RISK,WEAK_BUSINESS,READY,46422.65550960486,69.84,38.0,PASS,AVOID,Phát hiện rủi ro tài chính nghiêm trọng (WEAK_PROFITABILITY_ROE).
CMX,NORMAL_ENTERPRISE,2016,2025,10,READY,UNKNOWN,FAIL,FAIL,UNKNOWN,FAIL,FAIL,WATCH,UNKNOWN,PASS,3,0,3,0,POSSIBLY_STRUCTURAL,HIGH_RISK,DETERIORATING_BUSINESS,READY,3883.860695921473,-17.41,50.0,FAIL,AVOID,"Phát hiện rủi ro tài chính nghiêm trọng (PROFIT_CASH_DIVERGENCE, WEAK_PROFITABILITY_ROE, EXCESSIVE_DEBT_LEVERAGE)."
CNA,NORMAL_ENTERPRISE,2020,2025,6,READY,UNKNOWN,UNKNOWN,UNKNOWN,UNKNOWN,WATCH,FAIL,WATCH,UNKNOWN,PASS,2,0,2,0,NO_DETERIORATION,HIGH_RISK,WEAK_BUSINESS,READY,7617.375454936902,-476.31,50.0,FAIL,AVOID,"Phát hiện rủi ro tài chính nghiêm trọng (WEAK_PROFITABILITY_ROE, UNSTABLE_EARNINGS_HISTORY)."
CNC,NORMAL_ENTERPRISE,2016,2025,10,READY,UNKNOWN,PASS,PASS,UNKNOWN,WATCH,PASS,WATCH,UNKNOWN,PASS,0,0,0,0,NO_DETERIORATION,CLEAR,AVERAGE_BUSINESS,READY,51116.5984476029,38.38,43.0,FAIL,WAIT_FOR_MOS,Doanh nghiệp có chất lượng tốt (AVERAGE_BUSINESS) nhưng mức giá hiện tại (MOS 38.4%) chưa đạt Biên an toàn yêu cầu (43.0%).
CNG,NORMAL_ENTERPRISE,2016,2025,10,READY,UNKNOWN,PASS,PASS,UNKNOWN,FAIL,PASS,WATCH,UNKNOWN,PASS,1,0,1,0,POSSIBLY_STRUCTURAL,HIGH_RISK,DETERIORATING_BUSINESS,INCOMPLETE,-23109.0759648321,,0.0,UNKNOWN,AVOID,Phát hiện rủi ro tài chính nghiêm trọng (EXCESSIVE_DEBT_LEVERAGE).
CNN,NORMAL_ENTERPRISE,2016,2025,10,READY,UNKNOWN,PASS,PASS,UNKNOWN,FAIL,WATCH,PASS,UNKNOWN,PASS,2,0,1,1,POSSIBLY_STRUCTURAL,HIGH_RISK,DETERIORATING_BUSINESS,READY,285728.40494153043,80.58,41.0,PASS,AVOID,Phát hiện rủi ro tài chính nghiêm trọng (EXCESSIVE_DEBT_LEVERAGE).
CNT,NORMAL_ENTERPRISE,2016,2025,10,READY,UNKNOWN,FAIL,FAIL,UNKNOWN,PASS,PASS,WATCH,UNKNOWN,PASS,2,0,2,0,POSSIBLY_STRUCTURAL,HIGH_RISK,DETERIORATING_BUSINESS,READY,1779.3258696264825,-181.01,40.0,FAIL,AVOID,"Phát hiện rủi ro tài chính nghiêm trọng (PROFIT_CASH_DIVERGENCE, UNSTABLE_EARNINGS_HISTORY)."
COM,NORMAL_ENTERPRISE,2016,2025,10,READY,UNKNOWN,PASS,PASS,UNKNOWN,PASS,FAIL,WATCH,UNKNOWN,PASS,1,0,1,0,NO_DETERIORATION,HIGH_RISK,WEAK_BUSINESS,READY,25715.395152836634,2.98,35.0,FAIL,AVOID,Phát hiện rủi ro tài chính nghiêm trọng (WEAK_PROFITABILITY_ROE).
CPA,NORMAL_ENTERPRISE,2016,2025,10,READY,UNKNOWN,UNKNOWN,UNKNOWN,UNKNOWN,FAIL,FAIL,WATCH,UNKNOWN,PASS,3,0,3,0,POSSIBLY_STRUCTURAL,HIGH_RISK,DETERIORATING_BUSINESS,READY,548.7092488725734,-1467.31,45.0,FAIL,AVOID,"Phát hiện rủi ro tài chính nghiêm trọng (WEAK_PROFITABILITY_ROE, UNSTABLE_EARNINGS_HISTORY, EXCESSIVE_DEBT_LEVERAGE)."
CPC,NORMAL_ENTERPRISE,2016,2025,10,READY,UNKNOWN,FAIL,FAIL,UNKNOWN,PASS,WATCH,WATCH,UNKNOWN,PASS,1,0,1,0,POSSIBLY_STRUCTURAL,HIGH_RISK,DETERIORATING_BUSINESS,READY,27403.409550219385,41.98,50.0,FAIL,AVOID,Phát hiện rủi ro tài chính nghiêm trọng (PROFIT_CASH_DIVERGENCE).
CPH,NORMAL_ENTERPRISE,2016,2025,10,READY,UNKNOWN,PASS,PASS,UNKNOWN,FAIL,PASS,WATCH,UNKNOWN,PASS,1,0,1,0,POSSIBLY_STRUCTURAL,HIGH_RISK,DETERIORATING_BUSINESS,READY,47089.23008506449,99.36,41.0,PASS,AVOID,Phát hiện rủi ro tài chính nghiêm trọng (EXCESSIVE_DEBT_LEVERAGE).
CPI,NORMAL_ENTERPRISE,2016,2025,10,READY,UNKNOWN,FAIL,FAIL,UNKNOWN,PASS,PASS,WATCH,UNKNOWN,PASS,2,0,2,0,POSSIBLY_STRUCTURAL,HIGH_RISK,DETERIORATING_BUSINESS,READY,6057.472956837809,29.01,41.0,FAIL,AVOID,"Phát hiện rủi ro tài chính nghiêm trọng (PROFIT_CASH_DIVERGENCE, UNSTABLE_EARNINGS_HISTORY)."
CQN,NORMAL_ENTERPRISE,2014,2025,12,READY,UNKNOWN,FAIL,FAIL,UNKNOWN,PASS,WATCH,PASS,UNKNOWN,PASS,1,0,1,0,POSSIBLY_STRUCTURAL,HIGH_RISK,DETERIORATING_BUSINESS,READY,80548.08194090829,62.88,35.0,PASS,AVOID,Phát hiện rủi ro tài chính nghiêm trọng (PROFIT_CASH_DIVERGENCE).
CQT,NORMAL_ENTERPRISE,2016,2025,10,READY,UNKNOWN,PASS,PASS,UNKNOWN,PASS,FAIL,WATCH,UNKNOWN,PASS,1,0,1,0,NO_DETERIORATION,HIGH_RISK,WEAK_BUSINESS,READY,24345.13195397834,73.71,43.0,PASS,AVOID,Phát hiện rủi ro tài chính nghiêm trọng (WEAK_PROFITABILITY_ROE).
CRC,NORMAL_ENTERPRISE,2014,2025,12,READY,UNKNOWN,FAIL,FAIL,UNKNOWN,PASS,FAIL,PASS,UNKNOWN,PASS,2,0,2,0,POSSIBLY_STRUCTURAL,HIGH_RISK,DETERIORATING_BUSINESS,READY,3284.7154888721066,-57.7,50.0,FAIL,AVOID,"Phát hiện rủi ro tài chính nghiêm trọng (PROFIT_CASH_DIVERGENCE, WEAK_PROFITABILITY_ROE)."
CRE,NORMAL_ENTERPRISE,2015,2025,11,READY,UNKNOWN,FAIL,FAIL,UNKNOWN,PASS,WATCH,WATCH,UNKNOWN,PASS,3,0,2,1,POSSIBLY_STRUCTURAL,HIGH_RISK,DETERIORATING_BUSINESS,READY,2606.719008878705,-134.01,50.0,FAIL,AVOID,"Phát hiện rủi ro tài chính nghiêm trọng (PROFIT_CASH_DIVERGENCE, INVENTORY_BUILDUP)."
CRV,NORMAL_ENTERPRISE,2021,2025,5,READY,UNKNOWN,PASS,PASS,UNKNOWN,PASS,FAIL,PASS,UNKNOWN,PASS,1,0,1,0,NO_DETERIORATION,HIGH_RISK,WEAK_BUSINESS,READY,52499.54944407221,55.62,50.0,PASS,AVOID,Phát hiện rủi ro tài chính nghiêm trọng (WEAK_PROFITABILITY_ROE).
CSC,NORMAL_ENTERPRISE,2016,2025,10,READY,UNKNOWN,FAIL,FAIL,UNKNOWN,WATCH,WATCH,PASS,UNKNOWN,PASS,2,0,1,1,POSSIBLY_STRUCTURAL,HIGH_RISK,DETERIORATING_BUSINESS,READY,19360.46659671356,54.03,50.0,PASS,AVOID,Phát hiện rủi ro tài chính nghiêm trọng (PROFIT_CASH_DIVERGENCE).
CSI,NORMAL_ENTERPRISE,2016,2025,10,READY,UNKNOWN,FAIL,FAIL,UNKNOWN,PASS,FAIL,WATCH,UNKNOWN,PASS,3,0,3,0,POSSIBLY_STRUCTURAL,HIGH_RISK,DETERIORATING_BUSINESS,READY,9633.715706336441,-55.7,35.0,FAIL,AVOID,"Phát hiện rủi ro tài chính nghiêm trọng (PROFIT_CASH_DIVERGENCE, WEAK_PROFITABILITY_ROE, UNSTABLE_EARNINGS_HISTORY)."
CSM,NORMAL_ENTERPRISE,2011,2025,15,READY,UNKNOWN,FAIL,FAIL,UNKNOWN,WATCH,FAIL,WATCH,UNKNOWN,PASS,2,0,2,0,POSSIBLY_STRUCTURAL,HIGH_RISK,DETERIORATING_BUSINESS,READY,16502.600755238836,22.74,48.0,FAIL,AVOID,"Phát hiện rủi ro tài chính nghiêm trọng (PROFIT_CASH_DIVERGENCE, WEAK_PROFITABILITY_ROE)."
CST,NORMAL_ENTERPRISE,2019,2025,7,READY,UNKNOWN,PASS,PASS,UNKNOWN,WATCH,WATCH,WATCH,UNKNOWN,PASS,1,0,0,1,POSSIBLY_CYCLICAL,WATCH,AVERAGE_BUSINESS,READY,70116.44771457971,85.74,50.0,PASS,BUY,Doanh nghiệp đạt chuẩn chất lượng BCTC và mức giá hiện tại (MOS 85.7%) đạt/vượt Biên an toàn yêu cầu (50.0%).
CSV,NORMAL_ENTERPRISE,2012,2025,14,READY,UNKNOWN,WATCH,WATCH,UNKNOWN,PASS,PASS,PASS,UNKNOWN,WATCH,2,0,0,2,POSSIBLY_CYCLICAL,WATCH,AVERAGE_BUSINESS,READY,21713.871845431626,3.978433010846821,50.0,FAIL,WAIT_FOR_MOS,Doanh nghiệp có chất lượng tốt (AVERAGE_BUSINESS) nhưng mức giá hiện tại (MOS 4.0%) chưa đạt Biên an toàn yêu cầu (50.0%).
CT6,NORMAL_ENTERPRISE,2016,2025,10,READY,UNKNOWN,PASS,PASS,UNKNOWN,FAIL,FAIL,WATCH,UNKNOWN,PASS,3,0,3,0,POSSIBLY_STRUCTURAL,HIGH_RISK,DETERIORATING_BUSINESS,READY,16983.001014285554,63.49,50.0,PASS,AVOID,"Phát hiện rủi ro tài chính nghiêm trọng (WEAK_PROFITABILITY_ROE, UNSTABLE_EARNINGS_HISTORY, EXCESSIVE_DEBT_LEVERAGE)."
CTB,NORMAL_ENTERPRISE,2016,2025,10,READY,UNKNOWN,FAIL,FAIL,UNKNOWN,WATCH,PASS,PASS,UNKNOWN,PASS,2,0,1,1,POSSIBLY_STRUCTURAL,HIGH_RISK,DETERIORATING_BUSINESS,READY,51166.4682997469,68.33863946775445,38.0,PASS,AVOID,Phát hiện rủi ro tài chính nghiêm trọng (PROFIT_CASH_DIVERGENCE).
CTD,NORMAL_ENTERPRISE,2011,2025,15,READY,UNKNOWN,FAIL,FAIL,UNKNOWN,PASS,WATCH,PASS,UNKNOWN,WATCH,2,0,1,1,POSSIBLY_STRUCTURAL,HIGH_RISK,DETERIORATING_BUSINESS,READY,97411.08611206083,40.46,45.0,FAIL,AVOID,Phát hiện rủi ro tài chính nghiêm trọng (PROFIT_CASH_DIVERGENCE).
CTF,NORMAL_ENTERPRISE,2014,2025,12,READY,UNKNOWN,FAIL,FAIL,UNKNOWN,FAIL,FAIL,WATCH,UNKNOWN,PASS,3,0,3,0,POSSIBLY_STRUCTURAL,HIGH_RISK,DETERIORATING_BUSINESS,READY,616.447989575739,-3347.17,45.0,FAIL,AVOID,"Phát hiện rủi ro tài chính nghiêm trọng (PROFIT_CASH_DIVERGENCE, WEAK_PROFITABILITY_ROE, EXCESSIVE_DEBT_LEVERAGE)."
CTG,BANK,2011,2025,15,READY,UNKNOWN,NOT_APPLICABLE,NOT_APPLICABLE,UNKNOWN,PASS,PASS,PASS,UNKNOWN,PASS,0,0,0,0,NO_DETERIORATION,CLEAR,POTENTIAL_COMPOUNDER,READY,42557.018072185536,29.623828555848096,35.0,FAIL,WAIT_FOR_MOS,Doanh nghiệp có chất lượng tốt (POTENTIAL_COMPOUNDER) nhưng mức giá hiện tại (MOS 29.6%) chưa đạt Biên an toàn yêu cầu (35.0%).
CTI,NORMAL_ENTERPRISE,2011,2025,15,READY,UNKNOWN,PASS,PASS,UNKNOWN,WATCH,FAIL,PASS,UNKNOWN,WATCH,2,0,1,1,POSSIBLY_CYCLICAL,HIGH_RISK,WEAK_BUSINESS,READY,64037.25825101693,74.86,46.0,PASS,AVOID,Phát hiện rủi ro tài chính nghiêm trọng (WEAK_PROFITABILITY_ROE).
CTP,NORMAL_ENTERPRISE,2014,2025,12,READY,UNKNOWN,FAIL,FAIL,UNKNOWN,PASS,FAIL,WATCH,UNKNOWN,PASS,2,0,2,0,POSSIBLY_STRUCTURAL,HIGH_RISK,DETERIORATING_BUSINESS,READY,24614.8248171928,72.37,50.0,PASS,AVOID,"Phát hiện rủi ro tài chính nghiêm trọng (PROFIT_CASH_DIVERGENCE, WEAK_PROFITABILITY_ROE)."
CTR,NORMAL_ENTERPRISE,2011,2025,15,READY,UNKNOWN,PASS,PASS,UNKNOWN,WATCH,PASS,PASS,UNKNOWN,PASS,0,0,0,0,NO_DETERIORATION,CLEAR,POTENTIAL_COMPOUNDER,READY,215317.6551496852,65.6321726388129,20.0,PASS,BUY,Doanh nghiệp đạt chuẩn chất lượng BCTC và mức giá hiện tại (MOS 65.6%) đạt/vượt Biên an toàn yêu cầu (20.0%).
CTS,SECURITIES,2011,2025,15,READY,UNKNOWN,NOT_APPLICABLE,NOT_APPLICABLE,UNKNOWN,PASS,PASS,PASS,UNKNOWN,PASS,0,0,0,0,NO_DETERIORATION,CLEAR,WEAK_BUSINESS,READY,25164.92326610866,14.56361788730135,50.0,FAIL,WAIT_FOR_MOS,"Doanh nghiệp có chất lượng tài chính yếu, không đạt tiêu chí mua dài hạn."
CTT,NORMAL_ENTERPRISE,2016,2025,10,READY,UNKNOWN,PASS,PASS,UNKNOWN,FAIL,PASS,PASS,UNKNOWN,PASS,1,0,1,0,POSSIBLY_STRUCTURAL,HIGH_RISK,DETERIORATING_BUSINESS,READY,69901.54710418428,75.2509054281512,35.0,PASS,AVOID,Phát hiện rủi ro tài chính nghiêm trọng (EXCESSIVE_DEBT_LEVERAGE).
CTW,NORMAL_ENTERPRISE,2016,2025,10,READY,UNKNOWN,PASS,PASS,UNKNOWN,PASS,WATCH,PASS,UNKNOWN,PASS,0,0,0,0,NO_DETERIORATION,CLEAR,AVERAGE_BUSINESS,READY,18036.856880797022,-50.8,38.0,FAIL,WAIT_FOR_MOS,Doanh nghiệp có chất lượng tốt (AVERAGE_BUSINESS) nhưng mức giá hiện tại (MOS -50.8%) chưa đạt Biên an toàn yêu cầu (38.0%).
CTX,NORMAL_ENTERPRISE,2016,2025,10,READY,UNKNOWN,WATCH,WATCH,UNKNOWN,WATCH,FAIL,PASS,UNKNOWN,PASS,4,0,2,2,POSSIBLY_CYCLICAL,HIGH_RISK,WEAK_BUSINESS,READY,845.4171136100532,-455.94,50.0,FAIL,AVOID,"Phát hiện rủi ro tài chính nghiêm trọng (WEAK_PROFITABILITY_ROE, UNSTABLE_EARNINGS_HISTORY)."
CVN,NORMAL_ENTERPRISE,2011,2025,15,READY,UNKNOWN,FAIL,FAIL,UNKNOWN,PASS,FAIL,WATCH,UNKNOWN,PASS,4,0,3,1,POSSIBLY_STRUCTURAL,HIGH_RISK,DETERIORATING_BUSINESS,READY,16568.432807707875,92.76,40.0,PASS,AVOID,"Phát hiện rủi ro tài chính nghiêm trọng (PROFIT_CASH_DIVERGENCE, WEAK_PROFITABILITY_ROE, UNSTABLE_EARNINGS_HISTORY)."
CVT,NORMAL_ENTERPRISE,2016,2025,10,READY,UNKNOWN,PASS,PASS,UNKNOWN,FAIL,PASS,WATCH,UNKNOWN,PASS,2,0,1,1,POSSIBLY_STRUCTURAL,HIGH_RISK,DETERIORATING_BUSINESS,READY,39883.527403501466,33.18,50.0,FAIL,AVOID,Phát hiện rủi ro tài chính nghiêm trọng (EXCESSIVE_DEBT_LEVERAGE).
CX8,NORMAL_ENTERPRISE,2016,2025,10,READY,UNKNOWN,FAIL,FAIL,UNKNOWN,FAIL,FAIL,WATCH,UNKNOWN,PASS,4,0,4,0,POSSIBLY_STRUCTURAL,HIGH_RISK,DETERIORATING_BUSINESS,INCOMPLETE,,,0.0,UNKNOWN,AVOID,"Phát hiện rủi ro tài chính nghiêm trọng (PROFIT_CASH_DIVERGENCE, WEAK_PROFITABILITY_ROE, UNSTABLE_EARNINGS_HISTORY, EXCESSIVE_DEBT_LEVERAGE)."
D11,NORMAL_ENTERPRISE,2016,2025,10,READY,UNKNOWN,FAIL,FAIL,UNKNOWN,WATCH,WATCH,PASS,UNKNOWN,PASS,1,0,1,0,POSSIBLY_STRUCTURAL,HIGH_RISK,DETERIORATING_BUSINESS,READY,29215.421714361655,61.66,50.0,PASS,AVOID,Phát hiện rủi ro tài chính nghiêm trọng (PROFIT_CASH_DIVERGENCE).
D2D,NORMAL_ENTERPRISE,2011,2025,15,READY,UNKNOWN,FAIL,FAIL,UNKNOWN,PASS,WATCH,PASS,UNKNOWN,WATCH,2,0,1,1,POSSIBLY_STRUCTURAL,HIGH_RISK,DETERIORATING_BUSINESS,READY,57180.518132814934,47.62,50.0,FAIL,AVOID,Phát hiện rủi ro tài chính nghiêm trọng (PROFIT_CASH_DIVERGENCE).
DAC,NORMAL_ENTERPRISE,2016,2025,10,READY,UNKNOWN,PASS,PASS,UNKNOWN,PASS,FAIL,PASS,UNKNOWN,PASS,2,0,2,0,NO_DETERIORATION,HIGH_RISK,WEAK_BUSINESS,READY,193406.73730673664,96.74,43.0,PASS,AVOID,"Phát hiện rủi ro tài chính nghiêm trọng (WEAK_PROFITABILITY_ROE, UNSTABLE_EARNINGS_HISTORY)."
DAD,NORMAL_ENTERPRISE,2016,2025,10,READY,UNKNOWN,WATCH,WATCH,UNKNOWN,WATCH,PASS,WATCH,UNKNOWN,PASS,1,0,0,1,POSSIBLY_CYCLICAL,WATCH,AVERAGE_BUSINESS,READY,12949.538273392734,-14.29,30.0,FAIL,WAIT_FOR_MOS,Doanh nghiệp có chất lượng tốt (AVERAGE_BUSINESS) nhưng mức giá hiện tại (MOS -14.3%) chưa đạt Biên an toàn yêu cầu (30.0%).
DAE,NORMAL_ENTERPRISE,2016,2025,10,READY,UNKNOWN,PASS,PASS,UNKNOWN,PASS,WATCH,WATCH,UNKNOWN,PASS,0,0,0,0,NO_DETERIORATION,CLEAR,AVERAGE_BUSINESS,READY,74971.01105648425,81.06,30.0,PASS,BUY,Doanh nghiệp đạt chuẩn chất lượng BCTC và mức giá hiện tại (MOS 81.1%) đạt/vượt Biên an toàn yêu cầu (30.0%).
DAG,NORMAL_ENTERPRISE,2016,2024,9,READY,UNKNOWN,FAIL,FAIL,UNKNOWN,PASS,FAIL,WATCH,UNKNOWN,PASS,3,0,3,0,POSSIBLY_STRUCTURAL,HIGH_RISK,DETERIORATING_BUSINESS,READY,2684.3984812173994,47.85,40.0,PASS,AVOID,"Phát hiện rủi ro tài chính nghiêm trọng (PROFIT_CASH_DIVERGENCE, WEAK_PROFITABILITY_ROE, UNSTABLE_EARNINGS_HISTORY)."
DAH,NORMAL_ENTERPRISE,2016,2025,10,READY,UNKNOWN,FAIL,FAIL,UNKNOWN,PASS,FAIL,WATCH,UNKNOWN,PASS,3,0,3,0,POSSIBLY_STRUCTURAL,HIGH_RISK,DETERIORATING_BUSINESS,INCOMPLETE,,,0.0,UNKNOWN,AVOID,"Phát hiện rủi ro tài chính nghiêm trọng (PROFIT_CASH_DIVERGENCE, WEAK_PROFITABILITY_ROE, UNSTABLE_EARNINGS_HISTORY)."
DAN,NORMAL_ENTERPRISE,2020,2025,6,READY,UNKNOWN,WATCH,WATCH,UNKNOWN,FAIL,FAIL,PASS,UNKNOWN,PASS,3,0,2,1,POSSIBLY_STRUCTURAL,HIGH_RISK,DETERIORATING_BUSINESS,READY,39227.54830169401,36.27,45.0,FAIL,AVOID,"Phát hiện rủi ro tài chính nghiêm trọng (WEAK_PROFITABILITY_ROE, EXCESSIVE_DEBT_LEVERAGE)."
DAS,NORMAL_ENTERPRISE,2016,2025,10,READY,UNKNOWN,FAIL,FAIL,UNKNOWN,FAIL,FAIL,WATCH,UNKNOWN,PASS,4,0,4,0,POSSIBLY_STRUCTURAL,HIGH_RISK,DETERIORATING_BUSINESS,READY,28777.227603242198,61.78,45.0,PASS,AVOID,"Phát hiện rủi ro tài chính nghiêm trọng (PROFIT_CASH_DIVERGENCE, WEAK_PROFITABILITY_ROE, UNSTABLE_EARNINGS_HISTORY, EXCESSIVE_DEBT_LEVERAGE)."
DAT,NORMAL_ENTERPRISE,2016,2025,10,READY,UNKNOWN,FAIL,FAIL,UNKNOWN,PASS,FAIL,PASS,UNKNOWN,PASS,3,0,2,1,POSSIBLY_STRUCTURAL,HIGH_RISK,DETERIORATING_BUSINESS,READY,11350.407263511315,30.05,50.0,FAIL,AVOID,"Phát hiện rủi ro tài chính nghiêm trọng (PROFIT_CASH_DIVERGENCE, WEAK_PROFITABILITY_ROE)."
DBC,NORMAL_ENTERPRISE,2011,2025,15,READY,UNKNOWN,PASS,PASS,UNKNOWN,PASS,WATCH,PASS,UNKNOWN,PASS,0,0,0,0,NO_DETERIORATION,CLEAR,AVERAGE_BUSINESS,READY,42679.331864650136,62.51,36.0,PASS,BUY,Doanh nghiệp đạt chuẩn chất lượng BCTC và mức giá hiện tại (MOS 62.5%) đạt/vượt Biên an toàn yêu cầu (36.0%).
DBD,NORMAL_ENTERPRISE,2012,2025,14,READY,UNKNOWN,PASS,PASS,UNKNOWN,PASS,PASS,PASS,UNKNOWN,PASS,0,0,0,0,NO_DETERIORATION,CLEAR,POTENTIAL_COMPOUNDER,READY,104739.06275693167,55.174317237345306,30.0,PASS,BUY,Doanh nghiệp đạt chuẩn chất lượng BCTC và mức giá hiện tại (MOS 55.2%) đạt/vượt Biên an toàn yêu cầu (30.0%).
DBM,NORMAL_ENTERPRISE,2016,2025,10,READY,UNKNOWN,FAIL,FAIL,UNKNOWN,PASS,WATCH,WATCH,UNKNOWN,PASS,1,0,1,0,POSSIBLY_STRUCTURAL,HIGH_RISK,DETERIORATING_BUSINESS,READY,47708.82521776271,47.18,43.0,PASS,AVOID,Phát hiện rủi ro tài chính nghiêm trọng (PROFIT_CASH_DIVERGENCE).
DBT,NORMAL_ENTERPRISE,2016,2025,10,READY,UNKNOWN,FAIL,FAIL,UNKNOWN,FAIL,FAIL,WATCH,UNKNOWN,PASS,4,0,3,1,POSSIBLY_STRUCTURAL,HIGH_RISK,DETERIORATING_BUSINESS,READY,8755.491983653097,-48.48,35.0,FAIL,AVOID,"Phát hiện rủi ro tài chính nghiêm trọng (PROFIT_CASH_DIVERGENCE, WEAK_PROFITABILITY_ROE, EXCESSIVE_DEBT_LEVERAGE)."
DC1,NORMAL_ENTERPRISE,2016,2016,1,INSUFFICIENT,UNKNOWN,UNKNOWN,UNKNOWN,UNKNOWN,FAIL,FAIL,WATCH,UNKNOWN,PASS,2,0,2,0,POSSIBLY_STRUCTURAL,HIGH_RISK,INSUFFICIENT_DATA,INCOMPLETE,,,30.0,UNKNOWN,AVOID,"Phát hiện rủi ro tài chính nghiêm trọng (WEAK_PROFITABILITY_ROE, EXCESSIVE_DEBT_LEVERAGE)."
DC2,NORMAL_ENTERPRISE,2016,2025,10,READY,UNKNOWN,FAIL,FAIL,UNKNOWN,FAIL,FAIL,WATCH,UNKNOWN,PASS,5,0,4,1,POSSIBLY_STRUCTURAL,HIGH_RISK,DETERIORATING_BUSINESS,READY,572.9884191766697,-877.33,45.0,FAIL,AVOID,"Phát hiện rủi ro tài chính nghiêm trọng (PROFIT_CASH_DIVERGENCE, WEAK_PROFITABILITY_ROE, UNSTABLE_EARNINGS_HISTORY, EXCESSIVE_DEBT_LEVERAGE)."
DC4,NORMAL_ENTERPRISE,2011,2025,15,READY,UNKNOWN,FAIL,FAIL,UNKNOWN,PASS,FAIL,PASS,UNKNOWN,PASS,2,0,2,0,POSSIBLY_STRUCTURAL,HIGH_RISK,DETERIORATING_BUSINESS,READY,24954.177247937154,73.79,45.0,PASS,AVOID,"Phát hiện rủi ro tài chính nghiêm trọng (PROFIT_CASH_DIVERGENCE, WEAK_PROFITABILITY_ROE)."
DCF,NORMAL_ENTERPRISE,2016,2025,10,READY,UNKNOWN,FAIL,FAIL,UNKNOWN,FAIL,FAIL,PASS,UNKNOWN,PASS,5,0,4,1,POSSIBLY_STRUCTURAL,HIGH_RISK,DETERIORATING_BUSINESS,READY,19168.041311124343,-86.77,40.0,FAIL,AVOID,"Phát hiện rủi ro tài chính nghiêm trọng (PROFIT_CASH_DIVERGENCE, WEAK_PROFITABILITY_ROE, UNSTABLE_EARNINGS_HISTORY, EXCESSIVE_DEBT_LEVERAGE)."
DCG,NORMAL_ENTERPRISE,2016,2025,10,READY,UNKNOWN,WATCH,WATCH,UNKNOWN,FAIL,PASS,WATCH,UNKNOWN,PASS,2,0,1,1,POSSIBLY_STRUCTURAL,HIGH_RISK,DETERIORATING_BUSINESS,READY,18091.266705475144,-11.1,50.0,FAIL,AVOID,Phát hiện rủi ro tài chính nghiêm trọng (EXCESSIVE_DEBT_LEVERAGE).
DCH,NORMAL_ENTERPRISE,2016,2025,10,READY,UNKNOWN,FAIL,FAIL,UNKNOWN,PASS,FAIL,WATCH,UNKNOWN,PASS,3,0,3,0,POSSIBLY_STRUCTURAL,HIGH_RISK,DETERIORATING_BUSINESS,READY,2232.6790126539195,-347.89,40.0,FAIL,AVOID,"Phát hiện rủi ro tài chính nghiêm trọng (PROFIT_CASH_DIVERGENCE, WEAK_PROFITABILITY_ROE, UNSTABLE_EARNINGS_HISTORY)."
DCL,NORMAL_ENTERPRISE,2011,2025,15,READY,UNKNOWN,FAIL,FAIL,UNKNOWN,PASS,FAIL,WATCH,UNKNOWN,WATCH,3,0,2,1,POSSIBLY_STRUCTURAL,HIGH_RISK,DETERIORATING_BUSINESS,READY,1731.0249011871413,-2115.45,45.0,FAIL,AVOID,"Phát hiện rủi ro tài chính nghiêm trọng (PROFIT_CASH_DIVERGENCE, WEAK_PROFITABILITY_ROE)."
DCM,NORMAL_ENTERPRISE,2012,2025,14,READY,UNKNOWN,PASS,PASS,UNKNOWN,PASS,WATCH,PASS,UNKNOWN,PASS,1,0,0,1,POSSIBLY_CYCLICAL,WATCH,AVERAGE_BUSINESS,READY,38750.007867152766,16.129049285821463,50.0,FAIL,WAIT_FOR_MOS,Doanh nghiệp có chất lượng tốt (AVERAGE_BUSINESS) nhưng mức giá hiện tại (MOS 16.1%) chưa đạt Biên an toàn yêu cầu (50.0%).
DCR,NORMAL_ENTERPRISE,2017,2025,9,READY,UNKNOWN,FAIL,FAIL,UNKNOWN,FAIL,FAIL,WATCH,UNKNOWN,PASS,4,0,4,0,POSSIBLY_STRUCTURAL,HIGH_RISK,DETERIORATING_BUSINESS,READY,19836.58844171658,77.82,50.0,PASS,AVOID,"Phát hiện rủi ro tài chính nghiêm trọng (PROFIT_CASH_DIVERGENCE, WEAK_PROFITABILITY_ROE, UNSTABLE_EARNINGS_HISTORY, EXCESSIVE_DEBT_LEVERAGE)."
DCS,NORMAL_ENTERPRISE,2016,2025,10,READY,UNKNOWN,FAIL,FAIL,UNKNOWN,PASS,FAIL,WATCH,UNKNOWN,PASS,3,0,3,0,POSSIBLY_STRUCTURAL,HIGH_RISK,DETERIORATING_BUSINESS,READY,3666.629567571808,80.91,35.0,PASS,AVOID,"Phát hiện rủi ro tài chính nghiêm trọng (PROFIT_CASH_DIVERGENCE, WEAK_PROFITABILITY_ROE, UNSTABLE_EARNINGS_HISTORY)."
DCT,NORMAL_ENTERPRISE,2016,2025,10,READY,UNKNOWN,FAIL,FAIL,UNKNOWN,PASS,PASS,WATCH,UNKNOWN,PASS,2,0,2,0,POSSIBLY_STRUCTURAL,HIGH_RISK,DETERIORATING_BUSINESS,READY,2709.531408389461,85.24,45.0,PASS,AVOID,"Phát hiện rủi ro tài chính nghiêm trọng (PROFIT_CASH_DIVERGENCE, UNSTABLE_EARNINGS_HISTORY)."
DCV,NORMAL_ENTERPRISE,2023,2025,3,PARTIAL,UNKNOWN,PASS,PASS,UNKNOWN,PASS,PASS,WATCH,UNKNOWN,PASS,0,0,0,0,NO_DETERIORATION,CLEAR,AVERAGE_BUSINESS,READY,131690.1739641596,4.32,35.0,FAIL,WAIT_FOR_MOS,Doanh nghiệp có chất lượng tốt (AVERAGE_BUSINESS) nhưng mức giá hiện tại (MOS 4.3%) chưa đạt Biên an toàn yêu cầu (35.0%).
DDB,NORMAL_ENTERPRISE,2021,2025,5,READY,UNKNOWN,FAIL,FAIL,UNKNOWN,PASS,FAIL,WATCH,UNKNOWN,PASS,2,0,2,0,POSSIBLY_STRUCTURAL,HIGH_RISK,DETERIORATING_BUSINESS,READY,19424.307410089103,53.15,46.0,PASS,AVOID,"Phát hiện rủi ro tài chính nghiêm trọng (PROFIT_CASH_DIVERGENCE, WEAK_PROFITABILITY_ROE)."
DDG,NORMAL_ENTERPRISE,2016,2025,10,READY,UNKNOWN,FAIL,FAIL,UNKNOWN,FAIL,FAIL,WATCH,UNKNOWN,PASS,4,0,4,0,POSSIBLY_STRUCTURAL,HIGH_RISK,DETERIORATING_BUSINESS,READY,11086.990218424524,91.88,50.0,PASS,AVOID,"Phát hiện rủi ro tài chính nghiêm trọng (PROFIT_CASH_DIVERGENCE, WEAK_PROFITABILITY_ROE, UNSTABLE_EARNINGS_HISTORY, EXCESSIVE_DEBT_LEVERAGE)."
DDH,NORMAL_ENTERPRISE,2016,2025,9,READY,UNKNOWN,FAIL,FAIL,UNKNOWN,PASS,FAIL,PASS,UNKNOWN,PASS,2,0,2,0,POSSIBLY_STRUCTURAL,HIGH_RISK,DETERIORATING_BUSINESS,READY,3597.093964831315,24.94,35.0,FAIL,AVOID,"Phát hiện rủi ro tài chính nghiêm trọng (PROFIT_CASH_DIVERGENCE, WEAK_PROFITABILITY_ROE)."
DDM,NORMAL_ENTERPRISE,2016,2025,10,READY,UNKNOWN,PASS,PASS,UNKNOWN,PASS,PASS,WATCH,UNKNOWN,PASS,1,0,1,0,NO_DETERIORATION,HIGH_RISK,WEAK_BUSINESS,READY,21143.2286949735,93.38,45.0,PASS,AVOID,Phát hiện rủi ro tài chính nghiêm trọng (UNSTABLE_EARNINGS_HISTORY).
DDN,NORMAL_ENTERPRISE,2016,2025,10,READY,UNKNOWN,PASS,PASS,UNKNOWN,FAIL,FAIL,WATCH,UNKNOWN,PASS,3,0,2,1,POSSIBLY_STRUCTURAL,HIGH_RISK,DETERIORATING_BUSINESS,READY,3619.43616337064,-154.18,40.0,FAIL,AVOID,"Phát hiện rủi ro tài chính nghiêm trọng (WEAK_PROFITABILITY_ROE, EXCESSIVE_DEBT_LEVERAGE)."
DDV,NORMAL_ENTERPRISE,2011,2025,15,READY,UNKNOWN,PASS,PASS,UNKNOWN,PASS,FAIL,WATCH,UNKNOWN,PASS,1,0,1,0,NO_DETERIORATION,HIGH_RISK,WEAK_BUSINESS,READY,84839.55385973856,79.73,40.0,PASS,AVOID,Phát hiện rủi ro tài chính nghiêm trọng (WEAK_PROFITABILITY_ROE).
DFC,NORMAL_ENTERPRISE,2016,2025,10,READY,UNKNOWN,PASS,PASS,UNKNOWN,WATCH,PASS,WATCH,UNKNOWN,PASS,1,0,0,1,POSSIBLY_CYCLICAL,WATCH,AVERAGE_BUSINESS,READY,147790.04560938646,80.72,40.0,PASS,BUY,Doanh nghiệp đạt chuẩn chất lượng BCTC và mức giá hiện tại (MOS 80.7%) đạt/vượt Biên an toàn yêu cầu (40.0%).
DFF,NORMAL_ENTERPRISE,2020,2025,6,READY,UNKNOWN,FAIL,FAIL,UNKNOWN,PASS,FAIL,WATCH,UNKNOWN,PASS,3,0,3,0,POSSIBLY_STRUCTURAL,HIGH_RISK,DETERIORATING_BUSINESS,INCOMPLETE,,,0.0,UNKNOWN,AVOID,"Phát hiện rủi ro tài chính nghiêm trọng (PROFIT_CASH_DIVERGENCE, WEAK_PROFITABILITY_ROE, UNSTABLE_EARNINGS_HISTORY)."
DGC,NORMAL_ENTERPRISE,2011,2025,15,READY,UNKNOWN,PASS,PASS,UNKNOWN,PASS,PASS,PASS,UNKNOWN,WATCH,1,0,0,1,POSSIBLY_CYCLICAL,WATCH,POTENTIAL_COMPOUNDER,READY,80704.46838631017,51.98407129762681,50.0,PASS,BUY,Doanh nghiệp đạt chuẩn chất lượng BCTC và mức giá hiện tại (MOS 52.0%) đạt/vượt Biên an toàn yêu cầu (50.0%).
DGT,NORMAL_ENTERPRISE,2011,2025,15,READY,UNKNOWN,FAIL,FAIL,UNKNOWN,PASS,FAIL,WATCH,UNKNOWN,PASS,3,0,3,0,POSSIBLY_STRUCTURAL,HIGH_RISK,DETERIORATING_BUSINESS,INCOMPLETE,,,0.0,UNKNOWN,AVOID,"Phát hiện rủi ro tài chính nghiêm trọng (PROFIT_CASH_DIVERGENCE, WEAK_PROFITABILITY_ROE, UNSTABLE_EARNINGS_HISTORY)."
DGW,NORMAL_ENTERPRISE,2012,2025,14,READY,UNKNOWN,FAIL,FAIL,UNKNOWN,WATCH,PASS,PASS,UNKNOWN,PASS,1,0,1,0,POSSIBLY_STRUCTURAL,HIGH_RISK,DETERIORATING_BUSINESS,READY,17500.33477972416,-153.71,40.0,FAIL,AVOID,Phát hiện rủi ro tài chính nghiêm trọng (PROFIT_CASH_DIVERGENCE).
DHA,NORMAL_ENTERPRISE,2011,2025,15,READY,UNKNOWN,WATCH,WATCH,UNKNOWN,PASS,WATCH,PASS,UNKNOWN,PASS,1,0,0,1,POSSIBLY_CYCLICAL,WATCH,AVERAGE_BUSINESS,READY,58148.03248624829,10.57,45.0,FAIL,WAIT_FOR_MOS,Doanh nghiệp có chất lượng tốt (AVERAGE_BUSINESS) nhưng mức giá hiện tại (MOS 10.6%) chưa đạt Biên an toàn yêu cầu (45.0%).
DHB,NORMAL_ENTERPRISE,2011,2025,15,READY,UNKNOWN,PASS,PASS,UNKNOWN,FAIL,FAIL,WATCH,UNKNOWN,PASS,3,0,3,0,POSSIBLY_STRUCTURAL,HIGH_RISK,DETERIORATING_BUSINESS,READY,27449.976428169022,59.93,38.0,PASS,AVOID,"Phát hiện rủi ro tài chính nghiêm trọng (WEAK_PROFITABILITY_ROE, UNSTABLE_EARNINGS_HISTORY, EXCESSIVE_DEBT_LEVERAGE)."
DHC,NORMAL_ENTERPRISE,2011,2025,15,READY,UNKNOWN,WATCH,WATCH,UNKNOWN,PASS,PASS,PASS,UNKNOWN,WATCH,2,0,0,2,POSSIBLY_CYCLICAL,WATCH,POTENTIAL_COMPOUNDER,READY,47439.57024702405,24.640969945880464,35.0,FAIL,WAIT_FOR_MOS,Doanh nghiệp có chất lượng tốt (POTENTIAL_COMPOUNDER) nhưng mức giá hiện tại (MOS 24.6%) chưa đạt Biên an toàn yêu cầu (35.0%).
DHD,NORMAL_ENTERPRISE,2016,2025,10,READY,UNKNOWN,PASS,PASS,UNKNOWN,WATCH,FAIL,WATCH,UNKNOWN,PASS,2,0,1,1,POSSIBLY_CYCLICAL,HIGH_RISK,WEAK_BUSINESS,READY,12218.25875687216,-119.34,46.0,FAIL,AVOID,Phát hiện rủi ro tài chính nghiêm trọng (WEAK_PROFITABILITY_ROE).
DHG,NORMAL_ENTERPRISE,2011,2025,15,READY,UNKNOWN,PASS,PASS,UNKNOWN,PASS,PASS,PASS,UNKNOWN,PASS,0,0,0,0,NO_DETERIORATION,CLEAR,AVERAGE_BUSINESS,READY,134595.3857929689,32.7644113006975,25.0,PASS,BUY,Doanh nghiệp đạt chuẩn chất lượng BCTC và mức giá hiện tại (MOS 32.8%) đạt/vượt Biên an toàn yêu cầu (25.0%).
DHM,NORMAL_ENTERPRISE,2016,2025,10,READY,UNKNOWN,FAIL,FAIL,UNKNOWN,FAIL,FAIL,WATCH,UNKNOWN,PASS,3,0,3,0,POSSIBLY_STRUCTURAL,HIGH_RISK,DETERIORATING_BUSINESS,READY,3239.153119319035,-115.8,50.0,FAIL,AVOID,"Phát hiện rủi ro tài chính nghiêm trọng (PROFIT_CASH_DIVERGENCE, WEAK_PROFITABILITY_ROE, EXCESSIVE_DEBT_LEVERAGE)."
DHN,NORMAL_ENTERPRISE,2016,2025,10,READY,UNKNOWN,PASS,PASS,UNKNOWN,PASS,WATCH,PASS,UNKNOWN,PASS,0,0,0,0,NO_DETERIORATION,CLEAR,AVERAGE_BUSINESS,READY,43165.12757797578,62.93,35.0,PASS,BUY,Doanh nghiệp đạt chuẩn chất lượng BCTC và mức giá hiện tại (MOS 62.9%) đạt/vượt Biên an toàn yêu cầu (35.0%).
DHP,NORMAL_ENTERPRISE,2016,2025,10,READY,UNKNOWN,PASS,PASS,UNKNOWN,PASS,FAIL,WATCH,UNKNOWN,PASS,1,0,1,0,NO_DETERIORATION,HIGH_RISK,WEAK_BUSINESS,READY,2930.4517939991106,-251.48,38.0,FAIL,AVOID,Phát hiện rủi ro tài chính nghiêm trọng (WEAK_PROFITABILITY_ROE).
DHT,NORMAL_ENTERPRISE,2016,2025,10,READY,UNKNOWN,PASS,PASS,UNKNOWN,PASS,PASS,WATCH,UNKNOWN,PASS,1,0,0,1,POSSIBLY_CYCLICAL,WATCH,AVERAGE_BUSINESS,READY,28872.038975997046,-90.5,38.0,FAIL,WAIT_FOR_MOS,Doanh nghiệp có chất lượng tốt (AVERAGE_BUSINESS) nhưng mức giá hiện tại (MOS -90.5%) chưa đạt Biên an toàn yêu cầu (38.0%).
DIC,NORMAL_ENTERPRISE,2016,2025,10,READY,UNKNOWN,PASS,PASS,UNKNOWN,PASS,FAIL,WATCH,UNKNOWN,PASS,2,0,2,0,NO_DETERIORATION,HIGH_RISK,WEAK_BUSINESS,READY,5355.072218320303,86.93,45.0,PASS,AVOID,"Phát hiện rủi ro tài chính nghiêm trọng (WEAK_PROFITABILITY_ROE, UNSTABLE_EARNINGS_HISTORY)."
DID,NORMAL_ENTERPRISE,2016,2025,10,READY,UNKNOWN,WATCH,WATCH,UNKNOWN,PASS,FAIL,WATCH,UNKNOWN,PASS,4,0,2,2,POSSIBLY_CYCLICAL,HIGH_RISK,WEAK_BUSINESS,READY,830.098607268765,-309.59,50.0,FAIL,AVOID,"Phát hiện rủi ro tài chính nghiêm trọng (WEAK_PROFITABILITY_ROE, UNSTABLE_EARNINGS_HISTORY)."
DIG,NORMAL_ENTERPRISE,2011,2025,15,READY,UNKNOWN,FAIL,FAIL,UNKNOWN,PASS,FAIL,PASS,UNKNOWN,WATCH,3,0,2,1,POSSIBLY_STRUCTURAL,HIGH_RISK,DETERIORATING_BUSINESS,READY,2711.3628669872405,-270.66,50.0,FAIL,AVOID,"Phát hiện rủi ro tài chính nghiêm trọng (PROFIT_CASH_DIVERGENCE, WEAK_PROFITABILITY_ROE)."
DIH,NORMAL_ENTERPRISE,2016,2025,10,READY,UNKNOWN,FAIL,FAIL,UNKNOWN,FAIL,FAIL,PASS,UNKNOWN,PASS,4,0,3,1,POSSIBLY_STRUCTURAL,HIGH_RISK,DETERIORATING_BUSINESS,READY,581182.0306004521,98.76,48.0,PASS,AVOID,"Phát hiện rủi ro tài chính nghiêm trọng (PROFIT_CASH_DIVERGENCE, WEAK_PROFITABILITY_ROE, EXCESSIVE_DEBT_LEVERAGE)."
DKC,NORMAL_ENTERPRISE,2017,2025,8,READY,UNKNOWN,PASS,PASS,UNKNOWN,PASS,WATCH,PASS,UNKNOWN,PASS,0,0,0,0,NO_DETERIORATION,CLEAR,AVERAGE_BUSINESS,READY,82243.15085641506,99.88,40.0,PASS,BUY,Doanh nghiệp đạt chuẩn chất lượng BCTC và mức giá hiện tại (MOS 99.9%) đạt/vượt Biên an toàn yêu cầu (40.0%).
DKG,NORMAL_ENTERPRISE,2023,2025,3,PARTIAL,UNKNOWN,PASS,PASS,UNKNOWN,PASS,FAIL,WATCH,UNKNOWN,PASS,2,0,2,0,NO_DETERIORATION,HIGH_RISK,WEAK_BUSINESS,READY,78347.63664046045,85.96,43.0,PASS,AVOID,"Phát hiện rủi ro tài chính nghiêm trọng (WEAK_PROFITABILITY_ROE, UNSTABLE_EARNINGS_HISTORY)."
DL1,NORMAL_ENTERPRISE,2011,2025,15,READY,UNKNOWN,FAIL,FAIL,UNKNOWN,PASS,FAIL,WATCH,UNKNOWN,PASS,3,0,2,1,POSSIBLY_STRUCTURAL,HIGH_RISK,DETERIORATING_BUSINESS,READY,1883.1663870631007,-123.03,45.0,FAIL,AVOID,"Phát hiện rủi ro tài chính nghiêm trọng (PROFIT_CASH_DIVERGENCE, WEAK_PROFITABILITY_ROE)."
DLD,NORMAL_ENTERPRISE,2016,2025,10,READY,UNKNOWN,UNKNOWN,UNKNOWN,UNKNOWN,PASS,FAIL,WATCH,UNKNOWN,PASS,2,0,2,0,NO_DETERIORATION,HIGH_RISK,WEAK_BUSINESS,READY,1981.1627502202512,-147.33,45.0,FAIL,AVOID,"Phát hiện rủi ro tài chính nghiêm trọng (WEAK_PROFITABILITY_ROE, UNSTABLE_EARNINGS_HISTORY)."
DLG,NORMAL_ENTERPRISE,2011,2025,15,READY,UNKNOWN,PASS,PASS,UNKNOWN,FAIL,FAIL,PASS,UNKNOWN,WATCH,4,0,3,1,POSSIBLY_STRUCTURAL,HIGH_RISK,DETERIORATING_BUSINESS,READY,4412.721427410282,52.41,45.0,PASS,AVOID,"Phát hiện rủi ro tài chính nghiêm trọng (WEAK_PROFITABILITY_ROE, UNSTABLE_EARNINGS_HISTORY, EXCESSIVE_DEBT_LEVERAGE)."
DLR,NORMAL_ENTERPRISE,2016,2025,10,READY,UNKNOWN,FAIL,FAIL,UNKNOWN,FAIL,FAIL,WATCH,UNKNOWN,PASS,4,0,4,0,POSSIBLY_STRUCTURAL,HIGH_RISK,DETERIORATING_BUSINESS,READY,21489.637478526296,44.16,50.0,FAIL,AVOID,"Phát hiện rủi ro tài chính nghiêm trọng (PROFIT_CASH_DIVERGENCE, WEAK_PROFITABILITY_ROE, UNSTABLE_EARNINGS_HISTORY, EXCESSIVE_DEBT_LEVERAGE)."
DLT,NORMAL_ENTERPRISE,2016,2025,10,READY,UNKNOWN,FAIL,FAIL,UNKNOWN,FAIL,WATCH,WATCH,UNKNOWN,PASS,2,0,2,0,POSSIBLY_STRUCTURAL,HIGH_RISK,DETERIORATING_BUSINESS,READY,378126.5175830678,98.55,46.0,PASS,AVOID,"Phát hiện rủi ro tài chính nghiêm trọng (PROFIT_CASH_DIVERGENCE, EXCESSIVE_DEBT_LEVERAGE)."
DMC,NORMAL_ENTERPRISE,2016,2025,10,READY,UNKNOWN,WATCH,WATCH,UNKNOWN,PASS,WATCH,WATCH,UNKNOWN,PASS,1,0,0,1,POSSIBLY_CYCLICAL,WATCH,AVERAGE_BUSINESS,READY,52992.34682483482,-8.502460157234648,30.0,FAIL,WAIT_FOR_MOS,Doanh nghiệp có chất lượng tốt (AVERAGE_BUSINESS) nhưng mức giá hiện tại (MOS -8.5%) chưa đạt Biên an toàn yêu cầu (30.0%).
DMN,NORMAL_ENTERPRISE,2020,2025,6,READY,UNKNOWN,PASS,PASS,UNKNOWN,FAIL,FAIL,PASS,UNKNOWN,PASS,2,0,2,0,POSSIBLY_STRUCTURAL,HIGH_RISK,DETERIORATING_BUSINESS,READY,87688.74477699622,90.76,50.0,PASS,AVOID,"Phát hiện rủi ro tài chính nghiêm trọng (WEAK_PROFITABILITY_ROE, EXCESSIVE_DEBT_LEVERAGE)."
DMX,NORMAL_ENTERPRISE,2025,2025,1,INSUFFICIENT,UNKNOWN,UNKNOWN,UNKNOWN,UNKNOWN,FAIL,FAIL,WATCH,UNKNOWN,PASS,2,0,2,0,POSSIBLY_STRUCTURAL,HIGH_RISK,INSUFFICIENT_DATA,READY,23865.654147134737,-203.36,40.0,FAIL,AVOID,"Phát hiện rủi ro tài chính nghiêm trọng (WEAK_PROFITABILITY_ROE, EXCESSIVE_DEBT_LEVERAGE)."
DNA,NORMAL_ENTERPRISE,2016,2025,10,READY,UNKNOWN,PASS,PASS,UNKNOWN,WATCH,WATCH,PASS,UNKNOWN,PASS,0,0,0,0,NO_DETERIORATION,CLEAR,AVERAGE_BUSINESS,READY,39667.99500952543,44.29,38.0,PASS,BUY,Doanh nghiệp đạt chuẩn chất lượng BCTC và mức giá hiện tại (MOS 44.3%) đạt/vượt Biên an toàn yêu cầu (38.0%).
DNC,NORMAL_ENTERPRISE,2016,2025,10,READY,UNKNOWN,PASS,PASS,UNKNOWN,PASS,PASS,PASS,UNKNOWN,PASS,1,0,0,1,POSSIBLY_CYCLICAL,WATCH,POTENTIAL_COMPOUNDER,READY,41029.649565571046,-20.644462051502938,35.0,FAIL,WAIT_FOR_MOS,Doanh nghiệp có chất lượng tốt (POTENTIAL_COMPOUNDER) nhưng mức giá hiện tại (MOS -20.6%) chưa đạt Biên an toàn yêu cầu (35.0%).
DND,NORMAL_ENTERPRISE,2016,2025,10,READY,UNKNOWN,FAIL,FAIL,UNKNOWN,PASS,FAIL,WATCH,UNKNOWN,PASS,3,0,3,0,POSSIBLY_STRUCTURAL,HIGH_RISK,DETERIORATING_BUSINESS,INCOMPLETE,,,0.0,UNKNOWN,AVOID,"Phát hiện rủi ro tài chính nghiêm trọng (PROFIT_CASH_DIVERGENCE, WEAK_PROFITABILITY_ROE, UNSTABLE_EARNINGS_HISTORY)."
DNE,NORMAL_ENTERPRISE,2016,2025,10,READY,UNKNOWN,WATCH,WATCH,UNKNOWN,WATCH,WATCH,WATCH,UNKNOWN,PASS,1,0,0,1,POSSIBLY_CYCLICAL,WATCH,AVERAGE_BUSINESS,READY,24559.469139193116,64.98,43.0,PASS,BUY,Doanh nghiệp đạt chuẩn chất lượng BCTC và mức giá hiện tại (MOS 65.0%) đạt/vượt Biên an toàn yêu cầu (43.0%).
DNH,NORMAL_ENTERPRISE,2016,2025,10,READY,UNKNOWN,PASS,PASS,UNKNOWN,PASS,PASS,PASS,UNKNOWN,PASS,0,0,0,0,NO_DETERIORATION,CLEAR,AVERAGE_BUSINESS,READY,43195.78462881241,-4.18,35.0,FAIL,WAIT_FOR_MOS,Doanh nghiệp có chất lượng tốt (AVERAGE_BUSINESS) nhưng mức giá hiện tại (MOS -4.2%) chưa đạt Biên an toàn yêu cầu (35.0%).
DNL,NORMAL_ENTERPRISE,2016,2025,10,READY,UNKNOWN,PASS,PASS,UNKNOWN,PASS,WATCH,PASS,UNKNOWN,PASS,0,0,0,0,NO_DETERIORATION,CLEAR,AVERAGE_BUSINESS,READY,21116.003757070972,2.92,43.0,FAIL,WAIT_FOR_MOS,Doanh nghiệp có chất lượng tốt (AVERAGE_BUSINESS) nhưng mức giá hiện tại (MOS 2.9%) chưa đạt Biên an toàn yêu cầu (43.0%).
DNM,NORMAL_ENTERPRISE,2016,2025,10,READY,UNKNOWN,FAIL,FAIL,UNKNOWN,FAIL,WATCH,WATCH,UNKNOWN,PASS,3,0,3,0,POSSIBLY_STRUCTURAL,HIGH_RISK,DETERIORATING_BUSINESS,READY,49452.270189670686,89.89,50.0,PASS,AVOID,"Phát hiện rủi ro tài chính nghiêm trọng (PROFIT_CASH_DIVERGENCE, UNSTABLE_EARNINGS_HISTORY, EXCESSIVE_DEBT_LEVERAGE)."
DNN,NORMAL_ENTERPRISE,2016,2025,10,READY,UNKNOWN,WATCH,WATCH,UNKNOWN,PASS,PASS,PASS,UNKNOWN,PASS,1,0,0,1,POSSIBLY_CYCLICAL,WATCH,COMPOUNDER,READY,50654.66183964808,71.18,38.0,PASS,BUY,Doanh nghiệp đạt chuẩn chất lượng BCTC và mức giá hiện tại (MOS 71.2%) đạt/vượt Biên an toàn yêu cầu (38.0%).
DNP,NORMAL_ENTERPRISE,2016,2025,10,READY,UNKNOWN,PASS,PASS,UNKNOWN,FAIL,FAIL,PASS,UNKNOWN,PASS,3,0,2,1,POSSIBLY_STRUCTURAL,HIGH_RISK,DETERIORATING_BUSINESS,READY,2072.978611491238,-864.8,50.0,FAIL,AVOID,"Phát hiện rủi ro tài chính nghiêm trọng (WEAK_PROFITABILITY_ROE, EXCESSIVE_DEBT_LEVERAGE)."
DNT,NORMAL_ENTERPRISE,2016,2025,10,READY,UNKNOWN,WATCH,WATCH,UNKNOWN,PASS,WATCH,WATCH,UNKNOWN,PASS,1,0,0,1,POSSIBLY_CYCLICAL,WATCH,AVERAGE_BUSINESS,READY,10359.630618714187,-253.29,35.0,FAIL,WAIT_FOR_MOS,Doanh nghiệp có chất lượng tốt (AVERAGE_BUSINESS) nhưng mức giá hiện tại (MOS -253.3%) chưa đạt Biên an toàn yêu cầu (35.0%).
DNW,NORMAL_ENTERPRISE,2016,2025,10,READY,UNKNOWN,PASS,PASS,UNKNOWN,PASS,WATCH,PASS,UNKNOWN,PASS,0,0,0,0,NO_DETERIORATION,CLEAR,AVERAGE_BUSINESS,READY,34316.276424490745,9.66,40.0,FAIL,WAIT_FOR_MOS,Doanh nghiệp có chất lượng tốt (AVERAGE_BUSINESS) nhưng mức giá hiện tại (MOS 9.7%) chưa đạt Biên an toàn yêu cầu (40.0%).
DOC,NORMAL_ENTERPRISE,2016,2025,10,READY,UNKNOWN,FAIL,FAIL,UNKNOWN,PASS,FAIL,WATCH,UNKNOWN,PASS,2,0,2,0,POSSIBLY_STRUCTURAL,HIGH_RISK,DETERIORATING_BUSINESS,READY,12949.538273392734,47.49,40.0,PASS,AVOID,"Phát hiện rủi ro tài chính nghiêm trọng (PROFIT_CASH_DIVERGENCE, WEAK_PROFITABILITY_ROE)."
DOP,NORMAL_ENTERPRISE,2016,2025,9,READY,UNKNOWN,PASS,PASS,UNKNOWN,PASS,WATCH,WATCH,UNKNOWN,PASS,0,0,0,0,NO_DETERIORATION,CLEAR,AVERAGE_BUSINESS,READY,59260.23682474895,77.05,35.0,PASS,BUY,Doanh nghiệp đạt chuẩn chất lượng BCTC và mức giá hiện tại (MOS 77.0%) đạt/vượt Biên an toàn yêu cầu (35.0%).
DP1,NORMAL_ENTERPRISE,2017,2025,9,READY,UNKNOWN,FAIL,FAIL,UNKNOWN,FAIL,FAIL,PASS,UNKNOWN,PASS,3,0,3,0,POSSIBLY_STRUCTURAL,HIGH_RISK,DETERIORATING_BUSINESS,READY,5301.763610489286,-413.04,35.0,FAIL,AVOID,"Phát hiện rủi ro tài chính nghiêm trọng (PROFIT_CASH_DIVERGENCE, WEAK_PROFITABILITY_ROE, EXCESSIVE_DEBT_LEVERAGE)."
DP2,NORMAL_ENTERPRISE,2017,2025,9,READY,UNKNOWN,FAIL,FAIL,UNKNOWN,FAIL,FAIL,WATCH,UNKNOWN,PASS,4,0,4,0,POSSIBLY_STRUCTURAL,HIGH_RISK,DETERIORATING_BUSINESS,READY,5179.815309357094,5.4,45.0,FAIL,AVOID,"Phát hiện rủi ro tài chính nghiêm trọng (PROFIT_CASH_DIVERGENCE, WEAK_PROFITABILITY_ROE, UNSTABLE_EARNINGS_HISTORY, EXCESSIVE_DEBT_LEVERAGE)."
DP3,NORMAL_ENTERPRISE,2016,2025,10,READY,UNKNOWN,FAIL,FAIL,UNKNOWN,PASS,FAIL,PASS,UNKNOWN,PASS,3,0,2,1,POSSIBLY_STRUCTURAL,HIGH_RISK,DETERIORATING_BUSINESS,READY,47149.86653760939,-31.919779561593824,35.0,FAIL,AVOID,"Phát hiện rủi ro tài chính nghiêm trọng (PROFIT_CASH_DIVERGENCE, WEAK_PROFITABILITY_ROE)."
DPC,NORMAL_ENTERPRISE,2016,2025,10,READY,UNKNOWN,PASS,PASS,UNKNOWN,WATCH,FAIL,WATCH,UNKNOWN,PASS,2,0,2,0,NO_DETERIORATION,HIGH_RISK,WEAK_BUSINESS,READY,75242.33939748749,89.63,41.0,PASS,AVOID,"Phát hiện rủi ro tài chính nghiêm trọng (WEAK_PROFITABILITY_ROE, UNSTABLE_EARNINGS_HISTORY)."
DPG,NORMAL_ENTERPRISE,2011,2025,15,READY,UNKNOWN,PASS,PASS,UNKNOWN,WATCH,PASS,PASS,UNKNOWN,WATCH,1,0,0,1,POSSIBLY_CYCLICAL,WATCH,POTENTIAL_COMPOUNDER,READY,21012.757859276368,-28.73,45.0,FAIL,WAIT_FOR_MOS,Doanh nghiệp có chất lượng tốt (POTENTIAL_COMPOUNDER) nhưng mức giá hiện tại (MOS -28.7%) chưa đạt Biên an toàn yêu cầu (45.0%).
DPH,NORMAL_ENTERPRISE,2016,2025,10,READY,UNKNOWN,WATCH,WATCH,UNKNOWN,PASS,WATCH,PASS,UNKNOWN,PASS,1,0,0,1,POSSIBLY_CYCLICAL,WATCH,AVERAGE_BUSINESS,READY,88140.44100804655,48.95,35.0,PASS,BUY,Doanh nghiệp đạt chuẩn chất lượng BCTC và mức giá hiện tại (MOS 49.0%) đạt/vượt Biên an toàn yêu cầu (35.0%).
DPM,NORMAL_ENTERPRISE,2011,2025,15,READY,UNKNOWN,PASS,PASS,UNKNOWN,PASS,WATCH,WATCH,UNKNOWN,PASS,0,0,0,0,NO_DETERIORATION,CLEAR,AVERAGE_BUSINESS,READY,16080.652995750646,-39.29782581540225,50.0,FAIL,WAIT_FOR_MOS,Doanh nghiệp có chất lượng tốt (AVERAGE_BUSINESS) nhưng mức giá hiện tại (MOS -39.3%) chưa đạt Biên an toàn yêu cầu (50.0%).
DPP,NORMAL_ENTERPRISE,2016,2025,10,READY,UNKNOWN,WATCH,WATCH,UNKNOWN,WATCH,PASS,PASS,UNKNOWN,PASS,1,0,0,1,POSSIBLY_CYCLICAL,WATCH,AVERAGE_BUSINESS,READY,52864.688079268315,49.87,41.0,PASS,BUY,Doanh nghiệp đạt chuẩn chất lượng BCTC và mức giá hiện tại (MOS 49.9%) đạt/vượt Biên an toàn yêu cầu (41.0%).
DPR,NORMAL_ENTERPRISE,2011,2025,15,READY,UNKNOWN,PASS,PASS,UNKNOWN,PASS,FAIL,WATCH,UNKNOWN,WATCH,2,0,1,1,POSSIBLY_CYCLICAL,HIGH_RISK,WEAK_BUSINESS,READY,50287.0,25.4,40.0,FAIL,AVOID,Phát hiện rủi ro tài chính nghiêm trọng (WEAK_PROFITABILITY_ROE).
DQC,NORMAL_ENTERPRISE,2016,2025,10,READY,UNKNOWN,FAIL,FAIL,UNKNOWN,PASS,FAIL,WATCH,UNKNOWN,PASS,3,0,3,0,POSSIBLY_STRUCTURAL,HIGH_RISK,DETERIORATING_BUSINESS,READY,8106.937644403735,-15.95,41.0,FAIL,AVOID,"Phát hiện rủi ro tài chính nghiêm trọng (PROFIT_CASH_DIVERGENCE, WEAK_PROFITABILITY_ROE, UNSTABLE_EARNINGS_HISTORY)."
DRC,NORMAL_ENTERPRISE,2011,2025,15,READY,UNKNOWN,PASS,PASS,UNKNOWN,PASS,PASS,WATCH,UNKNOWN,PASS,0,0,0,0,NO_DETERIORATION,CLEAR,AVERAGE_BUSINESS,READY,8722.478497001224,-13.73,50.0,FAIL,WAIT_FOR_MOS,Doanh nghiệp có chất lượng tốt (AVERAGE_BUSINESS) nhưng mức giá hiện tại (MOS -13.7%) chưa đạt Biên an toàn yêu cầu (50.0%).
DRG,NORMAL_ENTERPRISE,2018,2025,8,READY,UNKNOWN,PASS,PASS,UNKNOWN,PASS,FAIL,PASS,UNKNOWN,PASS,1,0,1,0,NO_DETERIORATION,HIGH_RISK,WEAK_BUSINESS,READY,7937.61813292045,0.47,35.0,FAIL,AVOID,Phát hiện rủi ro tài chính nghiêm trọng (WEAK_PROFITABILITY_ROE).
DRH,NORMAL_ENTERPRISE,2011,2025,15,READY,UNKNOWN,FAIL,FAIL,UNKNOWN,PASS,FAIL,WATCH,UNKNOWN,PASS,4,0,4,0,POSSIBLY_STRUCTURAL,HIGH_RISK,DETERIORATING_BUSINESS,READY,1498.9819223219886,-11.41,50.0,FAIL,AVOID,"Phát hiện rủi ro tài chính nghiêm trọng (PROFIT_CASH_DIVERGENCE, INVENTORY_BUILDUP, WEAK_PROFITABILITY_ROE, UNSTABLE_EARNINGS_HISTORY)."
DRI,NORMAL_ENTERPRISE,2015,2025,11,READY,UNKNOWN,WATCH,WATCH,UNKNOWN,PASS,WATCH,WATCH,UNKNOWN,PASS,2,0,0,2,POSSIBLY_CYCLICAL,WATCH,AVERAGE_BUSINESS,READY,1061.437563392847,-1266.07,30.0,FAIL,WAIT_FOR_MOS,Doanh nghiệp có chất lượng tốt (AVERAGE_BUSINESS) nhưng mức giá hiện tại (MOS -1266.1%) chưa đạt Biên an toàn yêu cầu (30.0%).
DRL,NORMAL_ENTERPRISE,2016,2025,10,READY,UNKNOWN,PASS,PASS,UNKNOWN,PASS,PASS,WATCH,UNKNOWN,PASS,0,0,0,0,NO_DETERIORATION,CLEAR,AVERAGE_BUSINESS,READY,26530.079185047296,-60.19552638181933,30.0,FAIL,WAIT_FOR_MOS,Doanh nghiệp có chất lượng tốt (AVERAGE_BUSINESS) nhưng mức giá hiện tại (MOS -60.2%) chưa đạt Biên an toàn yêu cầu (30.0%).
DSC,NORMAL_ENTERPRISE,2016,2025,10,READY,UNKNOWN,FAIL,FAIL,UNKNOWN,WATCH,FAIL,WATCH,UNKNOWN,PASS,3,0,3,0,POSSIBLY_STRUCTURAL,HIGH_RISK,DETERIORATING_BUSINESS,READY,13446.211015987077,25.63,50.0,FAIL,AVOID,"Phát hiện rủi ro tài chính nghiêm trọng (PROFIT_CASH_DIVERGENCE, WEAK_PROFITABILITY_ROE, UNSTABLE_EARNINGS_HISTORY)."
DSD,NORMAL_ENTERPRISE,2021,2025,5,READY,UNKNOWN,PASS,PASS,UNKNOWN,PASS,FAIL,WATCH,UNKNOWN,PASS,1,0,1,0,NO_DETERIORATION,HIGH_RISK,WEAK_BUSINESS,READY,2106.5173561169686,-749.74,46.0,FAIL,AVOID,Phát hiện rủi ro tài chính nghiêm trọng (WEAK_PROFITABILITY_ROE).
DSE,NORMAL_ENTERPRISE,2011,2025,15,READY,UNKNOWN,FAIL,FAIL,UNKNOWN,FAIL,FAIL,PASS,UNKNOWN,PASS,3,0,3,0,POSSIBLY_STRUCTURAL,HIGH_RISK,DETERIORATING_BUSINESS,READY,14279.07576880441,-52.670945605783544,45.0,FAIL,AVOID,"Phát hiện rủi ro tài chính nghiêm trọng (PROFIT_CASH_DIVERGENCE, WEAK_PROFITABILITY_ROE, EXCESSIVE_DEBT_LEVERAGE)."
DSG,NORMAL_ENTERPRISE,2016,2025,10,READY,UNKNOWN,UNKNOWN,UNKNOWN,UNKNOWN,PASS,FAIL,WATCH,UNKNOWN,PASS,2,0,2,0,NO_DETERIORATION,HIGH_RISK,WEAK_BUSINESS,READY,614.1604525682778,-1023.48,45.0,FAIL,AVOID,"Phát hiện rủi ro tài chính nghiêm trọng (WEAK_PROFITABILITY_ROE, UNSTABLE_EARNINGS_HISTORY)."
DSH,NORMAL_ENTERPRISE,2023,2025,3,PARTIAL,UNKNOWN,FAIL,FAIL,UNKNOWN,WATCH,PASS,PASS,UNKNOWN,PASS,2,0,1,1,POSSIBLY_STRUCTURAL,HIGH_RISK,DETERIORATING_BUSINESS,READY,101308.29097019539,88.25,50.0,PASS,AVOID,Phát hiện rủi ro tài chính nghiêm trọng (PROFIT_CASH_DIVERGENCE).
DSN,NORMAL_ENTERPRISE,2016,2025,10,READY,UNKNOWN,WATCH,WATCH,UNKNOWN,PASS,PASS,WATCH,UNKNOWN,PASS,1,0,0,1,POSSIBLY_CYCLICAL,WATCH,AVERAGE_BUSINESS,READY,53454.48222290243,31.34345620080483,40.0,FAIL,WAIT_FOR_MOS,Doanh nghiệp có chất lượng tốt (AVERAGE_BUSINESS) nhưng mức giá hiện tại (MOS 31.3%) chưa đạt Biên an toàn yêu cầu (40.0%).
DSP,NORMAL_ENTERPRISE,2016,2025,10,READY,UNKNOWN,FAIL,FAIL,UNKNOWN,PASS,FAIL,WATCH,UNKNOWN,PASS,3,0,3,0,POSSIBLY_STRUCTURAL,HIGH_RISK,DETERIORATING_BUSINESS,INCOMPLETE,,,0.0,UNKNOWN,AVOID,"Phát hiện rủi ro tài chính nghiêm trọng (PROFIT_CASH_DIVERGENCE, WEAK_PROFITABILITY_ROE, UNSTABLE_EARNINGS_HISTORY)."
DST,NORMAL_ENTERPRISE,2011,2025,15,READY,UNKNOWN,FAIL,FAIL,UNKNOWN,PASS,FAIL,PASS,UNKNOWN,PASS,3,0,3,0,POSSIBLY_STRUCTURAL,HIGH_RISK,DETERIORATING_BUSINESS,READY,446.57191031437804,-1400.32,30.0,FAIL,AVOID,"Phát hiện rủi ro tài chính nghiêm trọng (PROFIT_CASH_DIVERGENCE, WEAK_PROFITABILITY_ROE, UNSTABLE_EARNINGS_HISTORY)."
DTA,NORMAL_ENTERPRISE,2016,2025,10,READY,UNKNOWN,FAIL,FAIL,UNKNOWN,FAIL,FAIL,WATCH,UNKNOWN,PASS,4,0,4,0,POSSIBLY_STRUCTURAL,HIGH_RISK,DETERIORATING_BUSINESS,READY,2446.3572571371055,-39.39,50.0,FAIL,AVOID,"Phát hiện rủi ro tài chính nghiêm trọng (PROFIT_CASH_DIVERGENCE, WEAK_PROFITABILITY_ROE, UNSTABLE_EARNINGS_HISTORY, EXCESSIVE_DEBT_LEVERAGE)."
DTC,NORMAL_ENTERPRISE,2016,2025,10,READY,UNKNOWN,PASS,PASS,UNKNOWN,PASS,WATCH,WATCH,UNKNOWN,PASS,1,0,1,0,NO_DETERIORATION,HIGH_RISK,AVERAGE_BUSINESS,READY,3884.8614820178204,-8.11,50.0,FAIL,AVOID,Phát hiện rủi ro tài chính nghiêm trọng (UNSTABLE_EARNINGS_HISTORY).
DTD,NORMAL_ENTERPRISE,2015,2025,11,READY,UNKNOWN,WATCH,WATCH,UNKNOWN,PASS,PASS,PASS,UNKNOWN,PASS,2,0,0,2,POSSIBLY_CYCLICAL,WATCH,COMPOUNDER,READY,58293.817964421454,81.82,50.0,PASS,BUY,Doanh nghiệp đạt chuẩn chất lượng BCTC và mức giá hiện tại (MOS 81.8%) đạt/vượt Biên an toàn yêu cầu (50.0%).
DTG,NORMAL_ENTERPRISE,2016,2025,10,READY,UNKNOWN,PASS,PASS,UNKNOWN,PASS,WATCH,WATCH,UNKNOWN,PASS,1,0,0,1,POSSIBLY_CYCLICAL,WATCH,AVERAGE_BUSINESS,READY,133542.11344436256,90.56,35.0,PASS,BUY,Doanh nghiệp đạt chuẩn chất lượng BCTC và mức giá hiện tại (MOS 90.6%) đạt/vượt Biên an toàn yêu cầu (35.0%).
DTI,NORMAL_ENTERPRISE,2016,2025,10,READY,UNKNOWN,FAIL,FAIL,UNKNOWN,FAIL,FAIL,WATCH,UNKNOWN,PASS,4,0,4,0,POSSIBLY_STRUCTURAL,HIGH_RISK,DETERIORATING_BUSINESS,INCOMPLETE,,,0.0,UNKNOWN,AVOID,"Phát hiện rủi ro tài chính nghiêm trọng (PROFIT_CASH_DIVERGENCE, WEAK_PROFITABILITY_ROE, UNSTABLE_EARNINGS_HISTORY, EXCESSIVE_DEBT_LEVERAGE)."
DTK,NORMAL_ENTERPRISE,2016,2025,10,READY,UNKNOWN,PASS,PASS,UNKNOWN,PASS,FAIL,WATCH,UNKNOWN,PASS,1,0,1,0,NO_DETERIORATION,HIGH_RISK,WEAK_BUSINESS,READY,6919.482923061486,-51.75,38.0,FAIL,AVOID,Phát hiện rủi ro tài chính nghiêm trọng (WEAK_PROFITABILITY_ROE).
DTL,NORMAL_ENTERPRISE,2016,2025,10,READY,UNKNOWN,FAIL,FAIL,UNKNOWN,FAIL,FAIL,WATCH,UNKNOWN,PASS,4,0,4,0,POSSIBLY_STRUCTURAL,HIGH_RISK,DETERIORATING_BUSINESS,INCOMPLETE,,,0.0,UNKNOWN,AVOID,"Phát hiện rủi ro tài chính nghiêm trọng (PROFIT_CASH_DIVERGENCE, WEAK_PROFITABILITY_ROE, UNSTABLE_EARNINGS_HISTORY, EXCESSIVE_DEBT_LEVERAGE)."
DTT,NORMAL_ENTERPRISE,2016,2025,10,READY,UNKNOWN,PASS,PASS,UNKNOWN,PASS,FAIL,PASS,UNKNOWN,PASS,1,0,1,0,NO_DETERIORATION,HIGH_RISK,WEAK_BUSINESS,READY,29568.728600168593,46.56516952876387,50.0,FAIL,AVOID,Phát hiện rủi ro tài chính nghiêm trọng (WEAK_PROFITABILITY_ROE).
DUS,NORMAL_ENTERPRISE,2016,2025,9,READY,UNKNOWN,FAIL,FAIL,UNKNOWN,FAIL,PASS,WATCH,UNKNOWN,PASS,3,0,3,0,POSSIBLY_STRUCTURAL,HIGH_RISK,DETERIORATING_BUSINESS,INCOMPLETE,,,0.0,UNKNOWN,AVOID,"Phát hiện rủi ro tài chính nghiêm trọng (PROFIT_CASH_DIVERGENCE, UNSTABLE_EARNINGS_HISTORY, EXCESSIVE_DEBT_LEVERAGE)."
DVC,NORMAL_ENTERPRISE,2016,2025,10,READY,UNKNOWN,PASS,PASS,UNKNOWN,PASS,FAIL,PASS,UNKNOWN,PASS,2,0,1,1,POSSIBLY_CYCLICAL,HIGH_RISK,WEAK_BUSINESS,READY,58423.43678310343,82.88,38.0,PASS,AVOID,Phát hiện rủi ro tài chính nghiêm trọng (WEAK_PROFITABILITY_ROE).
DVG,NORMAL_ENTERPRISE,2020,2025,6,READY,UNKNOWN,PASS,PASS,UNKNOWN,PASS,FAIL,WATCH,UNKNOWN,PASS,1,0,1,0,NO_DETERIORATION,HIGH_RISK,WEAK_BUSINESS,INCOMPLETE,,,0.0,UNKNOWN,AVOID,Phát hiện rủi ro tài chính nghiêm trọng (WEAK_PROFITABILITY_ROE).
DVM,NORMAL_ENTERPRISE,2018,2025,8,READY,UNKNOWN,PASS,PASS,UNKNOWN,PASS,FAIL,PASS,UNKNOWN,PASS,1,0,1,0,NO_DETERIORATION,HIGH_RISK,WEAK_BUSINESS,READY,309029.32100410684,98.51,35.0,PASS,AVOID,Phát hiện rủi ro tài chính nghiêm trọng (WEAK_PROFITABILITY_ROE).
DVN,NORMAL_ENTERPRISE,2013,2025,13,READY,UNKNOWN,FAIL,FAIL,UNKNOWN,PASS,FAIL,PASS,UNKNOWN,PASS,2,0,2,0,POSSIBLY_STRUCTURAL,HIGH_RISK,DETERIORATING_BUSINESS,READY,27295.831785514016,36.99,35.0,PASS,AVOID,"Phát hiện rủi ro tài chính nghiêm trọng (PROFIT_CASH_DIVERGENCE, WEAK_PROFITABILITY_ROE)."
DVP,NORMAL_ENTERPRISE,2011,2025,15,READY,UNKNOWN,PASS,PASS,UNKNOWN,PASS,PASS,PASS,UNKNOWN,PASS,0,0,0,0,NO_DETERIORATION,CLEAR,AVERAGE_BUSINESS,READY,51150.6761799013,-44.27961761529621,25.0,FAIL,WAIT_FOR_MOS,Doanh nghiệp có chất lượng tốt (AVERAGE_BUSINESS) nhưng mức giá hiện tại (MOS -44.3%) chưa đạt Biên an toàn yêu cầu (25.0%).
DVW,NORMAL_ENTERPRISE,2016,2025,10,READY,UNKNOWN,PASS,PASS,UNKNOWN,PASS,PASS,WATCH,UNKNOWN,PASS,0,0,0,0,NO_DETERIORATION,CLEAR,AVERAGE_BUSINESS,READY,67014.58345275126,41.8,35.0,PASS,BUY,Doanh nghiệp đạt chuẩn chất lượng BCTC và mức giá hiện tại (MOS 41.8%) đạt/vượt Biên an toàn yêu cầu (35.0%).
DWS,NORMAL_ENTERPRISE,2017,2025,9,READY,UNKNOWN,PASS,PASS,UNKNOWN,FAIL,WATCH,PASS,UNKNOWN,PASS,1,0,1,0,POSSIBLY_STRUCTURAL,HIGH_RISK,DETERIORATING_BUSINESS,READY,31355.75967822,57.26,41.0,PASS,AVOID,Phát hiện rủi ro tài chính nghiêm trọng (EXCESSIVE_DEBT_LEVERAGE).
DXG,NORMAL_ENTERPRISE,2011,2025,15,READY,UNKNOWN,FAIL,FAIL,UNKNOWN,PASS,WATCH,PASS,UNKNOWN,WATCH,3,0,2,1,POSSIBLY_STRUCTURAL,HIGH_RISK,DETERIORATING_BUSINESS,READY,6352.116060896303,-69.23,50.0,FAIL,AVOID,"Phát hiện rủi ro tài chính nghiêm trọng (PROFIT_CASH_DIVERGENCE, INVENTORY_BUILDUP)."
DXL,NORMAL_ENTERPRISE,2016,2025,9,READY,UNKNOWN,FAIL,FAIL,UNKNOWN,PASS,FAIL,WATCH,UNKNOWN,PASS,3,0,3,0,POSSIBLY_STRUCTURAL,HIGH_RISK,DETERIORATING_BUSINESS,READY,13818.610182786251,31.98,35.0,FAIL,AVOID,"Phát hiện rủi ro tài chính nghiêm trọng (PROFIT_CASH_DIVERGENCE, WEAK_PROFITABILITY_ROE, UNSTABLE_EARNINGS_HISTORY)."
DXP,NORMAL_ENTERPRISE,2011,2025,15,READY,UNKNOWN,WATCH,WATCH,UNKNOWN,PASS,WATCH,PASS,UNKNOWN,PASS,1,0,0,1,POSSIBLY_CYCLICAL,WATCH,AVERAGE_BUSINESS,READY,74200.51526345989,82.61467598412673,35.0,PASS,BUY,Doanh nghiệp đạt chuẩn chất lượng BCTC và mức giá hiện tại (MOS 82.6%) đạt/vượt Biên an toàn yêu cầu (35.0%).
DXS,NORMAL_ENTERPRISE,2018,2025,8,READY,UNKNOWN,FAIL,FAIL,UNKNOWN,PASS,FAIL,WATCH,UNKNOWN,PASS,4,0,3,1,POSSIBLY_STRUCTURAL,HIGH_RISK,DETERIORATING_BUSINESS,READY,5304.405674716766,-1.8,50.0,FAIL,AVOID,"Phát hiện rủi ro tài chính nghiêm trọng (PROFIT_CASH_DIVERGENCE, INVENTORY_BUILDUP, WEAK_PROFITABILITY_ROE)."
DXV,NORMAL_ENTERPRISE,2016,2025,10,READY,UNKNOWN,FAIL,FAIL,UNKNOWN,PASS,FAIL,WATCH,UNKNOWN,PASS,3,0,3,0,POSSIBLY_STRUCTURAL,HIGH_RISK,DETERIORATING_BUSINESS,READY,3431.666114042281,2.09,50.0,FAIL,AVOID,"Phát hiện rủi ro tài chính nghiêm trọng (PROFIT_CASH_DIVERGENCE, WEAK_PROFITABILITY_ROE, UNSTABLE_EARNINGS_HISTORY)."
E12,NORMAL_ENTERPRISE,2020,2025,6,READY,UNKNOWN,UNKNOWN,UNKNOWN,UNKNOWN,FAIL,FAIL,WATCH,UNKNOWN,PASS,3,0,3,0,POSSIBLY_STRUCTURAL,HIGH_RISK,DETERIORATING_BUSINESS,READY,10791.281894493944,57.37,45.0,PASS,AVOID,"Phát hiện rủi ro tài chính nghiêm trọng (WEAK_PROFITABILITY_ROE, UNSTABLE_EARNINGS_HISTORY, EXCESSIVE_DEBT_LEVERAGE)."
E29,NORMAL_ENTERPRISE,2019,2020,2,INSUFFICIENT,UNKNOWN,PASS,PASS,UNKNOWN,FAIL,FAIL,WATCH,UNKNOWN,PASS,3,0,3,0,POSSIBLY_STRUCTURAL,HIGH_RISK,INSUFFICIENT_DATA,INCOMPLETE,,,0.0,UNKNOWN,AVOID,"Phát hiện rủi ro tài chính nghiêm trọng (WEAK_PROFITABILITY_ROE, UNSTABLE_EARNINGS_HISTORY, EXCESSIVE_DEBT_LEVERAGE)."
EBS,NORMAL_ENTERPRISE,2016,2025,10,READY,UNKNOWN,FAIL,FAIL,UNKNOWN,PASS,FAIL,WATCH,UNKNOWN,PASS,2,0,2,0,POSSIBLY_STRUCTURAL,HIGH_RISK,DETERIORATING_BUSINESS,READY,9521.719318671128,-11.32,30.0,FAIL,AVOID,"Phát hiện rủi ro tài chính nghiêm trọng (PROFIT_CASH_DIVERGENCE, WEAK_PROFITABILITY_ROE)."
ECI,NORMAL_ENTERPRISE,2016,2025,10,READY,UNKNOWN,PASS,PASS,UNKNOWN,PASS,FAIL,WATCH,UNKNOWN,PASS,2,0,2,0,NO_DETERIORATION,HIGH_RISK,WEAK_BUSINESS,READY,3407.7732298401934,-169.97,30.0,FAIL,AVOID,"Phát hiện rủi ro tài chính nghiêm trọng (WEAK_PROFITABILITY_ROE, UNSTABLE_EARNINGS_HISTORY)."
ECO,NORMAL_ENTERPRISE,2023,2025,3,PARTIAL,UNKNOWN,FAIL,FAIL,UNKNOWN,WATCH,FAIL,WATCH,UNKNOWN,PASS,2,0,2,0,POSSIBLY_STRUCTURAL,HIGH_RISK,DETERIORATING_BUSINESS,READY,6968.333438471294,-131.05,35.0,FAIL,AVOID,"Phát hiện rủi ro tài chính nghiêm trọng (PROFIT_CASH_DIVERGENCE, WEAK_PROFITABILITY_ROE)."
EFI,NORMAL_ENTERPRISE,2016,2025,10,READY,UNKNOWN,FAIL,FAIL,UNKNOWN,PASS,FAIL,WATCH,UNKNOWN,PASS,3,0,3,0,POSSIBLY_STRUCTURAL,HIGH_RISK,DETERIORATING_BUSINESS,READY,7128.186205537285,70.54,35.0,PASS,AVOID,"Phát hiện rủi ro tài chính nghiêm trọng (PROFIT_CASH_DIVERGENCE, WEAK_PROFITABILITY_ROE, UNSTABLE_EARNINGS_HISTORY)."
EGL,NORMAL_ENTERPRISE,2021,2025,4,PARTIAL,UNKNOWN,PASS,PASS,UNKNOWN,PASS,PASS,PASS,UNKNOWN,PASS,0,0,0,0,NO_DETERIORATION,CLEAR,AVERAGE_BUSINESS,READY,139317.16654363487,90.6,40.0,PASS,BUY,Doanh nghiệp đạt chuẩn chất lượng BCTC và mức giá hiện tại (MOS 90.6%) đạt/vượt Biên an toàn yêu cầu (40.0%).
EIB,BANK,2011,2025,15,READY,UNKNOWN,NOT_APPLICABLE,NOT_APPLICABLE,UNKNOWN,PASS,FAIL,WATCH,UNKNOWN,PASS,1,0,1,0,NO_DETERIORATION,HIGH_RISK,WEAK_BUSINESS,READY,15016.506793215947,-11.88,35.0,FAIL,AVOID,Phát hiện rủi ro tài chính nghiêm trọng (WEAK_BANK_ROE).
EIC,NORMAL_ENTERPRISE,2016,2025,10,READY,UNKNOWN,FAIL,FAIL,UNKNOWN,PASS,WATCH,PASS,UNKNOWN,PASS,1,0,1,0,POSSIBLY_STRUCTURAL,HIGH_RISK,DETERIORATING_BUSINESS,READY,9703.332493686654,-104.05,40.0,FAIL,AVOID,Phát hiện rủi ro tài chính nghiêm trọng (PROFIT_CASH_DIVERGENCE).
EID,NORMAL_ENTERPRISE,2016,2025,10,READY,UNKNOWN,PASS,PASS,UNKNOWN,PASS,PASS,PASS,UNKNOWN,PASS,0,0,0,0,NO_DETERIORATION,CLEAR,AVERAGE_BUSINESS,READY,45287.65094562161,58.04595821758578,25.0,PASS,BUY,Doanh nghiệp đạt chuẩn chất lượng BCTC và mức giá hiện tại (MOS 58.0%) đạt/vượt Biên an toàn yêu cầu (25.0%).
EIN,NORMAL_ENTERPRISE,2016,2025,10,READY,UNKNOWN,PASS,PASS,UNKNOWN,FAIL,FAIL,WATCH,UNKNOWN,PASS,3,0,3,0,POSSIBLY_STRUCTURAL,HIGH_RISK,DETERIORATING_BUSINESS,READY,4278.48180838967,62.6,50.0,PASS,AVOID,"Phát hiện rủi ro tài chính nghiêm trọng (WEAK_PROFITABILITY_ROE, UNSTABLE_EARNINGS_HISTORY, EXCESSIVE_DEBT_LEVERAGE)."
ELC,NORMAL_ENTERPRISE,2011,2025,15,READY,UNKNOWN,FAIL,FAIL,UNKNOWN,PASS,FAIL,WATCH,UNKNOWN,PASS,2,0,2,0,POSSIBLY_STRUCTURAL,HIGH_RISK,DETERIORATING_BUSINESS,READY,12186.132921953023,-8.32,30.0,FAIL,AVOID,"Phát hiện rủi ro tài chính nghiêm trọng (PROFIT_CASH_DIVERGENCE, WEAK_PROFITABILITY_ROE)."
EME,NORMAL_ENTERPRISE,2016,2025,10,READY,UNKNOWN,FAIL,FAIL,UNKNOWN,FAIL,FAIL,PASS,UNKNOWN,PASS,4,0,4,0,POSSIBLY_STRUCTURAL,HIGH_RISK,DETERIORATING_BUSINESS,READY,13631.092919360774,-120.09,40.0,FAIL,AVOID,"Phát hiện rủi ro tài chính nghiêm trọng (PROFIT_CASH_DIVERGENCE, WEAK_PROFITABILITY_ROE, UNSTABLE_EARNINGS_HISTORY, EXCESSIVE_DEBT_LEVERAGE)."
EMG,NORMAL_ENTERPRISE,2016,2025,10,READY,UNKNOWN,WATCH,WATCH,UNKNOWN,PASS,WATCH,WATCH,UNKNOWN,PASS,1,0,0,1,POSSIBLY_CYCLICAL,WATCH,AVERAGE_BUSINESS,READY,73380.71688255883,84.6,40.0,PASS,BUY,Doanh nghiệp đạt chuẩn chất lượng BCTC và mức giá hiện tại (MOS 84.6%) đạt/vượt Biên an toàn yêu cầu (40.0%).
EMS,NORMAL_ENTERPRISE,2016,2025,10,READY,UNKNOWN,WATCH,WATCH,UNKNOWN,WATCH,PASS,PASS,UNKNOWN,PASS,2,0,0,2,POSSIBLY_CYCLICAL,WATCH,AVERAGE_BUSINESS,READY,36394.11434863799,50.54,46.0,PASS,BUY,Doanh nghiệp đạt chuẩn chất lượng BCTC và mức giá hiện tại (MOS 50.5%) đạt/vượt Biên an toàn yêu cầu (46.0%).
EVE,NORMAL_ENTERPRISE,2016,2025,10,READY,UNKNOWN,PASS,PASS,UNKNOWN,PASS,FAIL,WATCH,UNKNOWN,PASS,1,0,1,0,NO_DETERIORATION,HIGH_RISK,WEAK_BUSINESS,READY,20349.274429617155,59.11,48.0,PASS,AVOID,Phát hiện rủi ro tài chính nghiêm trọng (WEAK_PROFITABILITY_ROE).
EVF,NORMAL_ENTERPRISE,2011,2025,15,READY,UNKNOWN,FAIL,FAIL,UNKNOWN,FAIL,FAIL,PASS,UNKNOWN,PASS,3,0,3,0,POSSIBLY_STRUCTURAL,HIGH_RISK,DETERIORATING_BUSINESS,READY,15849.94967926196,26.18,35.0,FAIL,AVOID,"Phát hiện rủi ro tài chính nghiêm trọng (PROFIT_CASH_DIVERGENCE, WEAK_PROFITABILITY_ROE, EXCESSIVE_DEBT_LEVERAGE)."
EVG,NORMAL_ENTERPRISE,2013,2025,13,READY,UNKNOWN,FAIL,FAIL,UNKNOWN,PASS,FAIL,PASS,UNKNOWN,PASS,3,0,3,0,POSSIBLY_STRUCTURAL,HIGH_RISK,DETERIORATING_BUSINESS,READY,698.8604629122322,-485.24,50.0,FAIL,AVOID,"Phát hiện rủi ro tài chính nghiêm trọng (PROFIT_CASH_DIVERGENCE, INVENTORY_BUILDUP, WEAK_PROFITABILITY_ROE)."
EVS,NORMAL_ENTERPRISE,2011,2025,15,READY,UNKNOWN,FAIL,FAIL,UNKNOWN,PASS,FAIL,WATCH,UNKNOWN,PASS,3,0,3,0,POSSIBLY_STRUCTURAL,HIGH_RISK,DETERIORATING_BUSINESS,READY,51475.22098273544,90.68,45.0,PASS,AVOID,"Phát hiện rủi ro tài chính nghiêm trọng (PROFIT_CASH_DIVERGENCE, WEAK_PROFITABILITY_ROE, UNSTABLE_EARNINGS_HISTORY)."
F88,NORMAL_ENTERPRISE,2020,2025,6,READY,UNKNOWN,FAIL,FAIL,UNKNOWN,WATCH,PASS,PASS,UNKNOWN,PASS,1,0,1,0,POSSIBLY_STRUCTURAL,HIGH_RISK,DETERIORATING_BUSINESS,READY,1147988.323204833,94.69,40.0,PASS,AVOID,Phát hiện rủi ro tài chính nghiêm trọng (PROFIT_CASH_DIVERGENCE).
FBC,NORMAL_ENTERPRISE,2016,2025,10,READY,UNKNOWN,PASS,PASS,UNKNOWN,FAIL,PASS,PASS,UNKNOWN,PASS,1,0,1,0,POSSIBLY_STRUCTURAL,HIGH_RISK,DETERIORATING_BUSINESS,READY,281794.74672897597,98.69,40.0,PASS,AVOID,Phát hiện rủi ro tài chính nghiêm trọng (EXCESSIVE_DEBT_LEVERAGE).
FCC,NORMAL_ENTERPRISE,2016,2025,10,READY,UNKNOWN,FAIL,FAIL,UNKNOWN,PASS,FAIL,WATCH,UNKNOWN,PASS,3,0,3,0,POSSIBLY_STRUCTURAL,HIGH_RISK,DETERIORATING_BUSINESS,READY,2686.204684815787,-2878.18,40.0,FAIL,AVOID,"Phát hiện rủi ro tài chính nghiêm trọng (PROFIT_CASH_DIVERGENCE, WEAK_PROFITABILITY_ROE, UNSTABLE_EARNINGS_HISTORY)."
FCM,NORMAL_ENTERPRISE,2016,2025,10,READY,UNKNOWN,PASS,PASS,UNKNOWN,PASS,FAIL,WATCH,UNKNOWN,PASS,1,0,1,0,NO_DETERIORATION,HIGH_RISK,WEAK_BUSINESS,READY,17363.11482547634,82.9523675345573,50.0,PASS,AVOID,Phát hiện rủi ro tài chính nghiêm trọng (WEAK_PROFITABILITY_ROE).
FCN,NORMAL_ENTERPRISE,2011,2025,15,READY,UNKNOWN,FAIL,FAIL,UNKNOWN,WATCH,WATCH,WATCH,UNKNOWN,WATCH,2,0,1,1,POSSIBLY_STRUCTURAL,HIGH_RISK,DETERIORATING_BUSINESS,READY,1299.3557711655778,-746.57,45.0,FAIL,AVOID,Phát hiện rủi ro tài chính nghiêm trọng (PROFIT_CASH_DIVERGENCE).
FCS,NORMAL_ENTERPRISE,2016,2025,10,READY,UNKNOWN,FAIL,FAIL,UNKNOWN,FAIL,FAIL,WATCH,UNKNOWN,PASS,4,0,4,0,POSSIBLY_STRUCTURAL,HIGH_RISK,DETERIORATING_BUSINESS,READY,12283.209051365557,46.27,45.0,PASS,AVOID,"Phát hiện rủi ro tài chính nghiêm trọng (PROFIT_CASH_DIVERGENCE, WEAK_PROFITABILITY_ROE, UNSTABLE_EARNINGS_HISTORY, EXCESSIVE_DEBT_LEVERAGE)."
FDC,NORMAL_ENTERPRISE,2016,2025,10,READY,UNKNOWN,PASS,PASS,UNKNOWN,PASS,FAIL,WATCH,UNKNOWN,PASS,2,0,2,0,NO_DETERIORATION,HIGH_RISK,WEAK_BUSINESS,READY,6926.003473476891,-227.03,50.0,FAIL,AVOID,"Phát hiện rủi ro tài chính nghiêm trọng (WEAK_PROFITABILITY_ROE, UNSTABLE_EARNINGS_HISTORY)."
FGL,NORMAL_ENTERPRISE,2016,2025,10,READY,UNKNOWN,UNKNOWN,UNKNOWN,UNKNOWN,FAIL,FAIL,WATCH,UNKNOWN,PASS,3,0,3,0,POSSIBLY_STRUCTURAL,HIGH_RISK,DETERIORATING_BUSINESS,READY,18499.34039056105,72.97,41.0,PASS,AVOID,"Phát hiện rủi ro tài chính nghiêm trọng (WEAK_PROFITABILITY_ROE, UNSTABLE_EARNINGS_HISTORY, EXCESSIVE_DEBT_LEVERAGE)."
FHN,NORMAL_ENTERPRISE,2016,2025,10,READY,UNKNOWN,FAIL,FAIL,UNKNOWN,PASS,FAIL,WATCH,UNKNOWN,PASS,2,0,2,0,POSSIBLY_STRUCTURAL,HIGH_RISK,DETERIORATING_BUSINESS,READY,125178.86997612976,92.89,35.0,PASS,AVOID,"Phát hiện rủi ro tài chính nghiêm trọng (PROFIT_CASH_DIVERGENCE, WEAK_PROFITABILITY_ROE)."
FHS,NORMAL_ENTERPRISE,2016,2025,10,READY,UNKNOWN,FAIL,FAIL,UNKNOWN,FAIL,PASS,PASS,UNKNOWN,PASS,2,0,2,0,POSSIBLY_STRUCTURAL,HIGH_RISK,DETERIORATING_BUSINESS,READY,62902.457445341664,57.08,45.0,PASS,AVOID,"Phát hiện rủi ro tài chính nghiêm trọng (PROFIT_CASH_DIVERGENCE, EXCESSIVE_DEBT_LEVERAGE)."
FIC,NORMAL_ENTERPRISE,2016,2025,10,READY,UNKNOWN,PASS,PASS,UNKNOWN,PASS,FAIL,WATCH,UNKNOWN,PASS,1,0,1,0,NO_DETERIORATION,HIGH_RISK,WEAK_BUSINESS,READY,39315.94078252046,59.81,38.0,PASS,AVOID,Phát hiện rủi ro tài chính nghiêm trọng (WEAK_PROFITABILITY_ROE).
FID,NORMAL_ENTERPRISE,2012,2025,14,READY,UNKNOWN,FAIL,FAIL,UNKNOWN,PASS,FAIL,WATCH,UNKNOWN,WATCH,4,0,3,1,POSSIBLY_STRUCTURAL,HIGH_RISK,DETERIORATING_BUSINESS,READY,524.272804590799,-147.96,45.0,FAIL,AVOID,"Phát hiện rủi ro tài chính nghiêm trọng (PROFIT_CASH_DIVERGENCE, WEAK_PROFITABILITY_ROE, UNSTABLE_EARNINGS_HISTORY)."
FIR,NORMAL_ENTERPRISE,2016,2025,10,READY,UNKNOWN,FAIL,FAIL,UNKNOWN,PASS,WATCH,PASS,UNKNOWN,PASS,2,0,1,1,POSSIBLY_STRUCTURAL,HIGH_RISK,DETERIORATING_BUSINESS,READY,4615.677008338004,34.14,50.0,FAIL,AVOID,Phát hiện rủi ro tài chính nghiêm trọng (PROFIT_CASH_DIVERGENCE).
FIT,NORMAL_ENTERPRISE,2011,2025,15,READY,UNKNOWN,FAIL,FAIL,UNKNOWN,PASS,FAIL,PASS,UNKNOWN,WATCH,3,0,2,1,POSSIBLY_STRUCTURAL,HIGH_RISK,DETERIORATING_BUSINESS,READY,50888.23844229295,94.32088810997604,35.0,PASS,AVOID,"Phát hiện rủi ro tài chính nghiêm trọng (PROFIT_CASH_DIVERGENCE, WEAK_PROFITABILITY_ROE)."
FMC,NORMAL_ENTERPRISE,2011,2025,15,READY,UNKNOWN,PASS,PASS,UNKNOWN,PASS,PASS,PASS,UNKNOWN,PASS,0,0,0,0,NO_DETERIORATION,CLEAR,POTENTIAL_COMPOUNDER,READY,31896.3390562495,-4.870969489666524,50.0,FAIL,WAIT_FOR_MOS,Doanh nghiệp có chất lượng tốt (POTENTIAL_COMPOUNDER) nhưng mức giá hiện tại (MOS -4.9%) chưa đạt Biên an toàn yêu cầu (50.0%).
FOC,NORMAL_ENTERPRISE,2011,2025,15,READY,UNKNOWN,WATCH,WATCH,UNKNOWN,PASS,PASS,WATCH,UNKNOWN,WATCH,2,0,0,2,POSSIBLY_CYCLICAL,WATCH,AVERAGE_BUSINESS,READY,73497.37938952632,16.32,40.0,FAIL,WAIT_FOR_MOS,Doanh nghiệp có chất lượng tốt (AVERAGE_BUSINESS) nhưng mức giá hiện tại (MOS 16.3%) chưa đạt Biên an toàn yêu cầu (40.0%).
FOX,NORMAL_ENTERPRISE,2011,2025,15,READY,UNKNOWN,PASS,PASS,UNKNOWN,PASS,PASS,PASS,UNKNOWN,WATCH,2,0,0,2,POSSIBLY_CYCLICAL,WATCH,POTENTIAL_COMPOUNDER,READY,61407.244803983,0.5,30.0,FAIL,WAIT_FOR_MOS,Doanh nghiệp có chất lượng tốt (POTENTIAL_COMPOUNDER) nhưng mức giá hiện tại (MOS 0.5%) chưa đạt Biên an toàn yêu cầu (30.0%).
FPT,NORMAL_ENTERPRISE,2011,2025,15,READY,UNKNOWN,PASS,PASS,UNKNOWN,PASS,PASS,PASS,UNKNOWN,WATCH,1,0,0,1,POSSIBLY_CYCLICAL,WATCH,POTENTIAL_COMPOUNDER,READY,95282.61016723813,23.700662825673632,20.0,PASS,BUY,Doanh nghiệp đạt chuẩn chất lượng BCTC và mức giá hiện tại (MOS 23.7%) đạt/vượt Biên an toàn yêu cầu (20.0%).
FRC,NORMAL_ENTERPRISE,2016,2025,10,READY,UNKNOWN,WATCH,WATCH,UNKNOWN,WATCH,PASS,PASS,UNKNOWN,PASS,1,0,0,1,POSSIBLY_CYCLICAL,WATCH,COMPOUNDER,READY,90646.76791374914,72.42,40.0,PASS,BUY,Doanh nghiệp đạt chuẩn chất lượng BCTC và mức giá hiện tại (MOS 72.4%) đạt/vượt Biên an toàn yêu cầu (40.0%).
FRM,NORMAL_ENTERPRISE,2016,2025,10,READY,UNKNOWN,FAIL,FAIL,UNKNOWN,PASS,FAIL,WATCH,UNKNOWN,PASS,2,0,2,0,POSSIBLY_STRUCTURAL,HIGH_RISK,DETERIORATING_BUSINESS,READY,12567.440490761914,8.49,40.0,FAIL,AVOID,"Phát hiện rủi ro tài chính nghiêm trọng (PROFIT_CASH_DIVERGENCE, WEAK_PROFITABILITY_ROE)."
FRT,NORMAL_ENTERPRISE,2013,2025,13,READY,UNKNOWN,FAIL,FAIL,UNKNOWN,FAIL,PASS,WATCH,UNKNOWN,PASS,3,0,3,0,POSSIBLY_STRUCTURAL,HIGH_RISK,DETERIORATING_BUSINESS,READY,29493.35457738125,-364.51,38.0,FAIL,AVOID,"Phát hiện rủi ro tài chính nghiêm trọng (PROFIT_CASH_DIVERGENCE, UNSTABLE_EARNINGS_HISTORY, EXCESSIVE_DEBT_LEVERAGE)."
FSO,NORMAL_ENTERPRISE,2016,2025,10,READY,UNKNOWN,FAIL,FAIL,UNKNOWN,PASS,FAIL,WATCH,UNKNOWN,PASS,3,0,3,0,POSSIBLY_STRUCTURAL,HIGH_RISK,DETERIORATING_BUSINESS,READY,6937.252646460393,-36.94,35.0,FAIL,AVOID,"Phát hiện rủi ro tài chính nghiêm trọng (PROFIT_CASH_DIVERGENCE, WEAK_PROFITABILITY_ROE, UNSTABLE_EARNINGS_HISTORY)."
FTI,NORMAL_ENTERPRISE,2016,2025,10,READY,UNKNOWN,FAIL,FAIL,UNKNOWN,PASS,FAIL,WATCH,UNKNOWN,PASS,3,0,3,0,POSSIBLY_STRUCTURAL,HIGH_RISK,DETERIORATING_BUSINESS,READY,198794.05867205208,98.74,43.0,PASS,AVOID,"Phát hiện rủi ro tài chính nghiêm trọng (PROFIT_CASH_DIVERGENCE, WEAK_PROFITABILITY_ROE, UNSTABLE_EARNINGS_HISTORY)."
FTM,NORMAL_ENTERPRISE,2016,2025,10,READY,UNKNOWN,FAIL,FAIL,UNKNOWN,PASS,FAIL,WATCH,UNKNOWN,PASS,3,0,3,0,POSSIBLY_STRUCTURAL,HIGH_RISK,DETERIORATING_BUSINESS,INCOMPLETE,,,0.0,UNKNOWN,AVOID,"Phát hiện rủi ro tài chính nghiêm trọng (PROFIT_CASH_DIVERGENCE, WEAK_PROFITABILITY_ROE, UNSTABLE_EARNINGS_HISTORY)."
FTS,SECURITIES,2011,2025,15,READY,UNKNOWN,NOT_APPLICABLE,NOT_APPLICABLE,UNKNOWN,PASS,PASS,WATCH,UNKNOWN,PASS,0,0,0,0,NO_DETERIORATION,CLEAR,AVERAGE_BUSINESS,READY,15538.996059805404,-32.24792593362269,45.0,FAIL,WAIT_FOR_MOS,Doanh nghiệp có chất lượng tốt (AVERAGE_BUSINESS) nhưng mức giá hiện tại (MOS -32.2%) chưa đạt Biên an toàn yêu cầu (45.0%).
G20,NORMAL_ENTERPRISE,2016,2018,3,PARTIAL,UNKNOWN,PASS,PASS,UNKNOWN,FAIL,FAIL,WATCH,UNKNOWN,PASS,3,0,3,0,POSSIBLY_STRUCTURAL,HIGH_RISK,DETERIORATING_BUSINESS,INCOMPLETE,,,0.0,UNKNOWN,AVOID,"Phát hiện rủi ro tài chính nghiêm trọng (WEAK_PROFITABILITY_ROE, UNSTABLE_EARNINGS_HISTORY, EXCESSIVE_DEBT_LEVERAGE)."
G36,NORMAL_ENTERPRISE,2011,2025,15,READY,UNKNOWN,PASS,PASS,UNKNOWN,WATCH,FAIL,WATCH,UNKNOWN,PASS,1,0,1,0,NO_DETERIORATION,HIGH_RISK,WEAK_BUSINESS,READY,15497.895454390024,49.03,41.0,PASS,AVOID,Phát hiện rủi ro tài chính nghiêm trọng (WEAK_PROFITABILITY_ROE).
GAS,NORMAL_ENTERPRISE,2011,2025,15,READY,UNKNOWN,PASS,PASS,UNKNOWN,PASS,PASS,WATCH,UNKNOWN,WATCH,1,0,0,1,POSSIBLY_CYCLICAL,WATCH,AVERAGE_BUSINESS,READY,41479.15760019888,-99.85941083722133,30.0,FAIL,WAIT_FOR_MOS,Doanh nghiệp có chất lượng tốt (AVERAGE_BUSINESS) nhưng mức giá hiện tại (MOS -99.9%) chưa đạt Biên an toàn yêu cầu (30.0%).
GCB,NORMAL_ENTERPRISE,2016,2025,10,READY,UNKNOWN,FAIL,FAIL,UNKNOWN,FAIL,FAIL,WATCH,UNKNOWN,PASS,3,0,3,0,POSSIBLY_STRUCTURAL,HIGH_RISK,DETERIORATING_BUSINESS,READY,33417.966759525996,84.74,40.0,PASS,AVOID,"Phát hiện rủi ro tài chính nghiêm trọng (PROFIT_CASH_DIVERGENCE, WEAK_PROFITABILITY_ROE, EXCESSIVE_DEBT_LEVERAGE)."
GCF,NORMAL_ENTERPRISE,2021,2025,5,READY,UNKNOWN,WATCH,WATCH,UNKNOWN,PASS,FAIL,PASS,UNKNOWN,PASS,3,0,1,2,POSSIBLY_CYCLICAL,HIGH_RISK,WEAK_BUSINESS,READY,16459.631319356686,-15.43,40.0,FAIL,AVOID,Phát hiện rủi ro tài chính nghiêm trọng (WEAK_PROFITABILITY_ROE).
GDH,NORMAL_ENTERPRISE,2024,2025,2,INSUFFICIENT,UNKNOWN,PASS,PASS,UNKNOWN,FAIL,PASS,PASS,UNKNOWN,PASS,1,0,1,0,POSSIBLY_STRUCTURAL,HIGH_RISK,INSUFFICIENT_DATA,READY,683525.8185940894,98.68,43.0,PASS,AVOID,Phát hiện rủi ro tài chính nghiêm trọng (EXCESSIVE_DEBT_LEVERAGE).
GDT,NORMAL_ENTERPRISE,2016,2025,10,READY,UNKNOWN,PASS,PASS,UNKNOWN,PASS,PASS,WATCH,UNKNOWN,PASS,1,0,0,1,POSSIBLY_CYCLICAL,WATCH,AVERAGE_BUSINESS,READY,35884.26268530517,55.969556519632214,43.0,PASS,BUY,Doanh nghiệp đạt chuẩn chất lượng BCTC và mức giá hiện tại (MOS 56.0%) đạt/vượt Biên an toàn yêu cầu (43.0%).
GDW,NORMAL_ENTERPRISE,2016,2025,10,READY,UNKNOWN,PASS,PASS,UNKNOWN,WATCH,WATCH,PASS,UNKNOWN,PASS,0,0,0,0,NO_DETERIORATION,CLEAR,AVERAGE_BUSINESS,INCOMPLETE,-47.366555749858236,,0.0,UNKNOWN,WAIT_FOR_MOS,Doanh nghiệp chất lượng ổn định nhưng chưa có định giá chuẩn để xác định Biên an toàn.
GEE,NORMAL_ENTERPRISE,2019,2025,7,READY,UNKNOWN,WATCH,WATCH,UNKNOWN,PASS,PASS,PASS,UNKNOWN,PASS,1,0,0,1,POSSIBLY_CYCLICAL,WATCH,POTENTIAL_COMPOUNDER,READY,29206.512930517678,-112.28141869417297,30.0,FAIL,WAIT_FOR_MOS,Doanh nghiệp có chất lượng tốt (POTENTIAL_COMPOUNDER) nhưng mức giá hiện tại (MOS -112.3%) chưa đạt Biên an toàn yêu cầu (30.0%).
GEG,NORMAL_ENTERPRISE,2011,2025,15,READY,UNKNOWN,PASS,PASS,UNKNOWN,WATCH,FAIL,PASS,UNKNOWN,WATCH,2,0,1,1,POSSIBLY_CYCLICAL,HIGH_RISK,WEAK_BUSINESS,INCOMPLETE,-8576.147853624603,,0.0,UNKNOWN,AVOID,Phát hiện rủi ro tài chính nghiêm trọng (WEAK_PROFITABILITY_ROE).
GEL,NORMAL_ENTERPRISE,2022,2025,4,PARTIAL,UNKNOWN,WATCH,WATCH,UNKNOWN,WATCH,FAIL,WATCH,UNKNOWN,PASS,3,0,2,1,POSSIBLY_STRUCTURAL,HIGH_RISK,DETERIORATING_BUSINESS,READY,3938.335382667794,-598.26,41.0,FAIL,AVOID,"Phát hiện rủi ro tài chính nghiêm trọng (INVENTORY_BUILDUP, WEAK_PROFITABILITY_ROE)."
GER,NORMAL_ENTERPRISE,2016,2025,10,READY,UNKNOWN,FAIL,FAIL,UNKNOWN,PASS,FAIL,WATCH,UNKNOWN,PASS,3,0,3,0,POSSIBLY_STRUCTURAL,HIGH_RISK,DETERIORATING_BUSINESS,READY,2943.0768803165306,-188.81,40.0,FAIL,AVOID,"Phát hiện rủi ro tài chính nghiêm trọng (PROFIT_CASH_DIVERGENCE, WEAK_PROFITABILITY_ROE, UNSTABLE_EARNINGS_HISTORY)."
GEX,NORMAL_ENTERPRISE,2011,2025,15,READY,UNKNOWN,PASS,PASS,UNKNOWN,WATCH,WATCH,PASS,UNKNOWN,WATCH,1,0,0,1,POSSIBLY_CYCLICAL,WATCH,AVERAGE_BUSINESS,INCOMPLETE,-15016.022122027292,,0.0,UNKNOWN,WAIT_FOR_MOS,Doanh nghiệp chất lượng ổn định nhưng chưa có định giá chuẩn để xác định Biên an toàn.
GGG,NORMAL_ENTERPRISE,2016,2025,10,READY,UNKNOWN,UNKNOWN,UNKNOWN,UNKNOWN,PASS,PASS,WATCH,UNKNOWN,PASS,1,0,1,0,NO_DETERIORATION,HIGH_RISK,WEAK_BUSINESS,READY,5013.554714843084,58.11,50.0,PASS,AVOID,Phát hiện rủi ro tài chính nghiêm trọng (UNSTABLE_EARNINGS_HISTORY).
GHC,NORMAL_ENTERPRISE,2016,2025,10,READY,UNKNOWN,PASS,PASS,UNKNOWN,PASS,PASS,PASS,UNKNOWN,PASS,1,0,0,1,POSSIBLY_CYCLICAL,WATCH,AVERAGE_BUSINESS,READY,26836.183379079437,7.214823925330673,33.0,FAIL,WAIT_FOR_MOS,Doanh nghiệp có chất lượng tốt (AVERAGE_BUSINESS) nhưng mức giá hiện tại (MOS 7.2%) chưa đạt Biên an toàn yêu cầu (33.0%).
GIC,NORMAL_ENTERPRISE,2020,2025,6,READY,UNKNOWN,PASS,PASS,UNKNOWN,PASS,FAIL,WATCH,UNKNOWN,PASS,1,0,1,0,NO_DETERIORATION,HIGH_RISK,WEAK_BUSINESS,READY,32106.293239816696,65.74,35.0,PASS,AVOID,Phát hiện rủi ro tài chính nghiêm trọng (WEAK_PROFITABILITY_ROE).
GIL,NORMAL_ENTERPRISE,2011,2025,15,READY,UNKNOWN,FAIL,FAIL,UNKNOWN,PASS,PASS,WATCH,UNKNOWN,WATCH,3,0,2,1,POSSIBLY_STRUCTURAL,HIGH_RISK,DETERIORATING_BUSINESS,READY,2000.5850957500188,-279.89,45.0,FAIL,AVOID,"Phát hiện rủi ro tài chính nghiêm trọng (PROFIT_CASH_DIVERGENCE, INVENTORY_BUILDUP)."
GKM,NORMAL_ENTERPRISE,2016,2025,10,READY,UNKNOWN,FAIL,FAIL,UNKNOWN,PASS,FAIL,WATCH,UNKNOWN,PASS,2,0,2,0,POSSIBLY_STRUCTURAL,HIGH_RISK,DETERIORATING_BUSINESS,INCOMPLETE,,,0.0,UNKNOWN,AVOID,"Phát hiện rủi ro tài chính nghiêm trọng (PROFIT_CASH_DIVERGENCE, WEAK_PROFITABILITY_ROE)."
GLC,NORMAL_ENTERPRISE,2016,2025,10,READY,UNKNOWN,FAIL,FAIL,UNKNOWN,PASS,FAIL,WATCH,UNKNOWN,PASS,3,0,3,0,POSSIBLY_STRUCTURAL,HIGH_RISK,DETERIORATING_BUSINESS,INCOMPLETE,,,0.0,UNKNOWN,AVOID,"Phát hiện rủi ro tài chính nghiêm trọng (PROFIT_CASH_DIVERGENCE, WEAK_PROFITABILITY_ROE, UNSTABLE_EARNINGS_HISTORY)."
GLT,NORMAL_ENTERPRISE,2016,2025,10,READY,UNKNOWN,FAIL,FAIL,UNKNOWN,PASS,PASS,WATCH,UNKNOWN,PASS,1,0,1,0,POSSIBLY_STRUCTURAL,HIGH_RISK,DETERIORATING_BUSINESS,READY,91263.4125934345,67.89512996787954,30.0,PASS,AVOID,Phát hiện rủi ro tài chính nghiêm trọng (PROFIT_CASH_DIVERGENCE).
GLW,NORMAL_ENTERPRISE,2016,2025,10,READY,UNKNOWN,PASS,PASS,UNKNOWN,PASS,FAIL,PASS,UNKNOWN,PASS,2,0,2,0,NO_DETERIORATION,HIGH_RISK,WEAK_BUSINESS,READY,26205.69840108863,49.25,35.0,PASS,AVOID,"Phát hiện rủi ro tài chính nghiêm trọng (WEAK_PROFITABILITY_ROE, UNSTABLE_EARNINGS_HISTORY)."
GMA,NORMAL_ENTERPRISE,2018,2025,8,READY,UNKNOWN,PASS,PASS,UNKNOWN,FAIL,FAIL,PASS,UNKNOWN,PASS,3,0,2,1,POSSIBLY_STRUCTURAL,HIGH_RISK,DETERIORATING_BUSINESS,READY,7566.568012950432,-653.31,45.0,FAIL,AVOID,"Phát hiện rủi ro tài chính nghiêm trọng (WEAK_PROFITABILITY_ROE, EXCESSIVE_DEBT_LEVERAGE)."
GMC,NORMAL_ENTERPRISE,2016,2025,10,READY,UNKNOWN,FAIL,FAIL,UNKNOWN,PASS,FAIL,WATCH,UNKNOWN,PASS,3,0,3,0,POSSIBLY_STRUCTURAL,HIGH_RISK,DETERIORATING_BUSINESS,INCOMPLETE,,,0.0,UNKNOWN,AVOID,"Phát hiện rủi ro tài chính nghiêm trọng (PROFIT_CASH_DIVERGENCE, WEAK_PROFITABILITY_ROE, UNSTABLE_EARNINGS_HISTORY)."
GMD,NORMAL_ENTERPRISE,2011,2025,15,READY,UNKNOWN,PASS,PASS,UNKNOWN,PASS,FAIL,PASS,UNKNOWN,WATCH,2,0,1,1,POSSIBLY_CYCLICAL,HIGH_RISK,WEAK_BUSINESS,READY,34510.33891316006,-116.16710339391153,35.0,FAIL,AVOID,Phát hiện rủi ro tài chính nghiêm trọng (WEAK_PROFITABILITY_ROE).
GMH,NORMAL_ENTERPRISE,2021,2025,5,READY,UNKNOWN,PASS,PASS,UNKNOWN,PASS,FAIL,WATCH,UNKNOWN,PASS,1,0,1,0,NO_DETERIORATION,HIGH_RISK,WEAK_BUSINESS,READY,13730.298238275822,50.04,50.0,PASS,AVOID,Phát hiện rủi ro tài chính nghiêm trọng (WEAK_PROFITABILITY_ROE).
GMX,NORMAL_ENTERPRISE,2016,2025,10,READY,UNKNOWN,PASS,PASS,UNKNOWN,PASS,PASS,WATCH,UNKNOWN,PASS,1,0,0,1,POSSIBLY_CYCLICAL,WATCH,AVERAGE_BUSINESS,READY,32105.081681581232,46.42592667855543,50.0,FAIL,WAIT_FOR_MOS,Doanh nghiệp có chất lượng tốt (AVERAGE_BUSINESS) nhưng mức giá hiện tại (MOS 46.4%) chưa đạt Biên an toàn yêu cầu (50.0%).
GND,NORMAL_ENTERPRISE,2016,2025,10,READY,UNKNOWN,WATCH,WATCH,UNKNOWN,PASS,PASS,WATCH,UNKNOWN,PASS,1,0,0,1,POSSIBLY_CYCLICAL,WATCH,AVERAGE_BUSINESS,READY,23021.401374920417,-12.5,43.0,FAIL,WAIT_FOR_MOS,Doanh nghiệp có chất lượng tốt (AVERAGE_BUSINESS) nhưng mức giá hiện tại (MOS -12.5%) chưa đạt Biên an toàn yêu cầu (43.0%).
GPC,NORMAL_ENTERPRISE,2019,2025,6,READY,UNKNOWN,FAIL,FAIL,UNKNOWN,PASS,FAIL,WATCH,UNKNOWN,PASS,2,0,2,0,POSSIBLY_STRUCTURAL,HIGH_RISK,DETERIORATING_BUSINESS,READY,239.36299950818363,-693.77,40.0,FAIL,AVOID,"Phát hiện rủi ro tài chính nghiêm trọng (PROFIT_CASH_DIVERGENCE, WEAK_PROFITABILITY_ROE)."
GSM,NORMAL_ENTERPRISE,2016,2025,10,READY,UNKNOWN,PASS,PASS,UNKNOWN,PASS,WATCH,PASS,UNKNOWN,PASS,0,0,0,0,NO_DETERIORATION,CLEAR,AVERAGE_BUSINESS,READY,189757.9650960497,87.19,40.0,PASS,BUY,Doanh nghiệp đạt chuẩn chất lượng BCTC và mức giá hiện tại (MOS 87.2%) đạt/vượt Biên an toàn yêu cầu (40.0%).
GSP,NORMAL_ENTERPRISE,2011,2025,15,READY,UNKNOWN,PASS,PASS,UNKNOWN,PASS,WATCH,PASS,UNKNOWN,WATCH,1,0,0,1,POSSIBLY_CYCLICAL,WATCH,AVERAGE_BUSINESS,READY,22037.19076061933,55.21207713263624,30.0,PASS,BUY,Doanh nghiệp đạt chuẩn chất lượng BCTC và mức giá hiện tại (MOS 55.2%) đạt/vượt Biên an toàn yêu cầu (30.0%).
GTA,NORMAL_ENTERPRISE,2016,2025,10,READY,UNKNOWN,FAIL,FAIL,UNKNOWN,WATCH,FAIL,WATCH,UNKNOWN,PASS,2,0,2,0,POSSIBLY_STRUCTURAL,HIGH_RISK,DETERIORATING_BUSINESS,READY,31128.69777257869,72.24,46.0,PASS,AVOID,"Phát hiện rủi ro tài chính nghiêm trọng (PROFIT_CASH_DIVERGENCE, WEAK_PROFITABILITY_ROE)."
GTD,NORMAL_ENTERPRISE,2016,2025,10,READY,UNKNOWN,UNKNOWN,UNKNOWN,UNKNOWN,PASS,FAIL,WATCH,UNKNOWN,PASS,2,0,2,0,NO_DETERIORATION,HIGH_RISK,WEAK_BUSINESS,READY,1981.1627502202512,-4442.79,45.0,FAIL,AVOID,"Phát hiện rủi ro tài chính nghiêm trọng (WEAK_PROFITABILITY_ROE, UNSTABLE_EARNINGS_HISTORY)."
GTS,NORMAL_ENTERPRISE,2016,2025,10,READY,UNKNOWN,PASS,PASS,UNKNOWN,FAIL,WATCH,WATCH,UNKNOWN,PASS,1,0,1,0,POSSIBLY_STRUCTURAL,HIGH_RISK,DETERIORATING_BUSINESS,READY,64243.96457271428,83.69,41.0,PASS,AVOID,Phát hiện rủi ro tài chính nghiêm trọng (EXCESSIVE_DEBT_LEVERAGE).
GTT,NORMAL_ENTERPRISE,2016,2020,5,READY,UNKNOWN,UNKNOWN,UNKNOWN,UNKNOWN,PASS,PASS,WATCH,UNKNOWN,PASS,1,0,1,0,NO_DETERIORATION,HIGH_RISK,WEAK_BUSINESS,INCOMPLETE,,,40.0,UNKNOWN,AVOID,Phát hiện rủi ro tài chính nghiêm trọng (UNSTABLE_EARNINGS_HISTORY).
GVR,NORMAL_ENTERPRISE,2012,2025,14,READY,UNKNOWN,WATCH,WATCH,UNKNOWN,PASS,FAIL,WATCH,UNKNOWN,WATCH,3,0,1,2,POSSIBLY_CYCLICAL,HIGH_RISK,WEAK_BUSINESS,READY,22897.0,-31.0,40.0,FAIL,AVOID,Phát hiện rủi ro tài chính nghiêm trọng (WEAK_PROFITABILITY_ROE).
GVT,NORMAL_ENTERPRISE,2016,2025,10,READY,UNKNOWN,WATCH,WATCH,UNKNOWN,PASS,PASS,PASS,UNKNOWN,PASS,2,0,0,2,POSSIBLY_CYCLICAL,WATCH,COMPOUNDER,READY,257796.36649413238,69.16,35.0,PASS,BUY,Doanh nghiệp đạt chuẩn chất lượng BCTC và mức giá hiện tại (MOS 69.2%) đạt/vượt Biên an toàn yêu cầu (35.0%).
HAC,NORMAL_ENTERPRISE,2016,2025,10,READY,UNKNOWN,FAIL,FAIL,UNKNOWN,PASS,FAIL,PASS,UNKNOWN,PASS,3,0,3,0,POSSIBLY_STRUCTURAL,HIGH_RISK,DETERIORATING_BUSINESS,READY,18646.231025025136,51.73,40.0,PASS,AVOID,"Phát hiện rủi ro tài chính nghiêm trọng (PROFIT_CASH_DIVERGENCE, WEAK_PROFITABILITY_ROE, UNSTABLE_EARNINGS_HISTORY)."
HAD,NORMAL_ENTERPRISE,2016,2025,10,READY,UNKNOWN,PASS,PASS,UNKNOWN,PASS,WATCH,WATCH,UNKNOWN,PASS,0,0,0,0,NO_DETERIORATION,CLEAR,AVERAGE_BUSINESS,READY,11330.845989218642,-17.38,25.0,FAIL,WAIT_FOR_MOS,Doanh nghiệp có chất lượng tốt (AVERAGE_BUSINESS) nhưng mức giá hiện tại (MOS -17.4%) chưa đạt Biên an toàn yêu cầu (25.0%).
HAF,NORMAL_ENTERPRISE,2016,2025,10,READY,UNKNOWN,FAIL,FAIL,UNKNOWN,WATCH,FAIL,WATCH,UNKNOWN,PASS,3,0,3,0,POSSIBLY_STRUCTURAL,HIGH_RISK,DETERIORATING_BUSINESS,INCOMPLETE,,,0.0,UNKNOWN,AVOID,"Phát hiện rủi ro tài chính nghiêm trọng (PROFIT_CASH_DIVERGENCE, WEAK_PROFITABILITY_ROE, UNSTABLE_EARNINGS_HISTORY)."
HAG,NORMAL_ENTERPRISE,2011,2025,15,READY,UNKNOWN,FAIL,FAIL,UNKNOWN,PASS,FAIL,WATCH,UNKNOWN,WATCH,4,0,3,1,POSSIBLY_STRUCTURAL,HIGH_RISK,DETERIORATING_BUSINESS,READY,4800.2403807461005,-183.32,50.0,FAIL,AVOID,"Phát hiện rủi ro tài chính nghiêm trọng (PROFIT_CASH_DIVERGENCE, WEAK_PROFITABILITY_ROE, UNSTABLE_EARNINGS_HISTORY)."
HAH,NORMAL_ENTERPRISE,2011,2025,15,READY,UNKNOWN,PASS,PASS,UNKNOWN,PASS,PASS,PASS,UNKNOWN,PASS,1,0,0,1,POSSIBLY_CYCLICAL,WATCH,POTENTIAL_COMPOUNDER,READY,160976.0672323881,71.42,50.0,PASS,BUY,Doanh nghiệp đạt chuẩn chất lượng BCTC và mức giá hiện tại (MOS 71.4%) đạt/vượt Biên an toàn yêu cầu (50.0%).
HAM,NORMAL_ENTERPRISE,2016,2025,10,READY,UNKNOWN,FAIL,FAIL,UNKNOWN,FAIL,PASS,PASS,UNKNOWN,PASS,3,0,2,1,POSSIBLY_STRUCTURAL,HIGH_RISK,DETERIORATING_BUSINESS,READY,45353.613467443945,11.8,40.0,FAIL,AVOID,"Phát hiện rủi ro tài chính nghiêm trọng (PROFIT_CASH_DIVERGENCE, EXCESSIVE_DEBT_LEVERAGE)."
HAN,NORMAL_ENTERPRISE,2016,2025,10,READY,UNKNOWN,FAIL,FAIL,UNKNOWN,FAIL,FAIL,WATCH,UNKNOWN,PASS,3,0,3,0,POSSIBLY_STRUCTURAL,HIGH_RISK,DETERIORATING_BUSINESS,READY,7594.392396022957,-0.07,40.0,FAIL,AVOID,"Phát hiện rủi ro tài chính nghiêm trọng (PROFIT_CASH_DIVERGENCE, WEAK_PROFITABILITY_ROE, EXCESSIVE_DEBT_LEVERAGE)."
HAP,NORMAL_ENTERPRISE,2016,2025,10,READY,UNKNOWN,FAIL,FAIL,UNKNOWN,PASS,FAIL,WATCH,UNKNOWN,PASS,2,0,2,0,POSSIBLY_STRUCTURAL,HIGH_RISK,DETERIORATING_BUSINESS,READY,7700.269568351625,3.9,40.0,FAIL,AVOID,"Phát hiện rủi ro tài chính nghiêm trọng (PROFIT_CASH_DIVERGENCE, WEAK_PROFITABILITY_ROE)."
HAR,NORMAL_ENTERPRISE,2011,2025,15,READY,UNKNOWN,FAIL,FAIL,UNKNOWN,PASS,FAIL,PASS,UNKNOWN,WATCH,3,0,2,1,POSSIBLY_STRUCTURAL,HIGH_RISK,DETERIORATING_BUSINESS,READY,5754.674923231189,56.38,50.0,PASS,AVOID,"Phát hiện rủi ro tài chính nghiêm trọng (PROFIT_CASH_DIVERGENCE, WEAK_PROFITABILITY_ROE)."
HAS,NORMAL_ENTERPRISE,2016,2025,10,READY,UNKNOWN,FAIL,FAIL,UNKNOWN,PASS,FAIL,WATCH,UNKNOWN,PASS,3,0,3,0,POSSIBLY_STRUCTURAL,HIGH_RISK,DETERIORATING_BUSINESS,INCOMPLETE,,,0.0,UNKNOWN,AVOID,"Phát hiện rủi ro tài chính nghiêm trọng (PROFIT_CASH_DIVERGENCE, WEAK_PROFITABILITY_ROE, UNSTABLE_EARNINGS_HISTORY)."
HAT,NORMAL_ENTERPRISE,2016,2025,10,READY,UNKNOWN,FAIL,FAIL,UNKNOWN,FAIL,PASS,WATCH,UNKNOWN,PASS,2,0,2,0,POSSIBLY_STRUCTURAL,HIGH_RISK,DETERIORATING_BUSINESS,READY,43730.83479072605,29.11,25.0,PASS,AVOID,"Phát hiện rủi ro tài chính nghiêm trọng (PROFIT_CASH_DIVERGENCE, EXCESSIVE_DEBT_LEVERAGE)."
HAV,NORMAL_ENTERPRISE,2016,2018,3,PARTIAL,UNKNOWN,UNKNOWN,UNKNOWN,UNKNOWN,PASS,PASS,WATCH,UNKNOWN,PASS,0,0,0,0,NO_DETERIORATION,CLEAR,WEAK_BUSINESS,INCOMPLETE,,,45.0,UNKNOWN,WAIT_FOR_MOS,"Doanh nghiệp có chất lượng tài chính yếu, không đạt tiêu chí mua dài hạn."
HAX,NORMAL_ENTERPRISE,2011,2025,15,READY,UNKNOWN,FAIL,FAIL,UNKNOWN,PASS,PASS,WATCH,UNKNOWN,PASS,2,0,2,0,POSSIBLY_STRUCTURAL,HIGH_RISK,DETERIORATING_BUSINESS,READY,338.77278232994496,-2391.35,35.0,FAIL,AVOID,"Phát hiện rủi ro tài chính nghiêm trọng (PROFIT_CASH_DIVERGENCE, UNSTABLE_EARNINGS_HISTORY)."
HBC,NORMAL_ENTERPRISE,2011,2025,15,READY,UNKNOWN,FAIL,FAIL,UNKNOWN,FAIL,WATCH,WATCH,UNKNOWN,PASS,4,0,4,0,STRUCTURAL,HIGH_RISK,DETERIORATING_BUSINESS,READY,33199.01769678422,89.46,43.0,PASS,AVOID,"Phát hiện rủi ro tài chính nghiêm trọng (PROFIT_CASH_DIVERGENCE, INVENTORY_BUILDUP, UNSTABLE_EARNINGS_HISTORY, EXCESSIVE_DEBT_LEVERAGE)."
HBD,NORMAL_ENTERPRISE,2016,2025,9,READY,UNKNOWN,FAIL,FAIL,UNKNOWN,PASS,WATCH,WATCH,UNKNOWN,PASS,1,0,1,0,POSSIBLY_STRUCTURAL,HIGH_RISK,DETERIORATING_BUSINESS,READY,6474.769136696367,-142.48,40.0,FAIL,AVOID,Phát hiện rủi ro tài chính nghiêm trọng (PROFIT_CASH_DIVERGENCE).
HBH,NORMAL_ENTERPRISE,2016,2025,10,READY,UNKNOWN,PASS,PASS,UNKNOWN,PASS,FAIL,WATCH,UNKNOWN,PASS,2,0,2,0,NO_DETERIORATION,HIGH_RISK,WEAK_BUSINESS,READY,14568.230557566825,65.68,43.0,PASS,AVOID,"Phát hiện rủi ro tài chính nghiêm trọng (WEAK_PROFITABILITY_ROE, UNSTABLE_EARNINGS_HISTORY)."
HBS,NORMAL_ENTERPRISE,2016,2025,10,READY,UNKNOWN,FAIL,FAIL,UNKNOWN,PASS,FAIL,PASS,UNKNOWN,PASS,2,0,2,0,POSSIBLY_STRUCTURAL,HIGH_RISK,DETERIORATING_BUSINESS,READY,10443.994761962584,64.57,45.0,PASS,AVOID,"Phát hiện rủi ro tài chính nghiêm trọng (PROFIT_CASH_DIVERGENCE, WEAK_PROFITABILITY_ROE)."
HC3,NORMAL_ENTERPRISE,2017,2025,9,READY,UNKNOWN,FAIL,FAIL,UNKNOWN,PASS,FAIL,WATCH,UNKNOWN,PASS,2,0,2,0,POSSIBLY_STRUCTURAL,HIGH_RISK,DETERIORATING_BUSINESS,READY,3127.9077955054913,-699.26,46.0,FAIL,AVOID,"Phát hiện rủi ro tài chính nghiêm trọng (PROFIT_CASH_DIVERGENCE, WEAK_PROFITABILITY_ROE)."
HCC,NORMAL_ENTERPRISE,2016,2025,10,READY,UNKNOWN,PASS,PASS,UNKNOWN,PASS,PASS,WATCH,UNKNOWN,PASS,0,0,0,0,NO_DETERIORATION,CLEAR,AVERAGE_BUSINESS,READY,82840.95048841454,72.23595351767892,50.0,PASS,BUY,Doanh nghiệp đạt chuẩn chất lượng BCTC và mức giá hiện tại (MOS 72.2%) đạt/vượt Biên an toàn yêu cầu (50.0%).
HCD,NORMAL_ENTERPRISE,2016,2025,10,READY,UNKNOWN,FAIL,FAIL,UNKNOWN,PASS,FAIL,WATCH,UNKNOWN,PASS,3,0,2,1,POSSIBLY_STRUCTURAL,HIGH_RISK,DETERIORATING_BUSINESS,READY,6754.881740991368,7.47,50.0,FAIL,AVOID,"Phát hiện rủi ro tài chính nghiêm trọng (PROFIT_CASH_DIVERGENCE, WEAK_PROFITABILITY_ROE)."
HCI,NORMAL_ENTERPRISE,2016,2025,10,READY,UNKNOWN,FAIL,FAIL,UNKNOWN,FAIL,FAIL,WATCH,UNKNOWN,PASS,4,0,4,0,POSSIBLY_STRUCTURAL,HIGH_RISK,DETERIORATING_BUSINESS,INCOMPLETE,,,0.0,UNKNOWN,AVOID,"Phát hiện rủi ro tài chính nghiêm trọng (PROFIT_CASH_DIVERGENCE, WEAK_PROFITABILITY_ROE, UNSTABLE_EARNINGS_HISTORY, EXCESSIVE_DEBT_LEVERAGE)."
HCM,SECURITIES,2011,2025,15,READY,UNKNOWN,NOT_APPLICABLE,NOT_APPLICABLE,UNKNOWN,PASS,PASS,PASS,UNKNOWN,PASS,0,0,0,0,NO_DETERIORATION,CLEAR,AVERAGE_BUSINESS,READY,16025.992454850713,-59.11651070496863,50.0,FAIL,WAIT_FOR_MOS,Doanh nghiệp có chất lượng tốt (AVERAGE_BUSINESS) nhưng mức giá hiện tại (MOS -59.1%) chưa đạt Biên an toàn yêu cầu (50.0%).
HCT,NORMAL_ENTERPRISE,2016,2025,10,READY,UNKNOWN,PASS,PASS,UNKNOWN,PASS,FAIL,WATCH,UNKNOWN,PASS,2,0,2,0,NO_DETERIORATION,HIGH_RISK,WEAK_BUSINESS,READY,12949.538273392734,18.14,35.0,FAIL,AVOID,"Phát hiện rủi ro tài chính nghiêm trọng (WEAK_PROFITABILITY_ROE, UNSTABLE_EARNINGS_HISTORY)."
HD6,NORMAL_ENTERPRISE,2018,2025,8,READY,UNKNOWN,FAIL,FAIL,UNKNOWN,WATCH,FAIL,WATCH,UNKNOWN,PASS,2,0,2,0,POSSIBLY_STRUCTURAL,HIGH_RISK,DETERIORATING_BUSINESS,READY,1286.377974178086,-490.81,40.0,FAIL,AVOID,"Phát hiện rủi ro tài chính nghiêm trọng (PROFIT_CASH_DIVERGENCE, WEAK_PROFITABILITY_ROE)."
HDA,NORMAL_ENTERPRISE,2016,2025,10,READY,UNKNOWN,FAIL,FAIL,UNKNOWN,PASS,FAIL,PASS,UNKNOWN,PASS,3,0,2,1,POSSIBLY_STRUCTURAL,HIGH_RISK,DETERIORATING_BUSINESS,READY,11408.662564975712,42.15,50.0,FAIL,AVOID,"Phát hiện rủi ro tài chính nghiêm trọng (PROFIT_CASH_DIVERGENCE, WEAK_PROFITABILITY_ROE)."
HDB,BANK,2011,2025,15,READY,UNKNOWN,NOT_APPLICABLE,NOT_APPLICABLE,UNKNOWN,PASS,PASS,PASS,UNKNOWN,PASS,0,0,0,0,NO_DETERIORATION,CLEAR,POTENTIAL_COMPOUNDER,READY,30403.101549832503,11.85109862533862,35.0,FAIL,WAIT_FOR_MOS,Doanh nghiệp có chất lượng tốt (POTENTIAL_COMPOUNDER) nhưng mức giá hiện tại (MOS 11.9%) chưa đạt Biên an toàn yêu cầu (35.0%).
HDC,NORMAL_ENTERPRISE,2011,2025,15,READY,UNKNOWN,FAIL,FAIL,UNKNOWN,PASS,WATCH,PASS,UNKNOWN,PASS,1,0,1,0,POSSIBLY_STRUCTURAL,HIGH_RISK,DETERIORATING_BUSINESS,READY,8697.368726202962,-30.5,50.0,FAIL,AVOID,Phát hiện rủi ro tài chính nghiêm trọng (PROFIT_CASH_DIVERGENCE).
HDG,NORMAL_ENTERPRISE,2011,2025,15,READY,UNKNOWN,PASS,PASS,UNKNOWN,PASS,WATCH,PASS,UNKNOWN,WATCH,1,0,0,1,POSSIBLY_CYCLICAL,WATCH,AVERAGE_BUSINESS,READY,25207.412042859967,36.72,50.0,FAIL,WAIT_FOR_MOS,Doanh nghiệp có chất lượng tốt (AVERAGE_BUSINESS) nhưng mức giá hiện tại (MOS 36.7%) chưa đạt Biên an toàn yêu cầu (50.0%).
HDM,NORMAL_ENTERPRISE,2016,2025,10,READY,UNKNOWN,PASS,PASS,UNKNOWN,FAIL,PASS,PASS,UNKNOWN,PASS,2,0,1,1,POSSIBLY_STRUCTURAL,HIGH_RISK,DETERIORATING_BUSINESS,READY,196164.68186509173,83.89,43.0,PASS,AVOID,Phát hiện rủi ro tài chính nghiêm trọng (EXCESSIVE_DEBT_LEVERAGE).
HDP,NORMAL_ENTERPRISE,2016,2025,10,READY,UNKNOWN,PASS,PASS,UNKNOWN,WATCH,FAIL,PASS,UNKNOWN,PASS,2,0,1,1,POSSIBLY_CYCLICAL,HIGH_RISK,WEAK_BUSINESS,READY,54008.8351669107,51.86,46.0,PASS,AVOID,Phát hiện rủi ro tài chính nghiêm trọng (WEAK_PROFITABILITY_ROE).
HDW,NORMAL_ENTERPRISE,2016,2025,10,READY,UNKNOWN,PASS,PASS,UNKNOWN,WATCH,WATCH,PASS,UNKNOWN,PASS,0,0,0,0,NO_DETERIORATION,CLEAR,AVERAGE_BUSINESS,READY,54396.17958102277,73.34,43.0,PASS,BUY,Doanh nghiệp đạt chuẩn chất lượng BCTC và mức giá hiện tại (MOS 73.3%) đạt/vượt Biên an toàn yêu cầu (43.0%).
HEC,NORMAL_ENTERPRISE,2016,2025,10,READY,UNKNOWN,FAIL,FAIL,UNKNOWN,PASS,PASS,PASS,UNKNOWN,PASS,1,0,1,0,POSSIBLY_STRUCTURAL,HIGH_RISK,DETERIORATING_BUSINESS,READY,205034.35599538495,86.39,35.0,PASS,AVOID,Phát hiện rủi ro tài chính nghiêm trọng (PROFIT_CASH_DIVERGENCE).
HEJ,NORMAL_ENTERPRISE,2016,2025,10,READY,UNKNOWN,FAIL,FAIL,UNKNOWN,FAIL,FAIL,WATCH,UNKNOWN,PASS,4,0,4,0,POSSIBLY_STRUCTURAL,HIGH_RISK,DETERIORATING_BUSINESS,READY,8829.230640949592,-29.12,50.0,FAIL,AVOID,"Phát hiện rủi ro tài chính nghiêm trọng (PROFIT_CASH_DIVERGENCE, WEAK_PROFITABILITY_ROE, UNSTABLE_EARNINGS_HISTORY, EXCESSIVE_DEBT_LEVERAGE)."
HEP,NORMAL_ENTERPRISE,2016,2025,10,READY,UNKNOWN,FAIL,FAIL,UNKNOWN,PASS,FAIL,PASS,UNKNOWN,PASS,2,0,2,0,POSSIBLY_STRUCTURAL,HIGH_RISK,DETERIORATING_BUSINESS,READY,17266.051031190313,37.45,35.0,PASS,AVOID,"Phát hiện rủi ro tài chính nghiêm trọng (PROFIT_CASH_DIVERGENCE, WEAK_PROFITABILITY_ROE)."
HES,NORMAL_ENTERPRISE,2016,2025,10,READY,UNKNOWN,PASS,PASS,UNKNOWN,PASS,FAIL,PASS,UNKNOWN,PASS,2,0,2,0,NO_DETERIORATION,HIGH_RISK,WEAK_BUSINESS,READY,32025.739815917514,51.29,35.0,PASS,AVOID,"Phát hiện rủi ro tài chính nghiêm trọng (WEAK_PROFITABILITY_ROE, UNSTABLE_EARNINGS_HISTORY)."
HEV,NORMAL_ENTERPRISE,2016,2025,10,READY,UNKNOWN,FAIL,FAIL,UNKNOWN,PASS,WATCH,WATCH,UNKNOWN,PASS,2,0,2,0,POSSIBLY_STRUCTURAL,HIGH_RISK,DETERIORATING_BUSINESS,INCOMPLETE,,,0.0,UNKNOWN,AVOID,"Phát hiện rủi ro tài chính nghiêm trọng (PROFIT_CASH_DIVERGENCE, UNSTABLE_EARNINGS_HISTORY)."
HFB,NORMAL_ENTERPRISE,2016,2025,10,READY,UNKNOWN,FAIL,FAIL,UNKNOWN,FAIL,FAIL,PASS,UNKNOWN,PASS,3,0,3,0,POSSIBLY_STRUCTURAL,HIGH_RISK,DETERIORATING_BUSINESS,READY,22768.418942228982,56.08,50.0,PASS,AVOID,"Phát hiện rủi ro tài chính nghiêm trọng (PROFIT_CASH_DIVERGENCE, WEAK_PROFITABILITY_ROE, EXCESSIVE_DEBT_LEVERAGE)."
HFC,NORMAL_ENTERPRISE,2016,2025,9,READY,UNKNOWN,FAIL,FAIL,UNKNOWN,WATCH,FAIL,PASS,UNKNOWN,PASS,3,0,2,1,POSSIBLY_STRUCTURAL,HIGH_RISK,DETERIORATING_BUSINESS,READY,77443.31712519184,89.02,40.0,PASS,AVOID,"Phát hiện rủi ro tài chính nghiêm trọng (PROFIT_CASH_DIVERGENCE, WEAK_PROFITABILITY_ROE)."
HFX,NORMAL_ENTERPRISE,2016,2025,9,READY,UNKNOWN,UNKNOWN,UNKNOWN,UNKNOWN,PASS,PASS,WATCH,UNKNOWN,PASS,1,0,1,0,NO_DETERIORATION,HIGH_RISK,WEAK_BUSINESS,INCOMPLETE,,,0.0,UNKNOWN,AVOID,Phát hiện rủi ro tài chính nghiêm trọng (UNSTABLE_EARNINGS_HISTORY).
HGM,NORMAL_ENTERPRISE,2016,2025,10,READY,UNKNOWN,PASS,PASS,UNKNOWN,PASS,PASS,PASS,UNKNOWN,PASS,0,0,0,0,NO_DETERIORATION,CLEAR,COMPOUNDER,READY,999356.3392848726,88.8,45.0,PASS,BUY,Doanh nghiệp đạt chuẩn chất lượng BCTC và mức giá hiện tại (MOS 88.8%) đạt/vượt Biên an toàn yêu cầu (45.0%).
HGT,NORMAL_ENTERPRISE,2020,2025,6,READY,UNKNOWN,FAIL,FAIL,UNKNOWN,PASS,FAIL,WATCH,UNKNOWN,PASS,3,0,3,0,POSSIBLY_STRUCTURAL,HIGH_RISK,DETERIORATING_BUSINESS,INCOMPLETE,,,0.0,UNKNOWN,AVOID,"Phát hiện rủi ro tài chính nghiêm trọng (PROFIT_CASH_DIVERGENCE, WEAK_PROFITABILITY_ROE, UNSTABLE_EARNINGS_HISTORY)."
HHB,NORMAL_ENTERPRISE,2025,2025,1,INSUFFICIENT,UNKNOWN,UNKNOWN,UNKNOWN,UNKNOWN,PASS,WATCH,WATCH,UNKNOWN,PASS,0,0,0,0,NO_DETERIORATION,CLEAR,INSUFFICIENT_DATA,READY,20804.27270721916,-44.2,35.0,FAIL,REVIEW_BUSINESS,Chưa đủ dữ liệu tài chính lịch sử (dưới 3-5 năm) để hoàn thành đánh giá BCTC.
HHC,NORMAL_ENTERPRISE,2016,2025,10,READY,UNKNOWN,FAIL,FAIL,UNKNOWN,PASS,FAIL,WATCH,UNKNOWN,PASS,2,0,2,0,POSSIBLY_STRUCTURAL,HIGH_RISK,DETERIORATING_BUSINESS,READY,23293.37677226132,-239.15,30.0,FAIL,AVOID,"Phát hiện rủi ro tài chính nghiêm trọng (PROFIT_CASH_DIVERGENCE, WEAK_PROFITABILITY_ROE)."
HHG,NORMAL_ENTERPRISE,2016,2025,10,READY,UNKNOWN,FAIL,FAIL,UNKNOWN,FAIL,FAIL,WATCH,UNKNOWN,PASS,4,0,4,0,POSSIBLY_STRUCTURAL,HIGH_RISK,DETERIORATING_BUSINESS,INCOMPLETE,,,0.0,UNKNOWN,AVOID,"Phát hiện rủi ro tài chính nghiêm trọng (PROFIT_CASH_DIVERGENCE, WEAK_PROFITABILITY_ROE, UNSTABLE_EARNINGS_HISTORY, EXCESSIVE_DEBT_LEVERAGE)."
HHN,NORMAL_ENTERPRISE,2016,2025,9,READY,UNKNOWN,PASS,PASS,UNKNOWN,PASS,FAIL,WATCH,UNKNOWN,PASS,2,0,2,0,NO_DETERIORATION,HIGH_RISK,WEAK_BUSINESS,READY,100543.38979395658,99.8,40.0,PASS,AVOID,"Phát hiện rủi ro tài chính nghiêm trọng (WEAK_PROFITABILITY_ROE, UNSTABLE_EARNINGS_HISTORY)."
HHP,NORMAL_ENTERPRISE,2016,2025,10,READY,UNKNOWN,FAIL,FAIL,UNKNOWN,FAIL,FAIL,PASS,UNKNOWN,PASS,4,0,3,1,POSSIBLY_STRUCTURAL,HIGH_RISK,DETERIORATING_BUSINESS,READY,4408.4282271281045,-287.89,40.0,FAIL,AVOID,"Phát hiện rủi ro tài chính nghiêm trọng (PROFIT_CASH_DIVERGENCE, WEAK_PROFITABILITY_ROE, EXCESSIVE_DEBT_LEVERAGE)."
HHS,NORMAL_ENTERPRISE,2011,2025,15,READY,UNKNOWN,FAIL,FAIL,UNKNOWN,PASS,FAIL,PASS,UNKNOWN,PASS,3,0,3,0,POSSIBLY_STRUCTURAL,HIGH_RISK,DETERIORATING_BUSINESS,READY,80480.90955989488,87.57,40.0,PASS,AVOID,"Phát hiện rủi ro tài chính nghiêm trọng (PROFIT_CASH_DIVERGENCE, INVENTORY_BUILDUP, WEAK_PROFITABILITY_ROE)."
HHV,NORMAL_ENTERPRISE,2014,2025,12,READY,UNKNOWN,FAIL,FAIL,UNKNOWN,FAIL,FAIL,PASS,UNKNOWN,PASS,3,0,3,0,POSSIBLY_STRUCTURAL,HIGH_RISK,DETERIORATING_BUSINESS,INCOMPLETE,-4307.603932902219,,0.0,UNKNOWN,AVOID,"Phát hiện rủi ro tài chính nghiêm trọng (PROFIT_CASH_DIVERGENCE, WEAK_PROFITABILITY_ROE, EXCESSIVE_DEBT_LEVERAGE)."
HII,NORMAL_ENTERPRISE,2014,2025,12,READY,UNKNOWN,FAIL,FAIL,UNKNOWN,PASS,FAIL,PASS,UNKNOWN,PASS,2,0,2,0,POSSIBLY_STRUCTURAL,HIGH_RISK,DETERIORATING_BUSINESS,READY,10390.956338321974,0.88,50.0,FAIL,AVOID,"Phát hiện rủi ro tài chính nghiêm trọng (PROFIT_CASH_DIVERGENCE, WEAK_PROFITABILITY_ROE)."
HIO,NORMAL_ENTERPRISE,2022,2025,4,PARTIAL,UNKNOWN,WATCH,WATCH,UNKNOWN,PASS,FAIL,PASS,UNKNOWN,PASS,2,0,1,1,POSSIBLY_CYCLICAL,HIGH_RISK,WEAK_BUSINESS,READY,95168.39454775931,92.12,43.0,PASS,AVOID,Phát hiện rủi ro tài chính nghiêm trọng (WEAK_PROFITABILITY_ROE).
HJC,NORMAL_ENTERPRISE,2016,2025,10,READY,UNKNOWN,FAIL,FAIL,UNKNOWN,FAIL,FAIL,PASS,UNKNOWN,PASS,3,0,3,0,POSSIBLY_STRUCTURAL,HIGH_RISK,DETERIORATING_BUSINESS,READY,10041.647739889593,35.27,40.0,FAIL,AVOID,"Phát hiện rủi ro tài chính nghiêm trọng (PROFIT_CASH_DIVERGENCE, WEAK_PROFITABILITY_ROE, EXCESSIVE_DEBT_LEVERAGE)."
HJS,NORMAL_ENTERPRISE,2016,2025,10,READY,UNKNOWN,PASS,PASS,UNKNOWN,PASS,PASS,PASS,UNKNOWN,PASS,0,0,0,0,NO_DETERIORATION,CLEAR,AVERAGE_BUSINESS,READY,20542.52002047217,-23.159183852743702,35.0,FAIL,WAIT_FOR_MOS,Doanh nghiệp có chất lượng tốt (AVERAGE_BUSINESS) nhưng mức giá hiện tại (MOS -23.2%) chưa đạt Biên an toàn yêu cầu (35.0%).
HKB,NORMAL_ENTERPRISE,2016,2025,10,READY,UNKNOWN,PASS,PASS,UNKNOWN,FAIL,FAIL,WATCH,UNKNOWN,PASS,3,0,3,0,POSSIBLY_STRUCTURAL,HIGH_RISK,DETERIORATING_BUSINESS,READY,501.92008811599743,40.23,45.0,FAIL,AVOID,"Phát hiện rủi ro tài chính nghiêm trọng (WEAK_PROFITABILITY_ROE, UNSTABLE_EARNINGS_HISTORY, EXCESSIVE_DEBT_LEVERAGE)."
HKT,NORMAL_ENTERPRISE,2016,2025,10,READY,UNKNOWN,FAIL,FAIL,UNKNOWN,PASS,FAIL,WATCH,UNKNOWN,PASS,4,0,3,1,POSSIBLY_STRUCTURAL,HIGH_RISK,DETERIORATING_BUSINESS,READY,972.1875580625176,-1329.77,50.0,FAIL,AVOID,"Phát hiện rủi ro tài chính nghiêm trọng (PROFIT_CASH_DIVERGENCE, WEAK_PROFITABILITY_ROE, UNSTABLE_EARNINGS_HISTORY)."
HLA,NORMAL_ENTERPRISE,2016,2020,5,READY,UNKNOWN,UNKNOWN,UNKNOWN,UNKNOWN,PASS,PASS,WATCH,UNKNOWN,PASS,1,0,1,0,NO_DETERIORATION,HIGH_RISK,WEAK_BUSINESS,INCOMPLETE,,,0.0,UNKNOWN,AVOID,Phát hiện rủi ro tài chính nghiêm trọng (UNSTABLE_EARNINGS_HISTORY).
HLB,NORMAL_ENTERPRISE,2016,2025,10,READY,UNKNOWN,PASS,PASS,UNKNOWN,PASS,PASS,PASS,UNKNOWN,PASS,0,0,0,0,NO_DETERIORATION,CLEAR,COMPOUNDER,READY,1415175.2391428943,51.38,40.0,PASS,BUY,Doanh nghiệp đạt chuẩn chất lượng BCTC và mức giá hiện tại (MOS 51.4%) đạt/vượt Biên an toàn yêu cầu (40.0%).
HLC,NORMAL_ENTERPRISE,2016,2025,10,READY,UNKNOWN,PASS,PASS,UNKNOWN,FAIL,PASS,PASS,UNKNOWN,PASS,1,0,1,0,POSSIBLY_STRUCTURAL,HIGH_RISK,DETERIORATING_BUSINESS,READY,218887.11870301762,95.39,50.0,PASS,AVOID,Phát hiện rủi ro tài chính nghiêm trọng (EXCESSIVE_DEBT_LEVERAGE).
HLD,NORMAL_ENTERPRISE,2016,2025,10,READY,UNKNOWN,FAIL,FAIL,UNKNOWN,FAIL,FAIL,WATCH,UNKNOWN,PASS,4,0,3,1,POSSIBLY_STRUCTURAL,HIGH_RISK,DETERIORATING_BUSINESS,READY,2363.587188280213,-479.63,50.0,FAIL,AVOID,"Phát hiện rủi ro tài chính nghiêm trọng (PROFIT_CASH_DIVERGENCE, WEAK_PROFITABILITY_ROE, EXCESSIVE_DEBT_LEVERAGE)."
HLO,NORMAL_ENTERPRISE,2022,2025,4,PARTIAL,UNKNOWN,WATCH,WATCH,UNKNOWN,PASS,WATCH,PASS,UNKNOWN,PASS,2,0,0,2,POSSIBLY_CYCLICAL,WATCH,AVERAGE_BUSINESS,READY,35457.90183956839,54.88,46.0,PASS,BUY,Doanh nghiệp đạt chuẩn chất lượng BCTC và mức giá hiện tại (MOS 54.9%) đạt/vượt Biên an toàn yêu cầu (46.0%).
HLS,NORMAL_ENTERPRISE,2016,2025,10,READY,UNKNOWN,PASS,PASS,UNKNOWN,PASS,PASS,PASS,UNKNOWN,PASS,1,0,0,1,POSSIBLY_CYCLICAL,WATCH,AVERAGE_BUSINESS,READY,72753.03699697176,78.01,35.0,PASS,BUY,Doanh nghiệp đạt chuẩn chất lượng BCTC và mức giá hiện tại (MOS 78.0%) đạt/vượt Biên an toàn yêu cầu (35.0%).
HLT,NORMAL_ENTERPRISE,2017,2025,9,READY,UNKNOWN,FAIL,FAIL,UNKNOWN,PASS,FAIL,WATCH,UNKNOWN,PASS,3,0,3,0,POSSIBLY_STRUCTURAL,HIGH_RISK,DETERIORATING_BUSINESS,INCOMPLETE,,,0.0,UNKNOWN,AVOID,"Phát hiện rủi ro tài chính nghiêm trọng (PROFIT_CASH_DIVERGENCE, WEAK_PROFITABILITY_ROE, UNSTABLE_EARNINGS_HISTORY)."
HLY,NORMAL_ENTERPRISE,2016,2025,10,READY,UNKNOWN,FAIL,FAIL,UNKNOWN,PASS,FAIL,WATCH,UNKNOWN,PASS,3,0,3,0,POSSIBLY_STRUCTURAL,HIGH_RISK,DETERIORATING_BUSINESS,INCOMPLETE,,,0.0,UNKNOWN,AVOID,"Phát hiện rủi ro tài chính nghiêm trọng (PROFIT_CASH_DIVERGENCE, WEAK_PROFITABILITY_ROE, UNSTABLE_EARNINGS_HISTORY)."
HMC,NORMAL_ENTERPRISE,2016,2025,10,READY,UNKNOWN,FAIL,FAIL,UNKNOWN,FAIL,PASS,WATCH,UNKNOWN,PASS,2,0,2,0,POSSIBLY_STRUCTURAL,HIGH_RISK,DETERIORATING_BUSINESS,READY,9012.499164632305,-18.72,40.0,FAIL,AVOID,"Phát hiện rủi ro tài chính nghiêm trọng (PROFIT_CASH_DIVERGENCE, EXCESSIVE_DEBT_LEVERAGE)."
HMD,NORMAL_ENTERPRISE,2024,2025,2,INSUFFICIENT,UNKNOWN,PASS,PASS,UNKNOWN,WATCH,PASS,WATCH,UNKNOWN,PASS,1,0,1,0,NO_DETERIORATION,HIGH_RISK,INSUFFICIENT_DATA,READY,16649.406351504946,15.91,41.0,FAIL,AVOID,Phát hiện rủi ro tài chính nghiêm trọng (UNSTABLE_EARNINGS_HISTORY).
HMH,NORMAL_ENTERPRISE,2016,2025,10,READY,UNKNOWN,FAIL,FAIL,UNKNOWN,PASS,FAIL,WATCH,UNKNOWN,PASS,2,0,2,0,POSSIBLY_STRUCTURAL,HIGH_RISK,DETERIORATING_BUSINESS,READY,17445.239545705743,10.58,30.0,FAIL,AVOID,"Phát hiện rủi ro tài chính nghiêm trọng (PROFIT_CASH_DIVERGENCE, WEAK_PROFITABILITY_ROE)."
HMR,NORMAL_ENTERPRISE,2020,2025,6,READY,UNKNOWN,FAIL,FAIL,UNKNOWN,PASS,FAIL,WATCH,UNKNOWN,PASS,3,0,2,1,POSSIBLY_STRUCTURAL,HIGH_RISK,DETERIORATING_BUSINESS,READY,12095.722563059147,21.46,50.0,FAIL,AVOID,"Phát hiện rủi ro tài chính nghiêm trọng (PROFIT_CASH_DIVERGENCE, WEAK_PROFITABILITY_ROE)."
HMS,NORMAL_ENTERPRISE,2016,2025,10,READY,UNKNOWN,FAIL,FAIL,UNKNOWN,FAIL,PASS,PASS,UNKNOWN,PASS,2,0,2,0,POSSIBLY_STRUCTURAL,HIGH_RISK,DETERIORATING_BUSINESS,READY,126685.66916108942,77.11,35.0,PASS,AVOID,"Phát hiện rủi ro tài chính nghiêm trọng (PROFIT_CASH_DIVERGENCE, EXCESSIVE_DEBT_LEVERAGE)."
HNA,NORMAL_ENTERPRISE,2016,2025,10,READY,UNKNOWN,PASS,PASS,UNKNOWN,PASS,FAIL,WATCH,UNKNOWN,PASS,1,0,1,0,NO_DETERIORATION,HIGH_RISK,WEAK_BUSINESS,READY,21497.57359958084,1.85,30.0,FAIL,AVOID,Phát hiện rủi ro tài chính nghiêm trọng (WEAK_PROFITABILITY_ROE).
HNB,NORMAL_ENTERPRISE,2016,2025,10,READY,UNKNOWN,PASS,PASS,UNKNOWN,PASS,FAIL,WATCH,UNKNOWN,PASS,1,0,1,0,NO_DETERIORATION,HIGH_RISK,WEAK_BUSINESS,READY,13807.99733202446,10.92,40.0,FAIL,AVOID,Phát hiện rủi ro tài chính nghiêm trọng (WEAK_PROFITABILITY_ROE).
HND,NORMAL_ENTERPRISE,2016,2025,10,READY,UNKNOWN,PASS,PASS,UNKNOWN,PASS,FAIL,WATCH,UNKNOWN,PASS,1,0,1,0,NO_DETERIORATION,HIGH_RISK,WEAK_BUSINESS,READY,48638.46575486311,80.67,40.0,PASS,AVOID,Phát hiện rủi ro tài chính nghiêm trọng (WEAK_PROFITABILITY_ROE).
HNF,NORMAL_ENTERPRISE,2016,2025,10,READY,UNKNOWN,PASS,PASS,UNKNOWN,FAIL,WATCH,PASS,UNKNOWN,PASS,2,0,1,1,POSSIBLY_STRUCTURAL,HIGH_RISK,DETERIORATING_BUSINESS,READY,121195.82611454761,80.69,46.0,PASS,AVOID,Phát hiện rủi ro tài chính nghiêm trọng (EXCESSIVE_DEBT_LEVERAGE).
HNG,NORMAL_ENTERPRISE,2011,2025,15,READY,UNKNOWN,FAIL,FAIL,UNKNOWN,FAIL,FAIL,WATCH,UNKNOWN,PASS,4,0,4,0,POSSIBLY_STRUCTURAL,HIGH_RISK,DETERIORATING_BUSINESS,READY,4483.302573245546,-40.52,50.0,FAIL,AVOID,"Phát hiện rủi ro tài chính nghiêm trọng (PROFIT_CASH_DIVERGENCE, WEAK_PROFITABILITY_ROE, UNSTABLE_EARNINGS_HISTORY, EXCESSIVE_DEBT_LEVERAGE)."
HNI,NORMAL_ENTERPRISE,2016,2025,10,READY,UNKNOWN,PASS,PASS,UNKNOWN,PASS,PASS,WATCH,UNKNOWN,PASS,1,0,0,1,POSSIBLY_CYCLICAL,WATCH,AVERAGE_BUSINESS,READY,61657.425702763874,51.83,35.0,PASS,BUY,Doanh nghiệp đạt chuẩn chất lượng BCTC và mức giá hiện tại (MOS 51.8%) đạt/vượt Biên an toàn yêu cầu (35.0%).
HNM,NORMAL_ENTERPRISE,2011,2025,15,READY,UNKNOWN,FAIL,FAIL,UNKNOWN,PASS,FAIL,PASS,UNKNOWN,PASS,2,0,2,0,POSSIBLY_STRUCTURAL,HIGH_RISK,DETERIORATING_BUSINESS,READY,3631.1027719978283,-136.84,46.0,FAIL,AVOID,"Phát hiện rủi ro tài chính nghiêm trọng (PROFIT_CASH_DIVERGENCE, WEAK_PROFITABILITY_ROE)."
HNP,NORMAL_ENTERPRISE,2016,2025,10,READY,UNKNOWN,PASS,PASS,UNKNOWN,PASS,FAIL,WATCH,UNKNOWN,PASS,1,0,1,0,NO_DETERIORATION,HIGH_RISK,WEAK_BUSINESS,READY,23857.93624720179,23.72,35.0,FAIL,AVOID,Phát hiện rủi ro tài chính nghiêm trọng (WEAK_PROFITABILITY_ROE).
HNR,NORMAL_ENTERPRISE,2016,2025,10,READY,UNKNOWN,UNKNOWN,UNKNOWN,UNKNOWN,PASS,FAIL,WATCH,UNKNOWN,PASS,2,0,2,0,NO_DETERIORATION,HIGH_RISK,WEAK_BUSINESS,READY,4532.338395687457,-164.76,35.0,FAIL,AVOID,"Phát hiện rủi ro tài chính nghiêm trọng (WEAK_PROFITABILITY_ROE, UNSTABLE_EARNINGS_HISTORY)."
HOM,NORMAL_ENTERPRISE,2016,2025,10,READY,UNKNOWN,PASS,PASS,UNKNOWN,PASS,FAIL,WATCH,UNKNOWN,PASS,2,0,2,0,NO_DETERIORATION,HIGH_RISK,WEAK_BUSINESS,READY,10848.516263337295,64.05,50.0,PASS,AVOID,"Phát hiện rủi ro tài chính nghiêm trọng (WEAK_PROFITABILITY_ROE, UNSTABLE_EARNINGS_HISTORY)."
HOT,NORMAL_ENTERPRISE,2016,2025,10,READY,UNKNOWN,FAIL,FAIL,UNKNOWN,PASS,WATCH,PASS,UNKNOWN,PASS,2,0,2,0,POSSIBLY_STRUCTURAL,HIGH_RISK,DETERIORATING_BUSINESS,READY,42223.046198605945,46.71,40.0,PASS,AVOID,"Phát hiện rủi ro tài chính nghiêm trọng (PROFIT_CASH_DIVERGENCE, UNSTABLE_EARNINGS_HISTORY)."
HPA,NORMAL_ENTERPRISE,2022,2025,4,PARTIAL,UNKNOWN,PASS,PASS,UNKNOWN,PASS,PASS,PASS,UNKNOWN,PASS,0,0,0,0,NO_DETERIORATION,CLEAR,POTENTIAL_COMPOUNDER,READY,117459.92951512703,76.93,50.0,PASS,BUY,Doanh nghiệp đạt chuẩn chất lượng BCTC và mức giá hiện tại (MOS 76.9%) đạt/vượt Biên an toàn yêu cầu (50.0%).
HPB,NORMAL_ENTERPRISE,2016,2025,9,READY,UNKNOWN,WATCH,WATCH,UNKNOWN,PASS,FAIL,WATCH,UNKNOWN,PASS,2,0,1,1,POSSIBLY_CYCLICAL,HIGH_RISK,WEAK_BUSINESS,READY,13281.57771630024,-34.02,46.0,FAIL,AVOID,Phát hiện rủi ro tài chính nghiêm trọng (WEAK_PROFITABILITY_ROE).
HPD,NORMAL_ENTERPRISE,2016,2025,10,READY,UNKNOWN,PASS,PASS,UNKNOWN,PASS,PASS,PASS,UNKNOWN,PASS,0,0,0,0,NO_DETERIORATION,CLEAR,COMPOUNDER,READY,54209.657835646336,70.12,35.0,PASS,BUY,Doanh nghiệp đạt chuẩn chất lượng BCTC và mức giá hiện tại (MOS 70.1%) đạt/vượt Biên an toàn yêu cầu (35.0%).
HPG,NORMAL_ENTERPRISE,2011,2025,15,READY,UNKNOWN,PASS,PASS,UNKNOWN,PASS,PASS,PASS,UNKNOWN,WATCH,1,0,0,1,POSSIBLY_CYCLICAL,WATCH,POTENTIAL_COMPOUNDER,READY,12233.495195200445,-74.1121377017143,50.0,FAIL,WAIT_FOR_MOS,Doanh nghiệp có chất lượng tốt (POTENTIAL_COMPOUNDER) nhưng mức giá hiện tại (MOS -74.1%) chưa đạt Biên an toàn yêu cầu (50.0%).
HPH,NORMAL_ENTERPRISE,2016,2025,10,READY,UNKNOWN,PASS,PASS,UNKNOWN,PASS,FAIL,WATCH,UNKNOWN,PASS,2,0,2,0,NO_DETERIORATION,HIGH_RISK,WEAK_BUSINESS,READY,24665.78718741473,42.84,35.0,PASS,AVOID,"Phát hiện rủi ro tài chính nghiêm trọng (WEAK_PROFITABILITY_ROE, UNSTABLE_EARNINGS_HISTORY)."
HPI,NORMAL_ENTERPRISE,2016,2025,10,READY,UNKNOWN,FAIL,FAIL,UNKNOWN,FAIL,WATCH,WATCH,UNKNOWN,PASS,3,0,3,0,POSSIBLY_STRUCTURAL,HIGH_RISK,DETERIORATING_BUSINESS,READY,1942.4307410089102,-883.3,40.0,FAIL,AVOID,"Phát hiện rủi ro tài chính nghiêm trọng (PROFIT_CASH_DIVERGENCE, UNSTABLE_EARNINGS_HISTORY, EXCESSIVE_DEBT_LEVERAGE)."
HPP,NORMAL_ENTERPRISE,2016,2025,10,READY,UNKNOWN,FAIL,FAIL,UNKNOWN,WATCH,PASS,PASS,UNKNOWN,PASS,1,0,1,0,POSSIBLY_STRUCTURAL,HIGH_RISK,DETERIORATING_BUSINESS,READY,216110.09489190942,70.02,40.0,PASS,AVOID,Phát hiện rủi ro tài chính nghiêm trọng (PROFIT_CASH_DIVERGENCE).
HPT,NORMAL_ENTERPRISE,2016,2025,10,READY,UNKNOWN,WATCH,WATCH,UNKNOWN,FAIL,PASS,PASS,UNKNOWN,PASS,2,0,1,1,POSSIBLY_STRUCTURAL,HIGH_RISK,DETERIORATING_BUSINESS,INCOMPLETE,,,40.0,UNKNOWN,AVOID,Phát hiện rủi ro tài chính nghiêm trọng (EXCESSIVE_DEBT_LEVERAGE).
HPW,NORMAL_ENTERPRISE,2016,2025,10,READY,UNKNOWN,PASS,PASS,UNKNOWN,WATCH,FAIL,PASS,UNKNOWN,PASS,1,0,1,0,NO_DETERIORATION,HIGH_RISK,WEAK_BUSINESS,READY,54973.595075456265,56.34,38.0,PASS,AVOID,Phát hiện rủi ro tài chính nghiêm trọng (WEAK_PROFITABILITY_ROE).
HPX,NORMAL_ENTERPRISE,2015,2025,11,READY,UNKNOWN,FAIL,FAIL,UNKNOWN,PASS,FAIL,WATCH,UNKNOWN,PASS,2,0,2,0,POSSIBLY_STRUCTURAL,HIGH_RISK,DETERIORATING_BUSINESS,READY,10158.96035498833,60.72,50.0,PASS,AVOID,"Phát hiện rủi ro tài chính nghiêm trọng (PROFIT_CASH_DIVERGENCE, WEAK_PROFITABILITY_ROE)."
HQC,NORMAL_ENTERPRISE,2011,2025,15,READY,UNKNOWN,FAIL,FAIL,UNKNOWN,PASS,FAIL,PASS,UNKNOWN,WATCH,4,0,3,1,POSSIBLY_STRUCTURAL,HIGH_RISK,DETERIORATING_BUSINESS,READY,540.4583904952942,-260.8,50.0,FAIL,AVOID,"Phát hiện rủi ro tài chính nghiêm trọng (PROFIT_CASH_DIVERGENCE, INVENTORY_BUILDUP, WEAK_PROFITABILITY_ROE)."
HRB,NORMAL_ENTERPRISE,2016,2025,10,READY,UNKNOWN,WATCH,WATCH,UNKNOWN,PASS,PASS,WATCH,UNKNOWN,PASS,1,0,0,1,POSSIBLY_CYCLICAL,WATCH,AVERAGE_BUSINESS,READY,43165.12757797578,28.18,40.0,FAIL,WAIT_FOR_MOS,Doanh nghiệp có chất lượng tốt (AVERAGE_BUSINESS) nhưng mức giá hiện tại (MOS 28.2%) chưa đạt Biên an toàn yêu cầu (40.0%).
HRC,NORMAL_ENTERPRISE,2016,2025,10,READY,UNKNOWN,FAIL,FAIL,UNKNOWN,PASS,FAIL,PASS,UNKNOWN,PASS,2,0,2,0,POSSIBLY_STRUCTURAL,HIGH_RISK,DETERIORATING_BUSINESS,READY,6139.361763242411,-407.38,50.0,FAIL,AVOID,"Phát hiện rủi ro tài chính nghiêm trọng (PROFIT_CASH_DIVERGENCE, WEAK_PROFITABILITY_ROE)."
HSA,NORMAL_ENTERPRISE,2016,2025,10,READY,UNKNOWN,FAIL,FAIL,UNKNOWN,PASS,FAIL,WATCH,UNKNOWN,PASS,3,0,3,0,POSSIBLY_STRUCTURAL,HIGH_RISK,DETERIORATING_BUSINESS,INCOMPLETE,,,0.0,UNKNOWN,AVOID,"Phát hiện rủi ro tài chính nghiêm trọng (PROFIT_CASH_DIVERGENCE, WEAK_PROFITABILITY_ROE, UNSTABLE_EARNINGS_HISTORY)."
HSG,NORMAL_ENTERPRISE,2011,2025,15,READY,UNKNOWN,FAIL,FAIL,UNKNOWN,PASS,PASS,PASS,UNKNOWN,PASS,1,0,1,0,POSSIBLY_STRUCTURAL,HIGH_RISK,DETERIORATING_BUSINESS,READY,30394.178541031364,66.44,50.0,PASS,AVOID,Phát hiện rủi ro tài chính nghiêm trọng (PROFIT_CASH_DIVERGENCE).
HSL,NORMAL_ENTERPRISE,2015,2025,11,READY,UNKNOWN,FAIL,FAIL,UNKNOWN,PASS,FAIL,WATCH,UNKNOWN,PASS,2,0,2,0,POSSIBLY_STRUCTURAL,HIGH_RISK,DETERIORATING_BUSINESS,READY,2.618754764064126,-358849.23,50.0,FAIL,AVOID,"Phát hiện rủi ro tài chính nghiêm trọng (PROFIT_CASH_DIVERGENCE, WEAK_PROFITABILITY_ROE)."
HSM,NORMAL_ENTERPRISE,2016,2025,10,READY,UNKNOWN,PASS,PASS,UNKNOWN,FAIL,FAIL,WATCH,UNKNOWN,PASS,3,0,3,0,POSSIBLY_STRUCTURAL,HIGH_RISK,DETERIORATING_BUSINESS,READY,24635.7069591374,72.8,50.0,PASS,AVOID,"Phát hiện rủi ro tài chính nghiêm trọng (WEAK_PROFITABILITY_ROE, UNSTABLE_EARNINGS_HISTORY, EXCESSIVE_DEBT_LEVERAGE)."
HSP,NORMAL_ENTERPRISE,2016,2025,10,READY,UNKNOWN,PASS,PASS,UNKNOWN,PASS,FAIL,WATCH,UNKNOWN,PASS,1,0,1,0,NO_DETERIORATION,HIGH_RISK,WEAK_BUSINESS,READY,7864.918343309093,-98.35,35.0,FAIL,AVOID,Phát hiện rủi ro tài chính nghiêm trọng (WEAK_PROFITABILITY_ROE).
HSV,NORMAL_ENTERPRISE,2017,2025,8,READY,UNKNOWN,FAIL,FAIL,UNKNOWN,FAIL,FAIL,PASS,UNKNOWN,PASS,4,0,3,1,POSSIBLY_STRUCTURAL,HIGH_RISK,DETERIORATING_BUSINESS,READY,1649.6227099863356,-130.36,40.0,FAIL,AVOID,"Phát hiện rủi ro tài chính nghiêm trọng (PROFIT_CASH_DIVERGENCE, WEAK_PROFITABILITY_ROE, EXCESSIVE_DEBT_LEVERAGE)."
HT1,NORMAL_ENTERPRISE,2011,2025,15,READY,UNKNOWN,PASS,PASS,UNKNOWN,PASS,FAIL,WATCH,UNKNOWN,PASS,1,0,1,0,NO_DETERIORATION,HIGH_RISK,WEAK_BUSINESS,READY,11334.239474091124,-6.76,50.0,FAIL,AVOID,Phát hiện rủi ro tài chính nghiêm trọng (WEAK_PROFITABILITY_ROE).
HTC,NORMAL_ENTERPRISE,2016,2025,10,READY,UNKNOWN,FAIL,FAIL,UNKNOWN,WATCH,WATCH,WATCH,UNKNOWN,PASS,1,0,1,0,POSSIBLY_STRUCTURAL,HIGH_RISK,DETERIORATING_BUSINESS,READY,7063.384512759673,-367.1981249270381,45.0,FAIL,AVOID,Phát hiện rủi ro tài chính nghiêm trọng (PROFIT_CASH_DIVERGENCE).
HTE,NORMAL_ENTERPRISE,2016,2025,10,READY,UNKNOWN,FAIL,FAIL,UNKNOWN,PASS,FAIL,WATCH,UNKNOWN,PASS,3,0,3,0,POSSIBLY_STRUCTURAL,HIGH_RISK,DETERIORATING_BUSINESS,READY,1097.4184977451469,-146.03,40.0,FAIL,AVOID,"Phát hiện rủi ro tài chính nghiêm trọng (PROFIT_CASH_DIVERGENCE, WEAK_PROFITABILITY_ROE, UNSTABLE_EARNINGS_HISTORY)."
HTG,NORMAL_ENTERPRISE,2016,2025,10,READY,UNKNOWN,PASS,PASS,UNKNOWN,FAIL,PASS,PASS,UNKNOWN,PASS,2,0,1,1,POSSIBLY_STRUCTURAL,HIGH_RISK,DETERIORATING_BUSINESS,READY,107602.96783095002,68.86702971554625,46.0,PASS,AVOID,Phát hiện rủi ro tài chính nghiêm trọng (EXCESSIVE_DEBT_LEVERAGE).
HTI,NORMAL_ENTERPRISE,2011,2025,15,READY,UNKNOWN,PASS,PASS,UNKNOWN,PASS,WATCH,PASS,UNKNOWN,PASS,0,0,0,0,NO_DETERIORATION,CLEAR,AVERAGE_BUSINESS,READY,152926.04973952103,87.80456303437737,40.0,PASS,BUY,Doanh nghiệp đạt chuẩn chất lượng BCTC và mức giá hiện tại (MOS 87.8%) đạt/vượt Biên an toàn yêu cầu (40.0%).
HTL,NORMAL_ENTERPRISE,2016,2025,10,READY,UNKNOWN,PASS,PASS,UNKNOWN,WATCH,WATCH,WATCH,UNKNOWN,PASS,0,0,0,0,NO_DETERIORATION,CLEAR,AVERAGE_BUSINESS,READY,7553.897326145761,-183.3,50.0,FAIL,WAIT_FOR_MOS,Doanh nghiệp có chất lượng tốt (AVERAGE_BUSINESS) nhưng mức giá hiện tại (MOS -183.3%) chưa đạt Biên an toàn yêu cầu (50.0%).
HTM,NORMAL_ENTERPRISE,2016,2025,10,READY,UNKNOWN,FAIL,FAIL,UNKNOWN,PASS,FAIL,WATCH,UNKNOWN,PASS,3,0,3,0,POSSIBLY_STRUCTURAL,HIGH_RISK,DETERIORATING_BUSINESS,READY,1177.2307521266123,-783.43,45.0,FAIL,AVOID,"Phát hiện rủi ro tài chính nghiêm trọng (PROFIT_CASH_DIVERGENCE, WEAK_PROFITABILITY_ROE, UNSTABLE_EARNINGS_HISTORY)."
HTN,NORMAL_ENTERPRISE,2015,2025,11,READY,UNKNOWN,FAIL,FAIL,UNKNOWN,WATCH,PASS,WATCH,UNKNOWN,PASS,1,0,1,0,POSSIBLY_STRUCTURAL,HIGH_RISK,DETERIORATING_BUSINESS,READY,85748.90663638286,92.24,48.0,PASS,AVOID,Phát hiện rủi ro tài chính nghiêm trọng (PROFIT_CASH_DIVERGENCE).
HTP,NORMAL_ENTERPRISE,2016,2025,10,READY,UNKNOWN,FAIL,FAIL,UNKNOWN,FAIL,FAIL,WATCH,UNKNOWN,PASS,4,0,4,0,POSSIBLY_STRUCTURAL,HIGH_RISK,DETERIORATING_BUSINESS,INCOMPLETE,,,0.0,UNKNOWN,AVOID,"Phát hiện rủi ro tài chính nghiêm trọng (PROFIT_CASH_DIVERGENCE, WEAK_PROFITABILITY_ROE, UNSTABLE_EARNINGS_HISTORY, EXCESSIVE_DEBT_LEVERAGE)."
HTT,NORMAL_ENTERPRISE,2016,2025,10,READY,UNKNOWN,FAIL,FAIL,UNKNOWN,PASS,FAIL,WATCH,UNKNOWN,PASS,3,0,3,0,POSSIBLY_STRUCTURAL,HIGH_RISK,DETERIORATING_BUSINESS,INCOMPLETE,,,0.0,UNKNOWN,AVOID,"Phát hiện rủi ro tài chính nghiêm trọng (PROFIT_CASH_DIVERGENCE, WEAK_PROFITABILITY_ROE, UNSTABLE_EARNINGS_HISTORY)."
HTV,NORMAL_ENTERPRISE,2016,2025,10,READY,UNKNOWN,WATCH,WATCH,UNKNOWN,PASS,FAIL,WATCH,UNKNOWN,PASS,2,0,1,1,POSSIBLY_CYCLICAL,HIGH_RISK,WEAK_BUSINESS,READY,14827.715580220687,15.361203604815756,35.0,FAIL,AVOID,Phát hiện rủi ro tài chính nghiêm trọng (WEAK_PROFITABILITY_ROE).
HU1,NORMAL_ENTERPRISE,2016,2025,10,READY,UNKNOWN,FAIL,FAIL,UNKNOWN,FAIL,FAIL,WATCH,UNKNOWN,PASS,4,0,4,0,POSSIBLY_STRUCTURAL,HIGH_RISK,DETERIORATING_BUSINESS,READY,5346.54756180421,-6.61,50.0,FAIL,AVOID,"Phát hiện rủi ro tài chính nghiêm trọng (PROFIT_CASH_DIVERGENCE, WEAK_PROFITABILITY_ROE, UNSTABLE_EARNINGS_HISTORY, EXCESSIVE_DEBT_LEVERAGE)."
HU3,NORMAL_ENTERPRISE,2016,2023,8,READY,UNKNOWN,FAIL,FAIL,UNKNOWN,WATCH,FAIL,WATCH,UNKNOWN,PASS,3,0,3,0,POSSIBLY_STRUCTURAL,HIGH_RISK,DETERIORATING_BUSINESS,INCOMPLETE,,,0.0,UNKNOWN,AVOID,"Phát hiện rủi ro tài chính nghiêm trọng (PROFIT_CASH_DIVERGENCE, WEAK_PROFITABILITY_ROE, UNSTABLE_EARNINGS_HISTORY)."
HU4,NORMAL_ENTERPRISE,2016,2025,10,READY,UNKNOWN,FAIL,FAIL,UNKNOWN,FAIL,FAIL,WATCH,UNKNOWN,PASS,3,0,3,0,POSSIBLY_STRUCTURAL,HIGH_RISK,DETERIORATING_BUSINESS,READY,6043.117860916609,-40.66,50.0,FAIL,AVOID,"Phát hiện rủi ro tài chính nghiêm trọng (PROFIT_CASH_DIVERGENCE, WEAK_PROFITABILITY_ROE, EXCESSIVE_DEBT_LEVERAGE)."
HUB,NORMAL_ENTERPRISE,2016,2025,10,READY,UNKNOWN,WATCH,WATCH,UNKNOWN,PASS,PASS,PASS,UNKNOWN,PASS,2,0,0,2,POSSIBLY_CYCLICAL,WATCH,AVERAGE_BUSINESS,READY,20534.100729418198,44.73,50.0,FAIL,WAIT_FOR_MOS,Doanh nghiệp có chất lượng tốt (AVERAGE_BUSINESS) nhưng mức giá hiện tại (MOS 44.7%) chưa đạt Biên an toàn yêu cầu (50.0%).
HUG,NORMAL_ENTERPRISE,2016,2025,10,READY,UNKNOWN,WATCH,WATCH,UNKNOWN,WATCH,PASS,WATCH,UNKNOWN,PASS,1,0,0,1,POSSIBLY_CYCLICAL,WATCH,AVERAGE_BUSINESS,READY,13509.571308553572,-122.06,46.0,FAIL,WAIT_FOR_MOS,Doanh nghiệp có chất lượng tốt (AVERAGE_BUSINESS) nhưng mức giá hiện tại (MOS -122.1%) chưa đạt Biên an toàn yêu cầu (46.0%).
HUT,NORMAL_ENTERPRISE,2011,2025,15,READY,UNKNOWN,PASS,PASS,UNKNOWN,WATCH,FAIL,PASS,UNKNOWN,PASS,1,0,1,0,NO_DETERIORATION,HIGH_RISK,WEAK_BUSINESS,READY,2983.0186327985693,-329.1,45.0,FAIL,AVOID,Phát hiện rủi ro tài chính nghiêm trọng (WEAK_PROFITABILITY_ROE).
HVA,NORMAL_ENTERPRISE,2013,2025,13,READY,UNKNOWN,FAIL,FAIL,UNKNOWN,PASS,FAIL,PASS,UNKNOWN,PASS,3,0,3,0,POSSIBLY_STRUCTURAL,HIGH_RISK,DETERIORATING_BUSINESS,READY,645.7210224452887,-302.65,40.0,FAIL,AVOID,"Phát hiện rủi ro tài chính nghiêm trọng (PROFIT_CASH_DIVERGENCE, WEAK_PROFITABILITY_ROE, UNSTABLE_EARNINGS_HISTORY)."
HVH,NORMAL_ENTERPRISE,2014,2025,12,READY,UNKNOWN,FAIL,FAIL,UNKNOWN,PASS,FAIL,PASS,UNKNOWN,PASS,2,0,2,0,POSSIBLY_STRUCTURAL,HIGH_RISK,DETERIORATING_BUSINESS,READY,8259.988150412006,-32.57,40.0,FAIL,AVOID,"Phát hiện rủi ro tài chính nghiêm trọng (PROFIT_CASH_DIVERGENCE, WEAK_PROFITABILITY_ROE)."
HVN,NORMAL_ENTERPRISE,2011,2025,15,READY,UNKNOWN,PASS,PASS,UNKNOWN,FAIL,FAIL,PASS,UNKNOWN,PASS,3,0,3,0,POSSIBLY_STRUCTURAL,HIGH_RISK,DETERIORATING_BUSINESS,READY,29496.302205624765,28.13,50.0,FAIL,AVOID,"Phát hiện rủi ro tài chính nghiêm trọng (WEAK_PROFITABILITY_ROE, UNSTABLE_EARNINGS_HISTORY, EXCESSIVE_DEBT_LEVERAGE)."
HVT,NORMAL_ENTERPRISE,2016,2025,10,READY,UNKNOWN,PASS,PASS,UNKNOWN,PASS,PASS,PASS,UNKNOWN,PASS,1,0,0,1,POSSIBLY_CYCLICAL,WATCH,POTENTIAL_COMPOUNDER,READY,58776.34437767707,60.358201506575476,50.0,PASS,BUY,Doanh nghiệp đạt chuẩn chất lượng BCTC và mức giá hiện tại (MOS 60.4%) đạt/vượt Biên an toàn yêu cầu (50.0%).
HVX,NORMAL_ENTERPRISE,2016,2025,10,READY,UNKNOWN,PASS,PASS,UNKNOWN,WATCH,FAIL,WATCH,UNKNOWN,PASS,2,0,2,0,NO_DETERIORATION,HIGH_RISK,WEAK_BUSINESS,READY,2808.3336014586653,21.66,50.0,FAIL,AVOID,"Phát hiện rủi ro tài chính nghiêm trọng (WEAK_PROFITABILITY_ROE, UNSTABLE_EARNINGS_HISTORY)."
HWS,NORMAL_ENTERPRISE,2016,2025,10,READY,UNKNOWN,WATCH,WATCH,UNKNOWN,PASS,WATCH,PASS,UNKNOWN,PASS,2,0,0,2,POSSIBLY_CYCLICAL,WATCH,AVERAGE_BUSINESS,READY,38532.19472771443,61.85,38.0,PASS,BUY,Doanh nghiệp đạt chuẩn chất lượng BCTC và mức giá hiện tại (MOS 61.9%) đạt/vượt Biên an toàn yêu cầu (38.0%).
IBD,NORMAL_ENTERPRISE,2019,2025,6,READY,UNKNOWN,WATCH,WATCH,UNKNOWN,PASS,FAIL,WATCH,UNKNOWN,PASS,2,0,1,1,POSSIBLY_CYCLICAL,HIGH_RISK,WEAK_BUSINESS,READY,15827.213445257787,69.04,40.0,PASS,AVOID,Phát hiện rủi ro tài chính nghiêm trọng (WEAK_PROFITABILITY_ROE).
ICC,NORMAL_ENTERPRISE,2016,2025,9,READY,UNKNOWN,FAIL,FAIL,UNKNOWN,WATCH,FAIL,WATCH,UNKNOWN,PASS,2,0,2,0,POSSIBLY_STRUCTURAL,HIGH_RISK,DETERIORATING_BUSINESS,READY,31992.09198371061,10.92,45.0,FAIL,AVOID,"Phát hiện rủi ro tài chính nghiêm trọng (PROFIT_CASH_DIVERGENCE, WEAK_PROFITABILITY_ROE)."
ICF,NORMAL_ENTERPRISE,2016,2025,10,READY,UNKNOWN,UNKNOWN,UNKNOWN,UNKNOWN,WATCH,FAIL,WATCH,UNKNOWN,PASS,2,0,2,0,NO_DETERIORATION,HIGH_RISK,WEAK_BUSINESS,INCOMPLETE,,,0.0,UNKNOWN,AVOID,"Phát hiện rủi ro tài chính nghiêm trọng (WEAK_PROFITABILITY_ROE, UNSTABLE_EARNINGS_HISTORY)."
ICG,NORMAL_ENTERPRISE,2016,2025,10,READY,UNKNOWN,FAIL,FAIL,UNKNOWN,FAIL,FAIL,PASS,UNKNOWN,PASS,4,0,4,0,POSSIBLY_STRUCTURAL,HIGH_RISK,DETERIORATING_BUSINESS,READY,2117.3698100646716,-372.28,50.0,FAIL,AVOID,"Phát hiện rủi ro tài chính nghiêm trọng (PROFIT_CASH_DIVERGENCE, WEAK_PROFITABILITY_ROE, UNSTABLE_EARNINGS_HISTORY, EXCESSIVE_DEBT_LEVERAGE)."
ICI,NORMAL_ENTERPRISE,2016,2025,9,READY,UNKNOWN,FAIL,FAIL,UNKNOWN,FAIL,FAIL,WATCH,UNKNOWN,PASS,4,0,4,0,POSSIBLY_STRUCTURAL,HIGH_RISK,DETERIORATING_BUSINESS,INCOMPLETE,,,0.0,UNKNOWN,AVOID,"Phát hiện rủi ro tài chính nghiêm trọng (PROFIT_CASH_DIVERGENCE, WEAK_PROFITABILITY_ROE, UNSTABLE_EARNINGS_HISTORY, EXCESSIVE_DEBT_LEVERAGE)."
ICN,NORMAL_ENTERPRISE,2016,2025,10,READY,UNKNOWN,FAIL,FAIL,UNKNOWN,WATCH,PASS,PASS,UNKNOWN,PASS,2,0,1,1,POSSIBLY_STRUCTURAL,HIGH_RISK,DETERIORATING_BUSINESS,READY,104840.68002988548,75.87,46.0,PASS,AVOID,Phát hiện rủi ro tài chính nghiêm trọng (PROFIT_CASH_DIVERGENCE).
ICT,NORMAL_ENTERPRISE,2017,2025,9,READY,UNKNOWN,FAIL,FAIL,UNKNOWN,FAIL,FAIL,WATCH,UNKNOWN,PASS,3,0,3,0,POSSIBLY_STRUCTURAL,HIGH_RISK,DETERIORATING_BUSINESS,READY,24531.733996178784,30.7,36.0,FAIL,AVOID,"Phát hiện rủi ro tài chính nghiêm trọng (PROFIT_CASH_DIVERGENCE, WEAK_PROFITABILITY_ROE, EXCESSIVE_DEBT_LEVERAGE)."
IDC,NORMAL_ENTERPRISE,2014,2025,12,READY,UNKNOWN,WATCH,WATCH,UNKNOWN,PASS,WATCH,PASS,UNKNOWN,PASS,1,0,0,1,POSSIBLY_CYCLICAL,WATCH,AVERAGE_BUSINESS,READY,48112.78592276857,37.65,25.0,PASS,BUY,Doanh nghiệp đạt chuẩn chất lượng BCTC và mức giá hiện tại (MOS 37.6%) đạt/vượt Biên an toàn yêu cầu (25.0%).
IDI,NORMAL_ENTERPRISE,2011,2025,15,READY,UNKNOWN,FAIL,FAIL,UNKNOWN,FAIL,FAIL,PASS,UNKNOWN,PASS,3,0,3,0,POSSIBLY_STRUCTURAL,HIGH_RISK,DETERIORATING_BUSINESS,READY,6362.154295751906,25.18,50.0,FAIL,AVOID,"Phát hiện rủi ro tài chính nghiêm trọng (PROFIT_CASH_DIVERGENCE, WEAK_PROFITABILITY_ROE, EXCESSIVE_DEBT_LEVERAGE)."
IDJ,NORMAL_ENTERPRISE,2011,2025,15,READY,UNKNOWN,FAIL,FAIL,UNKNOWN,PASS,FAIL,WATCH,UNKNOWN,PASS,3,0,3,0,POSSIBLY_STRUCTURAL,HIGH_RISK,DETERIORATING_BUSINESS,READY,3443.2078182678674,-1.65,50.0,FAIL,AVOID,"Phát hiện rủi ro tài chính nghiêm trọng (PROFIT_CASH_DIVERGENCE, WEAK_PROFITABILITY_ROE, UNSTABLE_EARNINGS_HISTORY)."
IDP,NORMAL_ENTERPRISE,2018,2025,8,READY,UNKNOWN,PASS,PASS,UNKNOWN,WATCH,PASS,WATCH,UNKNOWN,PASS,0,0,0,0,NO_DETERIORATION,CLEAR,AVERAGE_BUSINESS,READY,18544.241702188625,-1186.11,50.0,FAIL,WAIT_FOR_MOS,Doanh nghiệp có chất lượng tốt (AVERAGE_BUSINESS) nhưng mức giá hiện tại (MOS -1186.1%) chưa đạt Biên an toàn yêu cầu (50.0%).
IDV,NORMAL_ENTERPRISE,2016,2025,10,READY,UNKNOWN,FAIL,FAIL,UNKNOWN,WATCH,PASS,WATCH,UNKNOWN,PASS,2,0,1,1,POSSIBLY_STRUCTURAL,HIGH_RISK,DETERIORATING_BUSINESS,READY,23707.38803024038,10.58,50.0,FAIL,AVOID,Phát hiện rủi ro tài chính nghiêm trọng (PROFIT_CASH_DIVERGENCE).
IFS,NORMAL_ENTERPRISE,2016,2025,10,READY,UNKNOWN,WATCH,WATCH,UNKNOWN,PASS,PASS,PASS,UNKNOWN,PASS,1,0,0,1,POSSIBLY_CYCLICAL,WATCH,COMPOUNDER,READY,18395.583502785365,5.96,40.0,FAIL,WAIT_FOR_MOS,Doanh nghiệp có chất lượng tốt (COMPOUNDER) nhưng mức giá hiện tại (MOS 6.0%) chưa đạt Biên an toàn yêu cầu (40.0%).
IJC,NORMAL_ENTERPRISE,2011,2025,15,READY,UNKNOWN,FAIL,FAIL,UNKNOWN,PASS,WATCH,WATCH,UNKNOWN,PASS,1,0,1,0,POSSIBLY_STRUCTURAL,HIGH_RISK,DETERIORATING_BUSINESS,READY,5881.257718711968,-15.11,50.0,FAIL,AVOID,Phát hiện rủi ro tài chính nghiêm trọng (PROFIT_CASH_DIVERGENCE).
ILA,NORMAL_ENTERPRISE,2016,2025,10,READY,UNKNOWN,FAIL,FAIL,UNKNOWN,PASS,FAIL,WATCH,UNKNOWN,PASS,3,0,3,0,POSSIBLY_STRUCTURAL,HIGH_RISK,DETERIORATING_BUSINESS,INCOMPLETE,,,0.0,UNKNOWN,AVOID,"Phát hiện rủi ro tài chính nghiêm trọng (PROFIT_CASH_DIVERGENCE, WEAK_PROFITABILITY_ROE, UNSTABLE_EARNINGS_HISTORY)."
ILB,NORMAL_ENTERPRISE,2018,2025,8,READY,UNKNOWN,PASS,PASS,UNKNOWN,WATCH,PASS,PASS,UNKNOWN,PASS,1,0,0,1,POSSIBLY_CYCLICAL,WATCH,AVERAGE_BUSINESS,READY,14865.858783554067,-27.14,41.0,FAIL,WAIT_FOR_MOS,Doanh nghiệp có chất lượng tốt (AVERAGE_BUSINESS) nhưng mức giá hiện tại (MOS -27.1%) chưa đạt Biên an toàn yêu cầu (41.0%).
ILC,NORMAL_ENTERPRISE,2016,2025,10,READY,UNKNOWN,FAIL,FAIL,UNKNOWN,PASS,PASS,WATCH,UNKNOWN,PASS,1,0,1,0,POSSIBLY_STRUCTURAL,HIGH_RISK,DETERIORATING_BUSINESS,READY,4245.750253571388,-41.32,40.0,FAIL,AVOID,Phát hiện rủi ro tài chính nghiêm trọng (PROFIT_CASH_DIVERGENCE).
ILS,NORMAL_ENTERPRISE,2011,2025,15,READY,UNKNOWN,PASS,PASS,UNKNOWN,PASS,FAIL,WATCH,UNKNOWN,PASS,2,0,2,0,NO_DETERIORATION,HIGH_RISK,WEAK_BUSINESS,READY,8666.437931514216,-113.47,35.0,FAIL,AVOID,"Phát hiện rủi ro tài chính nghiêm trọng (WEAK_PROFITABILITY_ROE, UNSTABLE_EARNINGS_HISTORY)."
IME,NORMAL_ENTERPRISE,2016,2025,10,READY,UNKNOWN,FAIL,FAIL,UNKNOWN,WATCH,WATCH,WATCH,UNKNOWN,PASS,1,0,1,0,POSSIBLY_STRUCTURAL,HIGH_RISK,DETERIORATING_BUSINESS,READY,12589.828876909603,-60.45,35.0,FAIL,AVOID,Phát hiện rủi ro tài chính nghiêm trọng (PROFIT_CASH_DIVERGENCE).
IMP,NORMAL_ENTERPRISE,2011,2025,15,READY,UNKNOWN,WATCH,WATCH,UNKNOWN,PASS,WATCH,PASS,UNKNOWN,PASS,1,0,0,1,POSSIBLY_CYCLICAL,WATCH,AVERAGE_BUSINESS,READY,3204.324163185658,-1026.6026207570176,35.0,FAIL,WAIT_FOR_MOS,Doanh nghiệp có chất lượng tốt (AVERAGE_BUSINESS) nhưng mức giá hiện tại (MOS -1026.6%) chưa đạt Biên an toàn yêu cầu (35.0%).
INC,NORMAL_ENTERPRISE,2016,2025,10,READY,UNKNOWN,PASS,PASS,UNKNOWN,PASS,FAIL,WATCH,UNKNOWN,PASS,2,0,1,1,POSSIBLY_CYCLICAL,HIGH_RISK,WEAK_BUSINESS,READY,20233.653552176147,40.69,40.0,PASS,AVOID,Phát hiện rủi ro tài chính nghiêm trọng (WEAK_PROFITABILITY_ROE).
INN,NORMAL_ENTERPRISE,2016,2025,10,READY,UNKNOWN,PASS,PASS,UNKNOWN,PASS,PASS,PASS,UNKNOWN,PASS,1,0,0,1,POSSIBLY_CYCLICAL,WATCH,AVERAGE_BUSINESS,READY,67992.39202778491,46.61167386909097,40.0,PASS,BUY,Doanh nghiệp đạt chuẩn chất lượng BCTC và mức giá hiện tại (MOS 46.6%) đạt/vượt Biên an toàn yêu cầu (40.0%).
IPA,NORMAL_ENTERPRISE,2011,2025,15,READY,UNKNOWN,FAIL,FAIL,UNKNOWN,WATCH,FAIL,PASS,UNKNOWN,WATCH,3,0,2,1,POSSIBLY_STRUCTURAL,HIGH_RISK,DETERIORATING_BUSINESS,READY,15911.297048650687,19.55,45.0,FAIL,AVOID,"Phát hiện rủi ro tài chính nghiêm trọng (PROFIT_CASH_DIVERGENCE, WEAK_PROFITABILITY_ROE)."
IRC,NORMAL_ENTERPRISE,2016,2025,10,READY,UNKNOWN,FAIL,FAIL,UNKNOWN,PASS,FAIL,PASS,UNKNOWN,PASS,2,0,2,0,POSSIBLY_STRUCTURAL,HIGH_RISK,DETERIORATING_BUSINESS,READY,9864.821983849879,52.36,35.0,PASS,AVOID,"Phát hiện rủi ro tài chính nghiêm trọng (PROFIT_CASH_DIVERGENCE, WEAK_PROFITABILITY_ROE)."
ISG,NORMAL_ENTERPRISE,2016,2025,10,READY,UNKNOWN,PASS,PASS,UNKNOWN,PASS,PASS,WATCH,UNKNOWN,PASS,1,0,1,0,NO_DETERIORATION,HIGH_RISK,WEAK_BUSINESS,READY,73280.50854507861,87.72,45.0,PASS,AVOID,Phát hiện rủi ro tài chính nghiêm trọng (UNSTABLE_EARNINGS_HISTORY).
ISH,NORMAL_ENTERPRISE,2016,2025,10,READY,UNKNOWN,PASS,PASS,UNKNOWN,PASS,PASS,PASS,UNKNOWN,PASS,0,0,0,0,NO_DETERIORATION,CLEAR,COMPOUNDER,READY,33093.2644764481,29.59,40.0,FAIL,WAIT_FOR_MOS,Doanh nghiệp có chất lượng tốt (COMPOUNDER) nhưng mức giá hiện tại (MOS 29.6%) chưa đạt Biên an toàn yêu cầu (40.0%).
IST,NORMAL_ENTERPRISE,2016,2025,10,READY,UNKNOWN,PASS,PASS,UNKNOWN,WATCH,PASS,PASS,UNKNOWN,PASS,0,0,0,0,NO_DETERIORATION,CLEAR,AVERAGE_BUSINESS,READY,31679.2937022108,2.14,46.0,FAIL,WAIT_FOR_MOS,Doanh nghiệp có chất lượng tốt (AVERAGE_BUSINESS) nhưng mức giá hiện tại (MOS 2.1%) chưa đạt Biên an toàn yêu cầu (46.0%).
ITA,NORMAL_ENTERPRISE,2016,2025,10,READY,UNKNOWN,FAIL,FAIL,UNKNOWN,PASS,FAIL,PASS,UNKNOWN,PASS,2,0,2,0,POSSIBLY_STRUCTURAL,HIGH_RISK,DETERIORATING_BUSINESS,READY,717.5023870180311,-220.56,40.0,FAIL,AVOID,"Phát hiện rủi ro tài chính nghiêm trọng (PROFIT_CASH_DIVERGENCE, WEAK_PROFITABILITY_ROE)."
ITC,NORMAL_ENTERPRISE,2011,2025,15,READY,UNKNOWN,FAIL,FAIL,UNKNOWN,PASS,FAIL,WATCH,UNKNOWN,PASS,3,0,3,0,POSSIBLY_STRUCTURAL,HIGH_RISK,DETERIORATING_BUSINESS,READY,5574.749360433594,-59.11,50.0,FAIL,AVOID,"Phát hiện rủi ro tài chính nghiêm trọng (PROFIT_CASH_DIVERGENCE, WEAK_PROFITABILITY_ROE, UNSTABLE_EARNINGS_HISTORY)."
ITQ,NORMAL_ENTERPRISE,2016,2025,10,READY,UNKNOWN,PASS,PASS,UNKNOWN,PASS,FAIL,PASS,UNKNOWN,PASS,1,0,1,0,NO_DETERIORATION,HIGH_RISK,WEAK_BUSINESS,READY,2101.7589156934587,-23.71,40.0,FAIL,AVOID,Phát hiện rủi ro tài chính nghiêm trọng (WEAK_PROFITABILITY_ROE).
ITS,NORMAL_ENTERPRISE,2016,2025,10,READY,UNKNOWN,FAIL,FAIL,UNKNOWN,FAIL,FAIL,PASS,UNKNOWN,PASS,4,0,3,1,POSSIBLY_STRUCTURAL,HIGH_RISK,DETERIORATING_BUSINESS,READY,1221.6545540936543,-161.94,40.0,FAIL,AVOID,"Phát hiện rủi ro tài chính nghiêm trọng (PROFIT_CASH_DIVERGENCE, WEAK_PROFITABILITY_ROE, EXCESSIVE_DEBT_LEVERAGE)."
IVS,NORMAL_ENTERPRISE,2011,2025,15,READY,UNKNOWN,FAIL,FAIL,UNKNOWN,PASS,FAIL,PASS,UNKNOWN,PASS,2,0,2,0,POSSIBLY_STRUCTURAL,HIGH_RISK,DETERIORATING_BUSINESS,READY,11052.747454767914,41.19,50.0,FAIL,AVOID,"Phát hiện rủi ro tài chính nghiêm trọng (PROFIT_CASH_DIVERGENCE, WEAK_PROFITABILITY_ROE)."
JOS,NORMAL_ENTERPRISE,2016,2025,10,READY,UNKNOWN,UNKNOWN,UNKNOWN,UNKNOWN,PASS,PASS,WATCH,UNKNOWN,PASS,1,0,1,0,NO_DETERIORATION,HIGH_RISK,WEAK_BUSINESS,READY,12042.361815064272,90.04,45.0,PASS,AVOID,Phát hiện rủi ro tài chính nghiêm trọng (UNSTABLE_EARNINGS_HISTORY).
JVC,NORMAL_ENTERPRISE,2011,2025,15,READY,UNKNOWN,FAIL,FAIL,UNKNOWN,PASS,FAIL,WATCH,UNKNOWN,PASS,3,0,3,0,POSSIBLY_STRUCTURAL,HIGH_RISK,DETERIORATING_BUSINESS,READY,4173.2055980586665,30.51,35.0,FAIL,AVOID,"Phát hiện rủi ro tài chính nghiêm trọng (PROFIT_CASH_DIVERGENCE, WEAK_PROFITABILITY_ROE, UNSTABLE_EARNINGS_HISTORY)."
KBC,NORMAL_ENTERPRISE,2011,2025,15,READY,UNKNOWN,FAIL,FAIL,UNKNOWN,WATCH,FAIL,PASS,UNKNOWN,WATCH,3,0,2,1,POSSIBLY_STRUCTURAL,HIGH_RISK,DETERIORATING_BUSINESS,INCOMPLETE,-3474.418870756975,,0.0,UNKNOWN,AVOID,"Phát hiện rủi ro tài chính nghiêm trọng (PROFIT_CASH_DIVERGENCE, WEAK_PROFITABILITY_ROE)."
KCB,NORMAL_ENTERPRISE,2016,2025,10,READY,UNKNOWN,FAIL,FAIL,UNKNOWN,PASS,FAIL,WATCH,UNKNOWN,PASS,3,0,3,0,POSSIBLY_STRUCTURAL,HIGH_RISK,DETERIORATING_BUSINESS,READY,7284.115278783413,-31.79,40.0,FAIL,AVOID,"Phát hiện rủi ro tài chính nghiêm trọng (PROFIT_CASH_DIVERGENCE, WEAK_PROFITABILITY_ROE, UNSTABLE_EARNINGS_HISTORY)."
KDC,NORMAL_ENTERPRISE,2011,2025,15,READY,UNKNOWN,FAIL,FAIL,UNKNOWN,PASS,FAIL,WATCH,UNKNOWN,PASS,2,0,2,0,POSSIBLY_STRUCTURAL,HIGH_RISK,DETERIORATING_BUSINESS,READY,804.3191474156978,-6278.07,40.0,FAIL,AVOID,"Phát hiện rủi ro tài chính nghiêm trọng (PROFIT_CASH_DIVERGENCE, WEAK_PROFITABILITY_ROE)."
KDH,NORMAL_ENTERPRISE,2011,2025,15,READY,UNKNOWN,FAIL,FAIL,UNKNOWN,PASS,FAIL,PASS,UNKNOWN,WATCH,4,0,3,1,POSSIBLY_STRUCTURAL,HIGH_RISK,DETERIORATING_BUSINESS,READY,6000.843775998202,-171.63,45.0,FAIL,AVOID,"Phát hiện rủi ro tài chính nghiêm trọng (PROFIT_CASH_DIVERGENCE, WEAK_PROFITABILITY_ROE, UNSTABLE_EARNINGS_HISTORY)."
KDM,NORMAL_ENTERPRISE,2016,2025,10,READY,UNKNOWN,FAIL,FAIL,UNKNOWN,PASS,FAIL,WATCH,UNKNOWN,PASS,3,0,3,0,POSSIBLY_STRUCTURAL,HIGH_RISK,DETERIORATING_BUSINESS,READY,851.9433074600483,-2564.5,40.0,FAIL,AVOID,"Phát hiện rủi ro tài chính nghiêm trọng (PROFIT_CASH_DIVERGENCE, WEAK_PROFITABILITY_ROE, UNSTABLE_EARNINGS_HISTORY)."
KGM,NORMAL_ENTERPRISE,2016,2025,10,READY,UNKNOWN,FAIL,FAIL,UNKNOWN,WATCH,FAIL,WATCH,UNKNOWN,PASS,2,0,2,0,POSSIBLY_STRUCTURAL,HIGH_RISK,DETERIORATING_BUSINESS,READY,282442.6851755738,98.09,40.0,PASS,AVOID,"Phát hiện rủi ro tài chính nghiêm trọng (PROFIT_CASH_DIVERGENCE, WEAK_PROFITABILITY_ROE)."
KHD,NORMAL_ENTERPRISE,2016,2025,10,READY,UNKNOWN,PASS,PASS,UNKNOWN,PASS,WATCH,PASS,UNKNOWN,PASS,2,0,1,1,POSSIBLY_CYCLICAL,HIGH_RISK,AVERAGE_BUSINESS,READY,115322.32835565225,82.66,35.0,PASS,AVOID,Phát hiện rủi ro tài chính nghiêm trọng (UNSTABLE_EARNINGS_HISTORY).
KHG,NORMAL_ENTERPRISE,2018,2025,8,READY,UNKNOWN,FAIL,FAIL,UNKNOWN,PASS,FAIL,PASS,UNKNOWN,PASS,3,0,2,1,POSSIBLY_STRUCTURAL,HIGH_RISK,DETERIORATING_BUSINESS,READY,1414.131396956745,-230.95,50.0,FAIL,AVOID,"Phát hiện rủi ro tài chính nghiêm trọng (PROFIT_CASH_DIVERGENCE, WEAK_PROFITABILITY_ROE)."
KHP,NORMAL_ENTERPRISE,2016,2025,10,READY,UNKNOWN,PASS,PASS,UNKNOWN,FAIL,FAIL,WATCH,UNKNOWN,PASS,2,0,2,0,POSSIBLY_STRUCTURAL,HIGH_RISK,DETERIORATING_BUSINESS,INCOMPLETE,-23561.731231218655,,0.0,UNKNOWN,AVOID,"Phát hiện rủi ro tài chính nghiêm trọng (WEAK_PROFITABILITY_ROE, EXCESSIVE_DEBT_LEVERAGE)."
KHS,NORMAL_ENTERPRISE,2016,2025,10,READY,UNKNOWN,FAIL,FAIL,UNKNOWN,PASS,WATCH,PASS,UNKNOWN,PASS,2,0,1,1,POSSIBLY_STRUCTURAL,HIGH_RISK,DETERIORATING_BUSINESS,READY,149651.48445057467,91.38,50.0,PASS,AVOID,Phát hiện rủi ro tài chính nghiêm trọng (PROFIT_CASH_DIVERGENCE).
KHW,NORMAL_ENTERPRISE,2016,2025,10,READY,UNKNOWN,PASS,PASS,UNKNOWN,PASS,WATCH,PASS,UNKNOWN,PASS,0,0,0,0,NO_DETERIORATION,CLEAR,AVERAGE_BUSINESS,READY,43210.27488195206,38.67,35.0,PASS,BUY,Doanh nghiệp đạt chuẩn chất lượng BCTC và mức giá hiện tại (MOS 38.7%) đạt/vượt Biên an toàn yêu cầu (35.0%).
KHX,NORMAL_ENTERPRISE,2025,2025,1,INSUFFICIENT,UNKNOWN,UNKNOWN,UNKNOWN,UNKNOWN,WATCH,FAIL,WATCH,UNKNOWN,PASS,1,0,1,0,NO_DETERIORATION,HIGH_RISK,INSUFFICIENT_DATA,READY,5903.656803897788,-174.41,45.0,FAIL,AVOID,Phát hiện rủi ro tài chính nghiêm trọng (WEAK_PROFITABILITY_ROE).
KIP,NORMAL_ENTERPRISE,2016,2025,10,READY,UNKNOWN,FAIL,FAIL,UNKNOWN,PASS,FAIL,WATCH,UNKNOWN,PASS,3,0,2,1,POSSIBLY_STRUCTURAL,HIGH_RISK,DETERIORATING_BUSINESS,READY,51522.01076336863,75.16,46.0,PASS,AVOID,"Phát hiện rủi ro tài chính nghiêm trọng (PROFIT_CASH_DIVERGENCE, WEAK_PROFITABILITY_ROE)."
KKC,NORMAL_ENTERPRISE,2016,2025,10,READY,UNKNOWN,FAIL,FAIL,UNKNOWN,WATCH,WATCH,WATCH,UNKNOWN,PASS,2,0,2,0,POSSIBLY_STRUCTURAL,HIGH_RISK,DETERIORATING_BUSINESS,READY,70424.9076127115,91.48,50.0,PASS,AVOID,"Phát hiện rủi ro tài chính nghiêm trọng (PROFIT_CASH_DIVERGENCE, UNSTABLE_EARNINGS_HISTORY)."
KLB,NORMAL_ENTERPRISE,2011,2025,15,READY,UNKNOWN,FAIL,FAIL,UNKNOWN,FAIL,FAIL,PASS,UNKNOWN,PASS,3,0,3,0,POSSIBLY_STRUCTURAL,HIGH_RISK,DETERIORATING_BUSINESS,READY,28257.76546227223,57.36,35.0,PASS,AVOID,"Phát hiện rủi ro tài chính nghiêm trọng (PROFIT_CASH_DIVERGENCE, WEAK_PROFITABILITY_ROE, EXCESSIVE_DEBT_LEVERAGE)."
KMR,NORMAL_ENTERPRISE,2016,2025,10,READY,UNKNOWN,FAIL,FAIL,UNKNOWN,PASS,FAIL,WATCH,UNKNOWN,PASS,2,0,2,0,POSSIBLY_STRUCTURAL,HIGH_RISK,DETERIORATING_BUSINESS,READY,8193.02948755955,72.42,50.0,PASS,AVOID,"Phát hiện rủi ro tài chính nghiêm trọng (PROFIT_CASH_DIVERGENCE, WEAK_PROFITABILITY_ROE)."
KMT,NORMAL_ENTERPRISE,2016,2025,10,READY,UNKNOWN,FAIL,FAIL,UNKNOWN,FAIL,FAIL,WATCH,UNKNOWN,PASS,3,0,3,0,POSSIBLY_STRUCTURAL,HIGH_RISK,DETERIORATING_BUSINESS,READY,3964.144369405939,-232.98,50.0,FAIL,AVOID,"Phát hiện rủi ro tài chính nghiêm trọng (PROFIT_CASH_DIVERGENCE, WEAK_PROFITABILITY_ROE, EXCESSIVE_DEBT_LEVERAGE)."
KOS,NORMAL_ENTERPRISE,2016,2025,10,READY,UNKNOWN,FAIL,FAIL,UNKNOWN,WATCH,FAIL,WATCH,UNKNOWN,PASS,4,0,3,1,POSSIBLY_STRUCTURAL,HIGH_RISK,DETERIORATING_BUSINESS,READY,747.663872597733,-4347.19,50.0,FAIL,AVOID,"Phát hiện rủi ro tài chính nghiêm trọng (PROFIT_CASH_DIVERGENCE, INVENTORY_BUILDUP, WEAK_PROFITABILITY_ROE)."
KPF,NORMAL_ENTERPRISE,2016,2025,10,READY,UNKNOWN,FAIL,FAIL,UNKNOWN,PASS,FAIL,WATCH,UNKNOWN,PASS,3,0,3,0,POSSIBLY_STRUCTURAL,HIGH_RISK,DETERIORATING_BUSINESS,INCOMPLETE,,,0.0,UNKNOWN,AVOID,"Phát hiện rủi ro tài chính nghiêm trọng (PROFIT_CASH_DIVERGENCE, WEAK_PROFITABILITY_ROE, UNSTABLE_EARNINGS_HISTORY)."
KSB,NORMAL_ENTERPRISE,2011,2025,15,READY,UNKNOWN,PASS,PASS,UNKNOWN,PASS,PASS,WATCH,UNKNOWN,PASS,0,0,0,0,NO_DETERIORATION,CLEAR,AVERAGE_BUSINESS,READY,26475.265367259715,50.71,50.0,PASS,BUY,Doanh nghiệp đạt chuẩn chất lượng BCTC và mức giá hiện tại (MOS 50.7%) đạt/vượt Biên an toàn yêu cầu (50.0%).
KSD,NORMAL_ENTERPRISE,2016,2025,10,READY,UNKNOWN,PASS,PASS,UNKNOWN,PASS,FAIL,WATCH,UNKNOWN,PASS,2,0,2,0,NO_DETERIORATION,HIGH_RISK,WEAK_BUSINESS,READY,10459.823010747888,44.55,35.0,PASS,AVOID,"Phát hiện rủi ro tài chính nghiêm trọng (WEAK_PROFITABILITY_ROE, UNSTABLE_EARNINGS_HISTORY)."
KSF,NORMAL_ENTERPRISE,2018,2025,8,READY,UNKNOWN,PASS,PASS,UNKNOWN,WATCH,FAIL,WATCH,UNKNOWN,PASS,2,0,2,0,POSSIBLY_STRUCTURAL,HIGH_RISK,DETERIORATING_BUSINESS,READY,361335.9024619763,77.86,50.0,PASS,AVOID,"Phát hiện rủi ro tài chính nghiêm trọng (INVENTORY_BUILDUP, WEAK_PROFITABILITY_ROE)."
KSQ,NORMAL_ENTERPRISE,2016,2025,10,READY,UNKNOWN,FAIL,FAIL,UNKNOWN,PASS,FAIL,PASS,UNKNOWN,PASS,3,0,3,0,POSSIBLY_STRUCTURAL,HIGH_RISK,DETERIORATING_BUSINESS,READY,15107.794652291523,94.04,35.0,PASS,AVOID,"Phát hiện rủi ro tài chính nghiêm trọng (PROFIT_CASH_DIVERGENCE, WEAK_PROFITABILITY_ROE, UNSTABLE_EARNINGS_HISTORY)."
KST,NORMAL_ENTERPRISE,2016,2025,10,READY,UNKNOWN,PASS,PASS,UNKNOWN,FAIL,WATCH,PASS,UNKNOWN,PASS,2,0,1,1,POSSIBLY_STRUCTURAL,HIGH_RISK,DETERIORATING_BUSINESS,READY,169317.69824826505,92.68,36.0,PASS,AVOID,Phát hiện rủi ro tài chính nghiêm trọng (EXCESSIVE_DEBT_LEVERAGE).
KSV,NORMAL_ENTERPRISE,2013,2025,13,READY,UNKNOWN,PASS,PASS,UNKNOWN,PASS,FAIL,PASS,UNKNOWN,WATCH,2,0,1,1,POSSIBLY_CYCLICAL,HIGH_RISK,WEAK_BUSINESS,READY,12651.395456118153,-731.53,45.0,FAIL,AVOID,Phát hiện rủi ro tài chính nghiêm trọng (WEAK_PROFITABILITY_ROE).
KTC,NORMAL_ENTERPRISE,2017,2025,9,READY,UNKNOWN,FAIL,FAIL,UNKNOWN,FAIL,FAIL,WATCH,UNKNOWN,PASS,3,0,3,0,POSSIBLY_STRUCTURAL,HIGH_RISK,DETERIORATING_BUSINESS,READY,9401.719568353628,-27.64,35.0,FAIL,AVOID,"Phát hiện rủi ro tài chính nghiêm trọng (PROFIT_CASH_DIVERGENCE, WEAK_PROFITABILITY_ROE, EXCESSIVE_DEBT_LEVERAGE)."
KTL,NORMAL_ENTERPRISE,2016,2025,10,READY,UNKNOWN,FAIL,FAIL,UNKNOWN,WATCH,WATCH,WATCH,UNKNOWN,PASS,1,0,1,0,POSSIBLY_STRUCTURAL,HIGH_RISK,DETERIORATING_BUSINESS,READY,107544.18032697971,79.73,46.0,PASS,AVOID,Phát hiện rủi ro tài chính nghiêm trọng (PROFIT_CASH_DIVERGENCE).
KTS,NORMAL_ENTERPRISE,2016,2025,10,READY,UNKNOWN,FAIL,FAIL,UNKNOWN,WATCH,FAIL,WATCH,UNKNOWN,PASS,2,0,2,0,POSSIBLY_STRUCTURAL,HIGH_RISK,DETERIORATING_BUSINESS,READY,22852.12636481071,8.1,25.0,FAIL,AVOID,"Phát hiện rủi ro tài chính nghiêm trọng (PROFIT_CASH_DIVERGENCE, WEAK_PROFITABILITY_ROE)."
KTT,NORMAL_ENTERPRISE,2016,2023,8,READY,UNKNOWN,FAIL,FAIL,UNKNOWN,FAIL,FAIL,WATCH,UNKNOWN,PASS,4,0,4,0,POSSIBLY_STRUCTURAL,HIGH_RISK,DETERIORATING_BUSINESS,READY,161172.2810889472,98.57,50.0,PASS,AVOID,"Phát hiện rủi ro tài chính nghiêm trọng (PROFIT_CASH_DIVERGENCE, WEAK_PROFITABILITY_ROE, UNSTABLE_EARNINGS_HISTORY, EXCESSIVE_DEBT_LEVERAGE)."
KVC,NORMAL_ENTERPRISE,2016,2025,10,READY,UNKNOWN,FAIL,FAIL,UNKNOWN,PASS,FAIL,WATCH,UNKNOWN,PASS,3,0,3,0,POSSIBLY_STRUCTURAL,HIGH_RISK,DETERIORATING_BUSINESS,READY,4970.529842312362,77.87,35.0,PASS,AVOID,"Phát hiện rủi ro tài chính nghiêm trọng (PROFIT_CASH_DIVERGENCE, WEAK_PROFITABILITY_ROE, UNSTABLE_EARNINGS_HISTORY)."
L10,NORMAL_ENTERPRISE,2016,2025,10,READY,UNKNOWN,FAIL,FAIL,UNKNOWN,FAIL,FAIL,PASS,UNKNOWN,PASS,3,0,3,0,POSSIBLY_STRUCTURAL,HIGH_RISK,DETERIORATING_BUSINESS,READY,116118.99560885801,80.19,50.0,PASS,AVOID,"Phát hiện rủi ro tài chính nghiêm trọng (PROFIT_CASH_DIVERGENCE, WEAK_PROFITABILITY_ROE, EXCESSIVE_DEBT_LEVERAGE)."
L12,NORMAL_ENTERPRISE,2016,2017,2,INSUFFICIENT,UNKNOWN,FAIL,FAIL,UNKNOWN,FAIL,FAIL,WATCH,UNKNOWN,PASS,4,0,4,0,POSSIBLY_STRUCTURAL,HIGH_RISK,INSUFFICIENT_DATA,READY,1294.9538273392734,-262.95,35.0,FAIL,AVOID,"Phát hiện rủi ro tài chính nghiêm trọng (PROFIT_CASH_DIVERGENCE, WEAK_PROFITABILITY_ROE, UNSTABLE_EARNINGS_HISTORY, EXCESSIVE_DEBT_LEVERAGE)."
L14,NORMAL_ENTERPRISE,2011,2025,15,READY,UNKNOWN,FAIL,FAIL,UNKNOWN,PASS,WATCH,PASS,UNKNOWN,PASS,1,0,1,0,POSSIBLY_STRUCTURAL,HIGH_RISK,DETERIORATING_BUSINESS,READY,9294.955278802352,-108.72,50.0,FAIL,AVOID,Phát hiện rủi ro tài chính nghiêm trọng (PROFIT_CASH_DIVERGENCE).
L18,NORMAL_ENTERPRISE,2016,2025,10,READY,UNKNOWN,FAIL,FAIL,UNKNOWN,FAIL,FAIL,PASS,UNKNOWN,PASS,5,0,4,1,POSSIBLY_STRUCTURAL,HIGH_RISK,DETERIORATING_BUSINESS,READY,32346.919654673333,53.63,45.0,PASS,AVOID,"Phát hiện rủi ro tài chính nghiêm trọng (PROFIT_CASH_DIVERGENCE, WEAK_PROFITABILITY_ROE, UNSTABLE_EARNINGS_HISTORY, EXCESSIVE_DEBT_LEVERAGE)."
L35,NORMAL_ENTERPRISE,2016,2025,10,READY,UNKNOWN,FAIL,FAIL,UNKNOWN,FAIL,FAIL,WATCH,UNKNOWN,PASS,4,0,4,0,POSSIBLY_STRUCTURAL,HIGH_RISK,DETERIORATING_BUSINESS,INCOMPLETE,,,0.0,UNKNOWN,AVOID,"Phát hiện rủi ro tài chính nghiêm trọng (PROFIT_CASH_DIVERGENCE, WEAK_PROFITABILITY_ROE, UNSTABLE_EARNINGS_HISTORY, EXCESSIVE_DEBT_LEVERAGE)."
L43,NORMAL_ENTERPRISE,2016,2024,9,READY,UNKNOWN,UNKNOWN,UNKNOWN,UNKNOWN,FAIL,FAIL,WATCH,UNKNOWN,PASS,3,0,3,0,POSSIBLY_STRUCTURAL,HIGH_RISK,DETERIORATING_BUSINESS,READY,3699.86807811221,51.35,45.0,PASS,AVOID,"Phát hiện rủi ro tài chính nghiêm trọng (WEAK_PROFITABILITY_ROE, UNSTABLE_EARNINGS_HISTORY, EXCESSIVE_DEBT_LEVERAGE)."
L45,NORMAL_ENTERPRISE,2019,2019,1,INSUFFICIENT,UNKNOWN,UNKNOWN,UNKNOWN,UNKNOWN,FAIL,PASS,WATCH,UNKNOWN,PASS,1,0,1,0,POSSIBLY_STRUCTURAL,HIGH_RISK,INSUFFICIENT_DATA,INCOMPLETE,,,30.0,UNKNOWN,AVOID,Phát hiện rủi ro tài chính nghiêm trọng (EXCESSIVE_DEBT_LEVERAGE).
L61,NORMAL_ENTERPRISE,2016,2024,9,READY,UNKNOWN,FAIL,FAIL,UNKNOWN,PASS,FAIL,WATCH,UNKNOWN,PASS,3,0,3,0,POSSIBLY_STRUCTURAL,HIGH_RISK,DETERIORATING_BUSINESS,INCOMPLETE,,,0.0,UNKNOWN,AVOID,"Phát hiện rủi ro tài chính nghiêm trọng (PROFIT_CASH_DIVERGENCE, WEAK_PROFITABILITY_ROE, UNSTABLE_EARNINGS_HISTORY)."
L62,NORMAL_ENTERPRISE,2016,2024,9,READY,UNKNOWN,FAIL,FAIL,UNKNOWN,PASS,FAIL,WATCH,UNKNOWN,PASS,3,0,3,0,POSSIBLY_STRUCTURAL,HIGH_RISK,DETERIORATING_BUSINESS,READY,7767.338847660107,79.4,50.0,PASS,AVOID,"Phát hiện rủi ro tài chính nghiêm trọng (PROFIT_CASH_DIVERGENCE, WEAK_PROFITABILITY_ROE, UNSTABLE_EARNINGS_HISTORY)."
LAF,NORMAL_ENTERPRISE,2016,2025,10,READY,UNKNOWN,FAIL,FAIL,UNKNOWN,WATCH,WATCH,PASS,UNKNOWN,PASS,1,0,1,0,POSSIBLY_STRUCTURAL,HIGH_RISK,DETERIORATING_BUSINESS,READY,17778.124715202503,-6.8729143504806345,30.0,FAIL,AVOID,Phát hiện rủi ro tài chính nghiêm trọng (PROFIT_CASH_DIVERGENCE).
LAI,NORMAL_ENTERPRISE,2016,2025,9,READY,UNKNOWN,FAIL,FAIL,UNKNOWN,FAIL,WATCH,PASS,UNKNOWN,PASS,3,0,2,1,POSSIBLY_STRUCTURAL,HIGH_RISK,DETERIORATING_BUSINESS,READY,17566.897905493304,52.75,40.0,PASS,AVOID,"Phát hiện rủi ro tài chính nghiêm trọng (PROFIT_CASH_DIVERGENCE, EXCESSIVE_DEBT_LEVERAGE)."
LAS,NORMAL_ENTERPRISE,2011,2025,15,READY,UNKNOWN,FAIL,FAIL,UNKNOWN,PASS,WATCH,WATCH,UNKNOWN,PASS,1,0,1,0,POSSIBLY_STRUCTURAL,HIGH_RISK,DETERIORATING_BUSINESS,READY,9921.687450213192,-18.93,50.0,FAIL,AVOID,Phát hiện rủi ro tài chính nghiêm trọng (PROFIT_CASH_DIVERGENCE).
LAW,NORMAL_ENTERPRISE,2016,2025,10,READY,UNKNOWN,PASS,PASS,UNKNOWN,WATCH,WATCH,PASS,UNKNOWN,PASS,0,0,0,0,NO_DETERIORATION,CLEAR,AVERAGE_BUSINESS,READY,77217.69889216001,70.21,43.0,PASS,BUY,Doanh nghiệp đạt chuẩn chất lượng BCTC và mức giá hiện tại (MOS 70.2%) đạt/vượt Biên an toàn yêu cầu (43.0%).
LBE,NORMAL_ENTERPRISE,2016,2025,10,READY,UNKNOWN,FAIL,FAIL,UNKNOWN,PASS,WATCH,PASS,UNKNOWN,PASS,2,0,1,1,POSSIBLY_STRUCTURAL,HIGH_RISK,DETERIORATING_BUSINESS,READY,37986.12606791743,61.038406565759594,30.0,PASS,AVOID,Phát hiện rủi ro tài chính nghiêm trọng (PROFIT_CASH_DIVERGENCE).
LBM,NORMAL_ENTERPRISE,2016,2025,10,READY,UNKNOWN,PASS,PASS,UNKNOWN,PASS,PASS,PASS,UNKNOWN,PASS,1,0,0,1,POSSIBLY_CYCLICAL,WATCH,POTENTIAL_COMPOUNDER,READY,26957.86050620823,-3.123910718351811,45.0,FAIL,WAIT_FOR_MOS,Doanh nghiệp có chất lượng tốt (POTENTIAL_COMPOUNDER) nhưng mức giá hiện tại (MOS -3.1%) chưa đạt Biên an toàn yêu cầu (45.0%).
LCD,NORMAL_ENTERPRISE,2016,2025,10,READY,UNKNOWN,FAIL,FAIL,UNKNOWN,FAIL,FAIL,WATCH,UNKNOWN,PASS,4,0,4,0,POSSIBLY_STRUCTURAL,HIGH_RISK,DETERIORATING_BUSINESS,READY,181293.53582749827,89.19,48.0,PASS,AVOID,"Phát hiện rủi ro tài chính nghiêm trọng (PROFIT_CASH_DIVERGENCE, WEAK_PROFITABILITY_ROE, UNSTABLE_EARNINGS_HISTORY, EXCESSIVE_DEBT_LEVERAGE)."
LCG,NORMAL_ENTERPRISE,2011,2025,15,READY,UNKNOWN,FAIL,FAIL,UNKNOWN,PASS,FAIL,WATCH,UNKNOWN,WATCH,4,0,3,1,POSSIBLY_STRUCTURAL,HIGH_RISK,DETERIORATING_BUSINESS,READY,48483.17062089993,85.87,45.0,PASS,AVOID,"Phát hiện rủi ro tài chính nghiêm trọng (PROFIT_CASH_DIVERGENCE, WEAK_PROFITABILITY_ROE, UNSTABLE_EARNINGS_HISTORY)."
LCM,NORMAL_ENTERPRISE,2016,2025,10,READY,UNKNOWN,FAIL,FAIL,UNKNOWN,PASS,FAIL,WATCH,UNKNOWN,PASS,3,0,3,0,POSSIBLY_STRUCTURAL,HIGH_RISK,DETERIORATING_BUSINESS,INCOMPLETE,,,0.0,UNKNOWN,AVOID,"Phát hiện rủi ro tài chính nghiêm trọng (PROFIT_CASH_DIVERGENCE, WEAK_PROFITABILITY_ROE, UNSTABLE_EARNINGS_HISTORY)."
LDG,NORMAL_ENTERPRISE,2012,2025,14,READY,UNKNOWN,FAIL,FAIL,UNKNOWN,PASS,FAIL,PASS,UNKNOWN,PASS,3,0,3,0,POSSIBLY_STRUCTURAL,HIGH_RISK,DETERIORATING_BUSINESS,READY,5402.609872544005,53.36,50.0,PASS,AVOID,"Phát hiện rủi ro tài chính nghiêm trọng (PROFIT_CASH_DIVERGENCE, WEAK_PROFITABILITY_ROE, UNSTABLE_EARNINGS_HISTORY)."
LDP,NORMAL_ENTERPRISE,2011,2025,15,READY,UNKNOWN,FAIL,FAIL,UNKNOWN,PASS,WATCH,WATCH,UNKNOWN,PASS,2,0,2,0,POSSIBLY_STRUCTURAL,HIGH_RISK,DETERIORATING_BUSINESS,READY,10404.641752686759,25.03,45.0,FAIL,AVOID,"Phát hiện rủi ro tài chính nghiêm trọng (PROFIT_CASH_DIVERGENCE, UNSTABLE_EARNINGS_HISTORY)."
LDW,NORMAL_ENTERPRISE,2018,2025,8,READY,UNKNOWN,WATCH,WATCH,UNKNOWN,PASS,FAIL,PASS,UNKNOWN,PASS,2,0,1,1,POSSIBLY_CYCLICAL,HIGH_RISK,WEAK_BUSINESS,READY,6737.703923973377,-285.89,41.0,FAIL,AVOID,Phát hiện rủi ro tài chính nghiêm trọng (WEAK_PROFITABILITY_ROE).
LEC,NORMAL_ENTERPRISE,2016,2025,10,READY,UNKNOWN,FAIL,FAIL,UNKNOWN,FAIL,FAIL,WATCH,UNKNOWN,PASS,4,0,4,0,POSSIBLY_STRUCTURAL,HIGH_RISK,DETERIORATING_BUSINESS,READY,39692.07133606968,88.66,46.0,PASS,AVOID,"Phát hiện rủi ro tài chính nghiêm trọng (PROFIT_CASH_DIVERGENCE, WEAK_PROFITABILITY_ROE, UNSTABLE_EARNINGS_HISTORY, EXCESSIVE_DEBT_LEVERAGE)."
LGC,NORMAL_ENTERPRISE,2016,2025,10,READY,UNKNOWN,FAIL,FAIL,UNKNOWN,FAIL,WATCH,PASS,UNKNOWN,PASS,2,0,2,0,POSSIBLY_STRUCTURAL,HIGH_RISK,DETERIORATING_BUSINESS,READY,30343.802554814658,-113.55,50.0,FAIL,AVOID,"Phát hiện rủi ro tài chính nghiêm trọng (PROFIT_CASH_DIVERGENCE, EXCESSIVE_DEBT_LEVERAGE)."
LGL,NORMAL_ENTERPRISE,2011,2025,15,READY,UNKNOWN,FAIL,FAIL,UNKNOWN,PASS,FAIL,PASS,UNKNOWN,WATCH,5,0,4,1,POSSIBLY_STRUCTURAL,HIGH_RISK,DETERIORATING_BUSINESS,READY,4472.042130351538,-2.86,50.0,FAIL,AVOID,"Phát hiện rủi ro tài chính nghiêm trọng (PROFIT_CASH_DIVERGENCE, INVENTORY_BUILDUP, WEAK_PROFITABILITY_ROE, UNSTABLE_EARNINGS_HISTORY)."
LHC,NORMAL_ENTERPRISE,2011,2025,15,READY,UNKNOWN,WATCH,WATCH,UNKNOWN,PASS,WATCH,PASS,UNKNOWN,WATCH,2,0,0,2,POSSIBLY_CYCLICAL,WATCH,AVERAGE_BUSINESS,READY,92024.33296178351,49.469886383951476,40.0,PASS,BUY,Doanh nghiệp đạt chuẩn chất lượng BCTC và mức giá hiện tại (MOS 49.5%) đạt/vượt Biên an toàn yêu cầu (40.0%).
LHG,NORMAL_ENTERPRISE,2011,2025,15,READY,UNKNOWN,WATCH,WATCH,UNKNOWN,PASS,WATCH,PASS,UNKNOWN,PASS,1,0,0,1,POSSIBLY_CYCLICAL,WATCH,AVERAGE_BUSINESS,READY,34573.081861468025,22.63,50.0,FAIL,WAIT_FOR_MOS,Doanh nghiệp có chất lượng tốt (AVERAGE_BUSINESS) nhưng mức giá hiện tại (MOS 22.6%) chưa đạt Biên an toàn yêu cầu (50.0%).
LIC,NORMAL_ENTERPRISE,2016,2025,10,READY,UNKNOWN,FAIL,FAIL,UNKNOWN,FAIL,FAIL,WATCH,UNKNOWN,PASS,4,0,4,0,POSSIBLY_STRUCTURAL,HIGH_RISK,DETERIORATING_BUSINESS,READY,8378.016805182066,-334.47,40.0,FAIL,AVOID,"Phát hiện rủi ro tài chính nghiêm trọng (PROFIT_CASH_DIVERGENCE, WEAK_PROFITABILITY_ROE, UNSTABLE_EARNINGS_HISTORY, EXCESSIVE_DEBT_LEVERAGE)."
LIG,NORMAL_ENTERPRISE,2011,2025,15,READY,UNKNOWN,FAIL,FAIL,UNKNOWN,FAIL,FAIL,WATCH,UNKNOWN,WATCH,4,0,3,1,POSSIBLY_STRUCTURAL,HIGH_RISK,DETERIORATING_BUSINESS,READY,1547.280505982489,-87.43,45.0,FAIL,AVOID,"Phát hiện rủi ro tài chính nghiêm trọng (PROFIT_CASH_DIVERGENCE, WEAK_PROFITABILITY_ROE, EXCESSIVE_DEBT_LEVERAGE)."
LIX,NORMAL_ENTERPRISE,2011,2025,15,READY,UNKNOWN,PASS,PASS,UNKNOWN,PASS,PASS,PASS,UNKNOWN,PASS,0,0,0,0,NO_DETERIORATION,CLEAR,AVERAGE_BUSINESS,READY,34094.867644837635,28.141677347999355,50.0,FAIL,WAIT_FOR_MOS,Doanh nghiệp có chất lượng tốt (AVERAGE_BUSINESS) nhưng mức giá hiện tại (MOS 28.1%) chưa đạt Biên an toàn yêu cầu (50.0%).
LKW,NORMAL_ENTERPRISE,2016,2025,10,READY,UNKNOWN,PASS,PASS,UNKNOWN,PASS,PASS,PASS,UNKNOWN,PASS,0,0,0,0,NO_DETERIORATION,CLEAR,AVERAGE_BUSINESS,READY,31078.891856142563,-2.96,40.0,FAIL,WAIT_FOR_MOS,Doanh nghiệp có chất lượng tốt (AVERAGE_BUSINESS) nhưng mức giá hiện tại (MOS -3.0%) chưa đạt Biên an toàn yêu cầu (40.0%).
LLM,NORMAL_ENTERPRISE,2016,2025,10,READY,UNKNOWN,FAIL,FAIL,UNKNOWN,FAIL,FAIL,PASS,UNKNOWN,PASS,4,0,4,0,POSSIBLY_STRUCTURAL,HIGH_RISK,DETERIORATING_BUSINESS,READY,79865.31512336107,60.18,40.0,PASS,AVOID,"Phát hiện rủi ro tài chính nghiêm trọng (PROFIT_CASH_DIVERGENCE, WEAK_PROFITABILITY_ROE, UNSTABLE_EARNINGS_HISTORY, EXCESSIVE_DEBT_LEVERAGE)."
LM3,NORMAL_ENTERPRISE,2016,2018,3,PARTIAL,UNKNOWN,FAIL,FAIL,UNKNOWN,PASS,PASS,WATCH,UNKNOWN,PASS,2,0,2,0,POSSIBLY_STRUCTURAL,HIGH_RISK,DETERIORATING_BUSINESS,READY,33660.717111915226,97.92,35.0,PASS,AVOID,"Phát hiện rủi ro tài chính nghiêm trọng (PROFIT_CASH_DIVERGENCE, UNSTABLE_EARNINGS_HISTORY)."
LM7,NORMAL_ENTERPRISE,2016,2023,8,READY,UNKNOWN,UNKNOWN,UNKNOWN,UNKNOWN,PASS,FAIL,WATCH,UNKNOWN,PASS,2,0,2,0,NO_DETERIORATION,HIGH_RISK,WEAK_BUSINESS,READY,7369.925430819334,67.44,45.0,PASS,AVOID,"Phát hiện rủi ro tài chính nghiêm trọng (WEAK_PROFITABILITY_ROE, UNSTABLE_EARNINGS_HISTORY)."
LM8,NORMAL_ENTERPRISE,2016,2025,10,READY,UNKNOWN,PASS,PASS,UNKNOWN,FAIL,FAIL,WATCH,UNKNOWN,PASS,3,0,3,0,POSSIBLY_STRUCTURAL,HIGH_RISK,DETERIORATING_BUSINESS,READY,2755.2209092324965,-437.16,50.0,FAIL,AVOID,"Phát hiện rủi ro tài chính nghiêm trọng (WEAK_PROFITABILITY_ROE, UNSTABLE_EARNINGS_HISTORY, EXCESSIVE_DEBT_LEVERAGE)."
LMC,NORMAL_ENTERPRISE,2016,2025,10,READY,UNKNOWN,FAIL,FAIL,UNKNOWN,PASS,FAIL,WATCH,UNKNOWN,PASS,3,0,3,0,POSSIBLY_STRUCTURAL,HIGH_RISK,DETERIORATING_BUSINESS,INCOMPLETE,,,0.0,UNKNOWN,AVOID,"Phát hiện rủi ro tài chính nghiêm trọng (PROFIT_CASH_DIVERGENCE, WEAK_PROFITABILITY_ROE, UNSTABLE_EARNINGS_HISTORY)."
LMH,NORMAL_ENTERPRISE,2016,2025,10,READY,UNKNOWN,FAIL,FAIL,UNKNOWN,PASS,FAIL,WATCH,UNKNOWN,PASS,3,0,3,0,POSSIBLY_STRUCTURAL,HIGH_RISK,DETERIORATING_BUSINESS,INCOMPLETE,,,0.0,UNKNOWN,AVOID,"Phát hiện rủi ro tài chính nghiêm trọng (PROFIT_CASH_DIVERGENCE, WEAK_PROFITABILITY_ROE, UNSTABLE_EARNINGS_HISTORY)."
LMI,NORMAL_ENTERPRISE,2016,2025,10,READY,UNKNOWN,FAIL,FAIL,UNKNOWN,WATCH,FAIL,WATCH,UNKNOWN,PASS,2,0,2,0,POSSIBLY_STRUCTURAL,HIGH_RISK,DETERIORATING_BUSINESS,READY,113014.15220415477,93.01,40.0,PASS,AVOID,"Phát hiện rủi ro tài chính nghiêm trọng (PROFIT_CASH_DIVERGENCE, WEAK_PROFITABILITY_ROE)."
LNC,NORMAL_ENTERPRISE,2016,2025,9,READY,UNKNOWN,FAIL,FAIL,UNKNOWN,FAIL,FAIL,WATCH,UNKNOWN,PASS,3,0,3,0,POSSIBLY_STRUCTURAL,HIGH_RISK,DETERIORATING_BUSINESS,READY,31584.23969120179,75.94,41.0,PASS,AVOID,"Phát hiện rủi ro tài chính nghiêm trọng (PROFIT_CASH_DIVERGENCE, WEAK_PROFITABILITY_ROE, EXCESSIVE_DEBT_LEVERAGE)."
LO5,NORMAL_ENTERPRISE,2016,2025,10,READY,UNKNOWN,UNKNOWN,UNKNOWN,UNKNOWN,PASS,FAIL,WATCH,UNKNOWN,PASS,2,0,2,0,NO_DETERIORATION,HIGH_RISK,WEAK_BUSINESS,INCOMPLETE,,,0.0,UNKNOWN,AVOID,"Phát hiện rủi ro tài chính nghiêm trọng (WEAK_PROFITABILITY_ROE, UNSTABLE_EARNINGS_HISTORY)."
LPB,BANK,2011,2025,15,READY,UNKNOWN,NOT_APPLICABLE,NOT_APPLICABLE,UNKNOWN,PASS,WATCH,PASS,UNKNOWN,PASS,0,0,0,0,NO_DETERIORATION,CLEAR,AVERAGE_BUSINESS,READY,32410.691775135718,-44.0882543452112,35.0,FAIL,WAIT_FOR_MOS,Doanh nghiệp có chất lượng tốt (AVERAGE_BUSINESS) nhưng mức giá hiện tại (MOS -44.1%) chưa đạt Biên an toàn yêu cầu (35.0%).
LPS,NORMAL_ENTERPRISE,0,0,0,INSUFFICIENT,UNKNOWN,UNKNOWN,UNKNOWN,UNKNOWN,UNKNOWN,UNKNOWN,UNKNOWN,UNKNOWN,UNKNOWN,0,0,0,0,NO_DETERIORATION,CLEAR,INSUFFICIENT_DATA,INCOMPLETE,,,30.0,UNKNOWN,REVIEW_BUSINESS,Chưa đủ dữ liệu tài chính lịch sử (dưới 3-5 năm) để hoàn thành đánh giá BCTC.
LQN,NORMAL_ENTERPRISE,2016,2025,9,READY,UNKNOWN,FAIL,FAIL,UNKNOWN,PASS,FAIL,WATCH,UNKNOWN,PASS,3,0,3,0,POSSIBLY_STRUCTURAL,HIGH_RISK,DETERIORATING_BUSINESS,READY,13631.092919360774,77.99,45.0,PASS,AVOID,"Phát hiện rủi ro tài chính nghiêm trọng (PROFIT_CASH_DIVERGENCE, WEAK_PROFITABILITY_ROE, UNSTABLE_EARNINGS_HISTORY)."
LSG,NORMAL_ENTERPRISE,2011,2025,15,READY,UNKNOWN,FAIL,FAIL,UNKNOWN,PASS,FAIL,WATCH,UNKNOWN,PASS,2,0,2,0,POSSIBLY_STRUCTURAL,HIGH_RISK,DETERIORATING_BUSINESS,READY,2841.2606517374693,-1160.0,40.0,FAIL,AVOID,"Phát hiện rủi ro tài chính nghiêm trọng (PROFIT_CASH_DIVERGENCE, WEAK_PROFITABILITY_ROE)."
LSS,NORMAL_ENTERPRISE,2011,2025,15,READY,UNKNOWN,FAIL,FAIL,UNKNOWN,PASS,FAIL,WATCH,UNKNOWN,PASS,3,0,3,0,POSSIBLY_STRUCTURAL,HIGH_RISK,DETERIORATING_BUSINESS,READY,21687.573966471944,63.25,25.0,PASS,AVOID,"Phát hiện rủi ro tài chính nghiêm trọng (PROFIT_CASH_DIVERGENCE, INVENTORY_BUILDUP, WEAK_PROFITABILITY_ROE)."
LTC,NORMAL_ENTERPRISE,2016,2024,8,READY,UNKNOWN,FAIL,FAIL,UNKNOWN,FAIL,FAIL,WATCH,UNKNOWN,PASS,4,0,4,0,POSSIBLY_STRUCTURAL,HIGH_RISK,DETERIORATING_BUSINESS,INCOMPLETE,,,0.0,UNKNOWN,AVOID,"Phát hiện rủi ro tài chính nghiêm trọng (PROFIT_CASH_DIVERGENCE, WEAK_PROFITABILITY_ROE, UNSTABLE_EARNINGS_HISTORY, EXCESSIVE_DEBT_LEVERAGE)."
LUT,NORMAL_ENTERPRISE,2016,2023,8,READY,UNKNOWN,FAIL,FAIL,UNKNOWN,FAIL,FAIL,WATCH,UNKNOWN,PASS,4,0,4,0,POSSIBLY_STRUCTURAL,HIGH_RISK,DETERIORATING_BUSINESS,INCOMPLETE,,,0.0,UNKNOWN,AVOID,"Phát hiện rủi ro tài chính nghiêm trọng (PROFIT_CASH_DIVERGENCE, WEAK_PROFITABILITY_ROE, UNSTABLE_EARNINGS_HISTORY, EXCESSIVE_DEBT_LEVERAGE)."
M10,NORMAL_ENTERPRISE,2017,2025,9,READY,UNKNOWN,PASS,PASS,UNKNOWN,FAIL,FAIL,PASS,UNKNOWN,PASS,3,0,2,1,POSSIBLY_STRUCTURAL,HIGH_RISK,DETERIORATING_BUSINESS,READY,23119.348072628047,14.79,40.0,FAIL,AVOID,"Phát hiện rủi ro tài chính nghiêm trọng (WEAK_PROFITABILITY_ROE, EXCESSIVE_DEBT_LEVERAGE)."
MAC,NORMAL_ENTERPRISE,2016,2025,10,READY,UNKNOWN,FAIL,FAIL,UNKNOWN,PASS,FAIL,PASS,UNKNOWN,PASS,3,0,2,1,POSSIBLY_STRUCTURAL,HIGH_RISK,DETERIORATING_BUSINESS,READY,10262.944370164083,-9.13,35.0,FAIL,AVOID,"Phát hiện rủi ro tài chính nghiêm trọng (PROFIT_CASH_DIVERGENCE, WEAK_PROFITABILITY_ROE)."
MAS,NORMAL_ENTERPRISE,2016,2025,10,READY,UNKNOWN,PASS,PASS,UNKNOWN,FAIL,PASS,WATCH,UNKNOWN,PASS,2,0,2,0,POSSIBLY_STRUCTURAL,HIGH_RISK,DETERIORATING_BUSINESS,READY,36138.24634435181,7.3,38.0,FAIL,AVOID,"Phát hiện rủi ro tài chính nghiêm trọng (UNSTABLE_EARNINGS_HISTORY, EXCESSIVE_DEBT_LEVERAGE)."
MBB,BANK,2011,2025,15,READY,UNKNOWN,NOT_APPLICABLE,NOT_APPLICABLE,UNKNOWN,PASS,PASS,PASS,UNKNOWN,PASS,0,0,0,0,NO_DETERIORATION,CLEAR,POTENTIAL_COMPOUNDER,READY,32217.419986395547,38.69776037826792,30.0,PASS,BUY,Doanh nghiệp đạt chuẩn chất lượng BCTC và mức giá hiện tại (MOS 38.7%) đạt/vượt Biên an toàn yêu cầu (30.0%).
MBG,NORMAL_ENTERPRISE,2013,2025,13,READY,UNKNOWN,FAIL,FAIL,UNKNOWN,PASS,FAIL,PASS,UNKNOWN,PASS,2,0,2,0,POSSIBLY_STRUCTURAL,HIGH_RISK,DETERIORATING_BUSINESS,INCOMPLETE,-521.6909290749034,,0.0,UNKNOWN,AVOID,"Phát hiện rủi ro tài chính nghiêm trọng (PROFIT_CASH_DIVERGENCE, WEAK_PROFITABILITY_ROE)."
MBN,NORMAL_ENTERPRISE,2017,2025,9,READY,UNKNOWN,PASS,PASS,UNKNOWN,PASS,FAIL,WATCH,UNKNOWN,PASS,2,0,2,0,NO_DETERIORATION,HIGH_RISK,WEAK_BUSINESS,READY,2232.6790126539195,-253.84,40.0,FAIL,AVOID,"Phát hiện rủi ro tài chính nghiêm trọng (WEAK_PROFITABILITY_ROE, UNSTABLE_EARNINGS_HISTORY)."
MBS,SECURITIES,2010,2025,16,READY,UNKNOWN,NOT_APPLICABLE,NOT_APPLICABLE,UNKNOWN,PASS,PASS,WATCH,UNKNOWN,PASS,0,0,0,0,NO_DETERIORATION,CLEAR,AVERAGE_BUSINESS,READY,16838.96000857976,2.0129509685102493,50.0,FAIL,WAIT_FOR_MOS,Doanh nghiệp có chất lượng tốt (AVERAGE_BUSINESS) nhưng mức giá hiện tại (MOS 2.0%) chưa đạt Biên an toàn yêu cầu (50.0%).
MBT,NORMAL_ENTERPRISE,2019,2025,5,READY,UNKNOWN,FAIL,FAIL,UNKNOWN,PASS,FAIL,WATCH,UNKNOWN,PASS,3,0,3,0,POSSIBLY_STRUCTURAL,HIGH_RISK,DETERIORATING_BUSINESS,INCOMPLETE,,,0.0,UNKNOWN,AVOID,"Phát hiện rủi ro tài chính nghiêm trọng (PROFIT_CASH_DIVERGENCE, WEAK_PROFITABILITY_ROE, UNSTABLE_EARNINGS_HISTORY)."
MCC,NORMAL_ENTERPRISE,2016,2025,10,READY,UNKNOWN,PASS,PASS,UNKNOWN,PASS,FAIL,WATCH,UNKNOWN,PASS,1,0,1,0,NO_DETERIORATION,HIGH_RISK,WEAK_BUSINESS,READY,13618.840251568088,3.08,50.0,FAIL,AVOID,Phát hiện rủi ro tài chính nghiêm trọng (WEAK_PROFITABILITY_ROE).
MCF,NORMAL_ENTERPRISE,2016,2025,10,READY,UNKNOWN,FAIL,FAIL,UNKNOWN,PASS,FAIL,WATCH,UNKNOWN,PASS,2,0,2,0,POSSIBLY_STRUCTURAL,HIGH_RISK,DETERIORATING_BUSINESS,READY,47961.25286441753,85.4,40.0,PASS,AVOID,"Phát hiện rủi ro tài chính nghiêm trọng (PROFIT_CASH_DIVERGENCE, WEAK_PROFITABILITY_ROE)."
MCG,NORMAL_ENTERPRISE,2016,2025,10,READY,UNKNOWN,PASS,PASS,UNKNOWN,FAIL,FAIL,WATCH,UNKNOWN,PASS,3,0,3,0,POSSIBLY_STRUCTURAL,HIGH_RISK,DETERIORATING_BUSINESS,READY,337.8140419145931,-640.05,45.0,FAIL,AVOID,"Phát hiện rủi ro tài chính nghiêm trọng (WEAK_PROFITABILITY_ROE, UNSTABLE_EARNINGS_HISTORY, EXCESSIVE_DEBT_LEVERAGE)."
MCH,NORMAL_ENTERPRISE,2011,2025,15,READY,UNKNOWN,PASS,PASS,UNKNOWN,PASS,PASS,PASS,UNKNOWN,WATCH,1,0,0,1,POSSIBLY_CYCLICAL,WATCH,AVERAGE_BUSINESS,READY,22603.726177648256,-527.330197178814,25.0,FAIL,WAIT_FOR_MOS,Doanh nghiệp có chất lượng tốt (AVERAGE_BUSINESS) nhưng mức giá hiện tại (MOS -527.3%) chưa đạt Biên an toàn yêu cầu (25.0%).
MCM,NORMAL_ENTERPRISE,2016,2025,10,READY,UNKNOWN,PASS,PASS,UNKNOWN,PASS,PASS,WATCH,UNKNOWN,PASS,1,0,0,1,POSSIBLY_CYCLICAL,WATCH,AVERAGE_BUSINESS,READY,13212.896318909752,-100.18321011227381,30.0,FAIL,WAIT_FOR_MOS,Doanh nghiệp có chất lượng tốt (AVERAGE_BUSINESS) nhưng mức giá hiện tại (MOS -100.2%) chưa đạt Biên an toàn yêu cầu (30.0%).
MCO,NORMAL_ENTERPRISE,2016,2025,10,READY,UNKNOWN,UNKNOWN,UNKNOWN,UNKNOWN,WATCH,FAIL,WATCH,UNKNOWN,PASS,2,0,2,0,NO_DETERIORATION,HIGH_RISK,WEAK_BUSINESS,INCOMPLETE,,,0.0,UNKNOWN,AVOID,"Phát hiện rủi ro tài chính nghiêm trọng (WEAK_PROFITABILITY_ROE, UNSTABLE_EARNINGS_HISTORY)."
MCP,NORMAL_ENTERPRISE,2016,2025,10,READY,UNKNOWN,FAIL,FAIL,UNKNOWN,PASS,WATCH,WATCH,UNKNOWN,PASS,1,0,1,0,POSSIBLY_STRUCTURAL,HIGH_RISK,DETERIORATING_BUSINESS,READY,4555.113965515032,-505.91,40.0,FAIL,AVOID,Phát hiện rủi ro tài chính nghiêm trọng (PROFIT_CASH_DIVERGENCE).
MDA,NORMAL_ENTERPRISE,2016,2025,10,READY,UNKNOWN,FAIL,FAIL,UNKNOWN,WATCH,WATCH,PASS,UNKNOWN,PASS,1,0,1,0,POSSIBLY_STRUCTURAL,HIGH_RISK,DETERIORATING_BUSINESS,READY,11259.478986294918,52.93,50.0,PASS,AVOID,Phát hiện rủi ro tài chính nghiêm trọng (PROFIT_CASH_DIVERGENCE).
MDC,NORMAL_ENTERPRISE,2016,2025,10,READY,UNKNOWN,PASS,PASS,UNKNOWN,FAIL,WATCH,WATCH,UNKNOWN,PASS,1,0,1,0,POSSIBLY_STRUCTURAL,HIGH_RISK,DETERIORATING_BUSINESS,READY,59088.390847055125,86.12,50.0,PASS,AVOID,Phát hiện rủi ro tài chính nghiêm trọng (EXCESSIVE_DEBT_LEVERAGE).
MDF,NORMAL_ENTERPRISE,2016,2025,10,READY,UNKNOWN,PASS,PASS,UNKNOWN,PASS,FAIL,WATCH,UNKNOWN,PASS,1,0,1,0,NO_DETERIORATION,HIGH_RISK,WEAK_BUSINESS,READY,705.0565303117642,-680.08,50.0,FAIL,AVOID,Phát hiện rủi ro tài chính nghiêm trọng (WEAK_PROFITABILITY_ROE).
MDG,NORMAL_ENTERPRISE,2016,2025,10,READY,UNKNOWN,PASS,PASS,UNKNOWN,WATCH,FAIL,PASS,UNKNOWN,PASS,1,0,1,0,NO_DETERIORATION,HIGH_RISK,WEAK_BUSINESS,READY,37765.92573741262,2.82,50.0,FAIL,AVOID,Phát hiện rủi ro tài chính nghiêm trọng (WEAK_PROFITABILITY_ROE).
MEC,NORMAL_ENTERPRISE,2016,2025,10,READY,UNKNOWN,PASS,PASS,UNKNOWN,PASS,FAIL,WATCH,UNKNOWN,PASS,2,0,2,0,NO_DETERIORATION,HIGH_RISK,WEAK_BUSINESS,READY,41675.17356713314,97.6,45.0,PASS,AVOID,"Phát hiện rủi ro tài chính nghiêm trọng (WEAK_PROFITABILITY_ROE, UNSTABLE_EARNINGS_HISTORY)."
MED,NORMAL_ENTERPRISE,2016,2025,10,READY,UNKNOWN,FAIL,FAIL,UNKNOWN,PASS,WATCH,WATCH,UNKNOWN,PASS,2,0,1,1,POSSIBLY_STRUCTURAL,HIGH_RISK,DETERIORATING_BUSINESS,READY,17247.98284362632,-6.68,35.0,FAIL,AVOID,Phát hiện rủi ro tài chính nghiêm trọng (PROFIT_CASH_DIVERGENCE).
MEF,NORMAL_ENTERPRISE,2016,2025,9,READY,UNKNOWN,PASS,PASS,UNKNOWN,PASS,PASS,PASS,UNKNOWN,PASS,0,0,0,0,NO_DETERIORATION,CLEAR,AVERAGE_BUSINESS,READY,167057.38179113806,98.74,30.0,PASS,BUY,Doanh nghiệp đạt chuẩn chất lượng BCTC và mức giá hiện tại (MOS 98.7%) đạt/vượt Biên an toàn yêu cầu (30.0%).
MEL,NORMAL_ENTERPRISE,2016,2025,10,READY,UNKNOWN,FAIL,FAIL,UNKNOWN,FAIL,FAIL,WATCH,UNKNOWN,PASS,3,0,3,0,POSSIBLY_STRUCTURAL,HIGH_RISK,DETERIORATING_BUSINESS,READY,4316.512757797578,-39.0,40.0,FAIL,AVOID,"Phát hiện rủi ro tài chính nghiêm trọng (PROFIT_CASH_DIVERGENCE, WEAK_PROFITABILITY_ROE, EXCESSIVE_DEBT_LEVERAGE)."
MES,NORMAL_ENTERPRISE,2016,2025,10,READY,UNKNOWN,UNKNOWN,UNKNOWN,UNKNOWN,PASS,FAIL,WATCH,UNKNOWN,PASS,2,0,2,0,NO_DETERIORATION,HIGH_RISK,WEAK_BUSINESS,READY,495.2906875550628,-1919.02,35.0,FAIL,AVOID,"Phát hiện rủi ro tài chính nghiêm trọng (WEAK_PROFITABILITY_ROE, UNSTABLE_EARNINGS_HISTORY)."
MFS,NORMAL_ENTERPRISE,2016,2025,10,READY,UNKNOWN,WATCH,WATCH,UNKNOWN,PASS,PASS,WATCH,UNKNOWN,PASS,1,0,0,1,POSSIBLY_CYCLICAL,WATCH,AVERAGE_BUSINESS,READY,5471.635890165944,-430.01,50.0,FAIL,WAIT_FOR_MOS,Doanh nghiệp có chất lượng tốt (AVERAGE_BUSINESS) nhưng mức giá hiện tại (MOS -430.0%) chưa đạt Biên an toàn yêu cầu (50.0%).
MGC,NORMAL_ENTERPRISE,2016,2025,10,READY,UNKNOWN,WATCH,WATCH,UNKNOWN,FAIL,FAIL,WATCH,UNKNOWN,PASS,3,0,2,1,POSSIBLY_STRUCTURAL,HIGH_RISK,DETERIORATING_BUSINESS,READY,6679.08649036125,-46.73,45.0,FAIL,AVOID,"Phát hiện rủi ro tài chính nghiêm trọng (WEAK_PROFITABILITY_ROE, EXCESSIVE_DEBT_LEVERAGE)."
MGG,NORMAL_ENTERPRISE,2016,2025,9,READY,UNKNOWN,FAIL,FAIL,UNKNOWN,FAIL,WATCH,WATCH,UNKNOWN,PASS,2,0,2,0,POSSIBLY_STRUCTURAL,HIGH_RISK,DETERIORATING_BUSINESS,READY,321978.342594951,92.24,35.0,PASS,AVOID,"Phát hiện rủi ro tài chính nghiêm trọng (PROFIT_CASH_DIVERGENCE, EXCESSIVE_DEBT_LEVERAGE)."
MGR,NORMAL_ENTERPRISE,2021,2025,5,READY,UNKNOWN,UNKNOWN,UNKNOWN,UNKNOWN,PASS,FAIL,WATCH,UNKNOWN,PASS,2,0,2,0,NO_DETERIORATION,HIGH_RISK,WEAK_BUSINESS,INCOMPLETE,,,0.0,UNKNOWN,AVOID,"Phát hiện rủi ro tài chính nghiêm trọng (WEAK_PROFITABILITY_ROE, UNSTABLE_EARNINGS_HISTORY)."
MH3,NORMAL_ENTERPRISE,2016,2025,10,READY,UNKNOWN,FAIL,FAIL,UNKNOWN,WATCH,FAIL,PASS,UNKNOWN,PASS,3,0,2,1,POSSIBLY_STRUCTURAL,HIGH_RISK,DETERIORATING_BUSINESS,READY,2158.256378898789,-1104.68,40.0,FAIL,AVOID,"Phát hiện rủi ro tài chính nghiêm trọng (PROFIT_CASH_DIVERGENCE, WEAK_PROFITABILITY_ROE)."
MHC,NORMAL_ENTERPRISE,2016,2025,10,READY,UNKNOWN,FAIL,FAIL,UNKNOWN,PASS,FAIL,PASS,UNKNOWN,PASS,3,0,3,0,POSSIBLY_STRUCTURAL,HIGH_RISK,DETERIORATING_BUSINESS,READY,299302.0655060075,97.52,35.0,PASS,AVOID,"Phát hiện rủi ro tài chính nghiêm trọng (PROFIT_CASH_DIVERGENCE, WEAK_PROFITABILITY_ROE, UNSTABLE_EARNINGS_HISTORY)."
MHL,NORMAL_ENTERPRISE,2016,2024,9,READY,UNKNOWN,FAIL,FAIL,UNKNOWN,FAIL,FAIL,WATCH,UNKNOWN,PASS,4,0,4,0,POSSIBLY_STRUCTURAL,HIGH_RISK,DETERIORATING_BUSINESS,READY,160670.19709579874,97.95,38.0,PASS,AVOID,"Phát hiện rủi ro tài chính nghiêm trọng (PROFIT_CASH_DIVERGENCE, WEAK_PROFITABILITY_ROE, UNSTABLE_EARNINGS_HISTORY, EXCESSIVE_DEBT_LEVERAGE)."
MIC,NORMAL_ENTERPRISE,2016,2025,10,READY,UNKNOWN,FAIL,FAIL,UNKNOWN,PASS,FAIL,WATCH,UNKNOWN,PASS,2,0,2,0,POSSIBLY_STRUCTURAL,HIGH_RISK,DETERIORATING_BUSINESS,READY,5659.148993507872,-59.03,50.0,FAIL,AVOID,"Phát hiện rủi ro tài chính nghiêm trọng (PROFIT_CASH_DIVERGENCE, WEAK_PROFITABILITY_ROE)."
MIE,NORMAL_ENTERPRISE,2016,2025,10,READY,UNKNOWN,FAIL,FAIL,UNKNOWN,PASS,FAIL,PASS,UNKNOWN,PASS,3,0,3,0,POSSIBLY_STRUCTURAL,HIGH_RISK,DETERIORATING_BUSINESS,READY,1695.6262203564988,-271.54,50.0,FAIL,AVOID,"Phát hiện rủi ro tài chính nghiêm trọng (PROFIT_CASH_DIVERGENCE, WEAK_PROFITABILITY_ROE, UNSTABLE_EARNINGS_HISTORY)."
MIG,NORMAL_ENTERPRISE,2011,2025,15,READY,UNKNOWN,PASS,PASS,UNKNOWN,FAIL,FAIL,PASS,UNKNOWN,PASS,2,0,2,0,POSSIBLY_STRUCTURAL,HIGH_RISK,DETERIORATING_BUSINESS,READY,16492.511147194255,5.714782538465019,35.0,FAIL,AVOID,"Phát hiện rủi ro tài chính nghiêm trọng (WEAK_PROFITABILITY_ROE, EXCESSIVE_DEBT_LEVERAGE)."
MKP,NORMAL_ENTERPRISE,2016,2025,10,READY,UNKNOWN,FAIL,FAIL,UNKNOWN,PASS,FAIL,WATCH,UNKNOWN,PASS,2,0,2,0,POSSIBLY_STRUCTURAL,HIGH_RISK,DETERIORATING_BUSINESS,READY,28946.02672876023,7.07,43.0,FAIL,AVOID,"Phát hiện rủi ro tài chính nghiêm trọng (PROFIT_CASH_DIVERGENCE, WEAK_PROFITABILITY_ROE)."
MKV,NORMAL_ENTERPRISE,2016,2025,10,READY,UNKNOWN,WATCH,WATCH,UNKNOWN,PASS,FAIL,PASS,UNKNOWN,PASS,3,0,2,1,POSSIBLY_CYCLICAL,HIGH_RISK,WEAK_BUSINESS,READY,81475.89866520283,85.3944538262794,30.0,PASS,AVOID,"Phát hiện rủi ro tài chính nghiêm trọng (WEAK_PROFITABILITY_ROE, UNSTABLE_EARNINGS_HISTORY)."
MLC,NORMAL_ENTERPRISE,2016,2025,10,READY,UNKNOWN,WATCH,WATCH,UNKNOWN,PASS,PASS,PASS,UNKNOWN,PASS,1,0,0,1,POSSIBLY_CYCLICAL,WATCH,COMPOUNDER,READY,106542.03930477792,75.03,40.0,PASS,BUY,Doanh nghiệp đạt chuẩn chất lượng BCTC và mức giá hiện tại (MOS 75.0%) đạt/vượt Biên an toàn yêu cầu (40.0%).
MLS,NORMAL_ENTERPRISE,2016,2025,10,READY,UNKNOWN,WATCH,WATCH,UNKNOWN,WATCH,PASS,PASS,UNKNOWN,PASS,2,0,1,1,POSSIBLY_CYCLICAL,HIGH_RISK,AVERAGE_BUSINESS,READY,123020.61359723097,87.48,35.0,PASS,AVOID,Phát hiện rủi ro tài chính nghiêm trọng (UNSTABLE_EARNINGS_HISTORY).
MML,NORMAL_ENTERPRISE,2016,2025,10,READY,UNKNOWN,PASS,PASS,UNKNOWN,PASS,FAIL,WATCH,UNKNOWN,PASS,3,0,2,1,POSSIBLY_CYCLICAL,HIGH_RISK,WEAK_BUSINESS,READY,31019.042623769623,13.92,41.0,FAIL,AVOID,"Phát hiện rủi ro tài chính nghiêm trọng (WEAK_PROFITABILITY_ROE, UNSTABLE_EARNINGS_HISTORY)."
MNB,NORMAL_ENTERPRISE,2016,2025,10,READY,UNKNOWN,FAIL,FAIL,UNKNOWN,FAIL,PASS,PASS,UNKNOWN,PASS,2,0,2,0,POSSIBLY_STRUCTURAL,HIGH_RISK,DETERIORATING_BUSINESS,READY,93015.60618052685,74.2,45.0,PASS,AVOID,"Phát hiện rủi ro tài chính nghiêm trọng (PROFIT_CASH_DIVERGENCE, EXCESSIVE_DEBT_LEVERAGE)."
MND,NORMAL_ENTERPRISE,2016,2025,10,READY,UNKNOWN,PASS,PASS,UNKNOWN,PASS,FAIL,WATCH,UNKNOWN,PASS,2,0,2,0,NO_DETERIORATION,HIGH_RISK,WEAK_BUSINESS,READY,17658.461281899185,43.37,35.0,PASS,AVOID,"Phát hiện rủi ro tài chính nghiêm trọng (WEAK_PROFITABILITY_ROE, UNSTABLE_EARNINGS_HISTORY)."
MPC,NORMAL_ENTERPRISE,2016,2025,10,READY,UNKNOWN,FAIL,FAIL,UNKNOWN,WATCH,WATCH,PASS,UNKNOWN,PASS,3,0,2,1,POSSIBLY_STRUCTURAL,HIGH_RISK,DETERIORATING_BUSINESS,READY,10161.935513948605,-36.78,40.0,FAIL,AVOID,"Phát hiện rủi ro tài chính nghiêm trọng (PROFIT_CASH_DIVERGENCE, UNSTABLE_EARNINGS_HISTORY)."
MPT,NORMAL_ENTERPRISE,2016,2025,10,READY,UNKNOWN,FAIL,FAIL,UNKNOWN,PASS,FAIL,WATCH,UNKNOWN,PASS,3,0,3,0,POSSIBLY_STRUCTURAL,HIGH_RISK,DETERIORATING_BUSINESS,INCOMPLETE,,,0.0,UNKNOWN,AVOID,"Phát hiện rủi ro tài chính nghiêm trọng (PROFIT_CASH_DIVERGENCE, WEAK_PROFITABILITY_ROE, UNSTABLE_EARNINGS_HISTORY)."
MPY,NORMAL_ENTERPRISE,2016,2025,10,READY,UNKNOWN,PASS,PASS,UNKNOWN,PASS,WATCH,PASS,UNKNOWN,PASS,0,0,0,0,NO_DETERIORATION,CLEAR,AVERAGE_BUSINESS,READY,49951.85182108565,70.77,35.0,PASS,BUY,Doanh nghiệp đạt chuẩn chất lượng BCTC và mức giá hiện tại (MOS 70.8%) đạt/vượt Biên an toàn yêu cầu (35.0%).
MQB,NORMAL_ENTERPRISE,2016,2025,10,READY,UNKNOWN,WATCH,WATCH,UNKNOWN,PASS,FAIL,WATCH,UNKNOWN,PASS,2,0,1,1,POSSIBLY_CYCLICAL,HIGH_RISK,WEAK_BUSINESS,READY,10499.62562707519,51.43,50.0,PASS,AVOID,Phát hiện rủi ro tài chính nghiêm trọng (WEAK_PROFITABILITY_ROE).
MQN,NORMAL_ENTERPRISE,2016,2025,10,READY,UNKNOWN,WATCH,WATCH,UNKNOWN,WATCH,PASS,PASS,UNKNOWN,PASS,2,0,0,2,POSSIBLY_CYCLICAL,WATCH,POTENTIAL_COMPOUNDER,READY,372694.0283561811,94.66,40.0,PASS,BUY,Doanh nghiệp đạt chuẩn chất lượng BCTC và mức giá hiện tại (MOS 94.7%) đạt/vượt Biên an toàn yêu cầu (40.0%).
MSB,BANK,2011,2025,15,READY,UNKNOWN,NOT_APPLICABLE,NOT_APPLICABLE,UNKNOWN,PASS,FAIL,PASS,UNKNOWN,PASS,1,0,1,0,NO_DETERIORATION,HIGH_RISK,WEAK_BUSINESS,READY,18466.773325408212,29.874051238922988,30.0,FAIL,AVOID,Phát hiện rủi ro tài chính nghiêm trọng (WEAK_BANK_ROE).
MSH,NORMAL_ENTERPRISE,2011,2025,15,READY,UNKNOWN,PASS,PASS,UNKNOWN,PASS,PASS,PASS,UNKNOWN,PASS,0,0,0,0,NO_DETERIORATION,CLEAR,POTENTIAL_COMPOUNDER,READY,84955.25110888547,64.68729171131565,30.0,PASS,BUY,Doanh nghiệp đạt chuẩn chất lượng BCTC và mức giá hiện tại (MOS 64.7%) đạt/vượt Biên an toàn yêu cầu (30.0%).
MSN,NORMAL_ENTERPRISE,2011,2025,15,READY,UNKNOWN,WATCH,WATCH,UNKNOWN,FAIL,FAIL,PASS,UNKNOWN,WATCH,4,0,2,2,POSSIBLY_STRUCTURAL,HIGH_RISK,DETERIORATING_BUSINESS,READY,41116.0,-61.74,50.0,FAIL,AVOID,"Phát hiện rủi ro tài chính nghiêm trọng (WEAK_PROFITABILITY_ROE, EXCESSIVE_DEBT_LEVERAGE)."
MSR,NORMAL_ENTERPRISE,2013,2025,13,READY,UNKNOWN,FAIL,FAIL,UNKNOWN,WATCH,FAIL,WATCH,UNKNOWN,PASS,3,0,3,0,POSSIBLY_STRUCTURAL,HIGH_RISK,DETERIORATING_BUSINESS,READY,2311.034280664784,-1976.99,50.0,FAIL,AVOID,"Phát hiện rủi ro tài chính nghiêm trọng (PROFIT_CASH_DIVERGENCE, WEAK_PROFITABILITY_ROE, UNSTABLE_EARNINGS_HISTORY)."
MST,NORMAL_ENTERPRISE,2014,2025,12,READY,UNKNOWN,FAIL,FAIL,UNKNOWN,PASS,FAIL,PASS,UNKNOWN,PASS,2,0,2,0,POSSIBLY_STRUCTURAL,HIGH_RISK,DETERIORATING_BUSINESS,READY,40809.284347487664,76.23,45.0,PASS,AVOID,"Phát hiện rủi ro tài chính nghiêm trọng (PROFIT_CASH_DIVERGENCE, WEAK_PROFITABILITY_ROE)."
MTA,NORMAL_ENTERPRISE,2016,2025,10,READY,UNKNOWN,PASS,PASS,UNKNOWN,PASS,FAIL,PASS,UNKNOWN,PASS,2,0,2,0,NO_DETERIORATION,HIGH_RISK,WEAK_BUSINESS,READY,33873.451614324316,71.36,35.0,PASS,AVOID,"Phát hiện rủi ro tài chính nghiêm trọng (WEAK_PROFITABILITY_ROE, UNSTABLE_EARNINGS_HISTORY)."
MTB,NORMAL_ENTERPRISE,2019,2025,7,READY,UNKNOWN,FAIL,FAIL,UNKNOWN,PASS,FAIL,WATCH,UNKNOWN,PASS,2,0,2,0,POSSIBLY_STRUCTURAL,HIGH_RISK,DETERIORATING_BUSINESS,READY,8221.929062471578,-19.19,43.0,FAIL,AVOID,"Phát hiện rủi ro tài chính nghiêm trọng (PROFIT_CASH_DIVERGENCE, WEAK_PROFITABILITY_ROE)."
MTG,NORMAL_ENTERPRISE,2016,2025,9,READY,UNKNOWN,FAIL,FAIL,UNKNOWN,PASS,FAIL,WATCH,UNKNOWN,PASS,3,0,3,0,POSSIBLY_STRUCTURAL,HIGH_RISK,DETERIORATING_BUSINESS,READY,7945.235918022022,-25.86,40.0,FAIL,AVOID,"Phát hiện rủi ro tài chính nghiêm trọng (PROFIT_CASH_DIVERGENCE, WEAK_PROFITABILITY_ROE, UNSTABLE_EARNINGS_HISTORY)."
MTH,NORMAL_ENTERPRISE,2016,2025,10,READY,UNKNOWN,FAIL,FAIL,UNKNOWN,PASS,FAIL,WATCH,UNKNOWN,PASS,2,0,2,0,POSSIBLY_STRUCTURAL,HIGH_RISK,DETERIORATING_BUSINESS,READY,149746.54353909465,83.31,35.0,PASS,AVOID,"Phát hiện rủi ro tài chính nghiêm trọng (PROFIT_CASH_DIVERGENCE, WEAK_PROFITABILITY_ROE)."
MTL,NORMAL_ENTERPRISE,2016,2025,10,READY,UNKNOWN,FAIL,FAIL,UNKNOWN,PASS,FAIL,WATCH,UNKNOWN,PASS,3,0,3,0,POSSIBLY_STRUCTURAL,HIGH_RISK,DETERIORATING_BUSINESS,READY,1079.1281894493945,-307.74,35.0,FAIL,AVOID,"Phát hiện rủi ro tài chính nghiêm trọng (PROFIT_CASH_DIVERGENCE, WEAK_PROFITABILITY_ROE, UNSTABLE_EARNINGS_HISTORY)."
MTP,NORMAL_ENTERPRISE,2016,2025,10,READY,UNKNOWN,FAIL,FAIL,UNKNOWN,FAIL,WATCH,PASS,UNKNOWN,PASS,3,0,2,1,POSSIBLY_STRUCTURAL,HIGH_RISK,DETERIORATING_BUSINESS,READY,124567.86490119973,86.11,41.0,PASS,AVOID,"Phát hiện rủi ro tài chính nghiêm trọng (PROFIT_CASH_DIVERGENCE, EXCESSIVE_DEBT_LEVERAGE)."
MTS,NORMAL_ENTERPRISE,2016,2025,10,READY,UNKNOWN,FAIL,FAIL,UNKNOWN,FAIL,FAIL,WATCH,UNKNOWN,PASS,3,0,3,0,POSSIBLY_STRUCTURAL,HIGH_RISK,DETERIORATING_BUSINESS,READY,13080.938774065546,33.49,35.0,FAIL,AVOID,"Phát hiện rủi ro tài chính nghiêm trọng (PROFIT_CASH_DIVERGENCE, WEAK_PROFITABILITY_ROE, EXCESSIVE_DEBT_LEVERAGE)."
MTV,NORMAL_ENTERPRISE,2016,2025,9,READY,UNKNOWN,WATCH,WATCH,UNKNOWN,PASS,WATCH,WATCH,UNKNOWN,PASS,1,0,0,1,POSSIBLY_CYCLICAL,WATCH,AVERAGE_BUSINESS,READY,15012.638648393224,10.08,40.0,FAIL,WAIT_FOR_MOS,Doanh nghiệp có chất lượng tốt (AVERAGE_BUSINESS) nhưng mức giá hiện tại (MOS 10.1%) chưa đạt Biên an toàn yêu cầu (40.0%).
MVB,NORMAL_ENTERPRISE,2016,2025,10,READY,UNKNOWN,PASS,PASS,UNKNOWN,PASS,WATCH,PASS,UNKNOWN,PASS,0,0,0,0,NO_DETERIORATION,CLEAR,AVERAGE_BUSINESS,READY,46641.919032956954,69.98,50.0,PASS,BUY,Doanh nghiệp đạt chuẩn chất lượng BCTC và mức giá hiện tại (MOS 70.0%) đạt/vượt Biên an toàn yêu cầu (50.0%).
MVC,NORMAL_ENTERPRISE,2016,2025,10,READY,UNKNOWN,FAIL,FAIL,UNKNOWN,PASS,FAIL,PASS,UNKNOWN,PASS,2,0,2,0,POSSIBLY_STRUCTURAL,HIGH_RISK,DETERIORATING_BUSINESS,READY,49458.59080409847,75.94,40.0,PASS,AVOID,"Phát hiện rủi ro tài chính nghiêm trọng (PROFIT_CASH_DIVERGENCE, WEAK_PROFITABILITY_ROE)."
MVN,NORMAL_ENTERPRISE,2014,2025,12,READY,UNKNOWN,PASS,PASS,UNKNOWN,PASS,FAIL,WATCH,UNKNOWN,PASS,1,0,1,0,NO_DETERIORATION,HIGH_RISK,WEAK_BUSINESS,READY,10499.849388382776,-500.01,40.0,FAIL,AVOID,Phát hiện rủi ro tài chính nghiêm trọng (WEAK_PROFITABILITY_ROE).
MWG,NORMAL_ENTERPRISE,2011,2025,15,READY,UNKNOWN,PASS,PASS,UNKNOWN,WATCH,PASS,PASS,UNKNOWN,PASS,0,0,0,0,NO_DETERIORATION,CLEAR,POTENTIAL_COMPOUNDER,READY,70745.34297602678,-0.7840191320595832,36.0,FAIL,WAIT_FOR_MOS,Doanh nghiệp có chất lượng tốt (POTENTIAL_COMPOUNDER) nhưng mức giá hiện tại (MOS -0.8%) chưa đạt Biên an toàn yêu cầu (36.0%).
MZG,NORMAL_ENTERPRISE,2022,2025,4,PARTIAL,UNKNOWN,FAIL,FAIL,UNKNOWN,FAIL,FAIL,PASS,UNKNOWN,PASS,4,0,3,1,POSSIBLY_STRUCTURAL,HIGH_RISK,DETERIORATING_BUSINESS,READY,10739.591221966251,-15.46,45.0,FAIL,AVOID,"Phát hiện rủi ro tài chính nghiêm trọng (PROFIT_CASH_DIVERGENCE, WEAK_PROFITABILITY_ROE, EXCESSIVE_DEBT_LEVERAGE)."
NAB,BANK,2011,2025,15,READY,UNKNOWN,NOT_APPLICABLE,NOT_APPLICABLE,UNKNOWN,WATCH,WATCH,PASS,UNKNOWN,PASS,1,0,0,1,POSSIBLY_CYCLICAL,WATCH,AVERAGE_BUSINESS,READY,21616.75650670095,48.18834177769395,35.0,PASS,BUY,Doanh nghiệp đạt chuẩn chất lượng BCTC và mức giá hiện tại (MOS 48.2%) đạt/vượt Biên an toàn yêu cầu (35.0%).
NAC,NORMAL_ENTERPRISE,2016,2025,10,READY,UNKNOWN,PASS,PASS,UNKNOWN,FAIL,PASS,WATCH,UNKNOWN,PASS,1,0,1,0,POSSIBLY_STRUCTURAL,HIGH_RISK,DETERIORATING_BUSINESS,READY,138745.05292920786,99.06,38.0,PASS,AVOID,Phát hiện rủi ro tài chính nghiêm trọng (EXCESSIVE_DEBT_LEVERAGE).
NAF,NORMAL_ENTERPRISE,2012,2025,14,READY,UNKNOWN,FAIL,FAIL,UNKNOWN,FAIL,WATCH,WATCH,UNKNOWN,PASS,3,0,2,1,POSSIBLY_STRUCTURAL,HIGH_RISK,DETERIORATING_BUSINESS,READY,21318.664041423363,-125.1548216470474,35.0,FAIL,AVOID,"Phát hiện rủi ro tài chính nghiêm trọng (PROFIT_CASH_DIVERGENCE, EXCESSIVE_DEBT_LEVERAGE)."
NAG,NORMAL_ENTERPRISE,2011,2025,15,READY,UNKNOWN,FAIL,FAIL,UNKNOWN,FAIL,FAIL,WATCH,UNKNOWN,PASS,4,0,4,0,POSSIBLY_STRUCTURAL,HIGH_RISK,DETERIORATING_BUSINESS,READY,7955.341732609673,18.29,40.0,FAIL,AVOID,"Phát hiện rủi ro tài chính nghiêm trọng (PROFIT_CASH_DIVERGENCE, WEAK_PROFITABILITY_ROE, UNSTABLE_EARNINGS_HISTORY, EXCESSIVE_DEBT_LEVERAGE)."
NAP,NORMAL_ENTERPRISE,2016,2025,10,READY,UNKNOWN,PASS,PASS,UNKNOWN,PASS,FAIL,WATCH,UNKNOWN,PASS,1,0,1,0,NO_DETERIORATION,HIGH_RISK,WEAK_BUSINESS,READY,16392.15134240878,32.28466619093033,30.0,PASS,AVOID,Phát hiện rủi ro tài chính nghiêm trọng (WEAK_PROFITABILITY_ROE).
NAS,NORMAL_ENTERPRISE,2016,2025,10,READY,UNKNOWN,FAIL,FAIL,UNKNOWN,FAIL,PASS,WATCH,UNKNOWN,PASS,3,0,3,0,POSSIBLY_STRUCTURAL,HIGH_RISK,DETERIORATING_BUSINESS,READY,22622.687345083694,-33.94,50.0,FAIL,AVOID,"Phát hiện rủi ro tài chính nghiêm trọng (PROFIT_CASH_DIVERGENCE, UNSTABLE_EARNINGS_HISTORY, EXCESSIVE_DEBT_LEVERAGE)."
NAU,NORMAL_ENTERPRISE,2016,2025,9,READY,UNKNOWN,PASS,PASS,UNKNOWN,PASS,FAIL,WATCH,UNKNOWN,PASS,1,0,1,0,NO_DETERIORATION,HIGH_RISK,WEAK_BUSINESS,READY,6999.750418050126,28.57,45.0,FAIL,AVOID,Phát hiện rủi ro tài chính nghiêm trọng (WEAK_PROFITABILITY_ROE).
NAV,NORMAL_ENTERPRISE,2016,2025,10,READY,UNKNOWN,FAIL,FAIL,UNKNOWN,PASS,PASS,WATCH,UNKNOWN,PASS,1,0,1,0,POSSIBLY_STRUCTURAL,HIGH_RISK,DETERIORATING_BUSINESS,READY,37229.92253600411,62.93304132810276,45.0,PASS,AVOID,Phát hiện rủi ro tài chính nghiêm trọng (PROFIT_CASH_DIVERGENCE).
NAW,NORMAL_ENTERPRISE,2016,2025,10,READY,UNKNOWN,PASS,PASS,UNKNOWN,WATCH,FAIL,PASS,UNKNOWN,PASS,2,0,2,0,NO_DETERIORATION,HIGH_RISK,WEAK_BUSINESS,READY,45011.76405189988,80.45,35.0,PASS,AVOID,"Phát hiện rủi ro tài chính nghiêm trọng (WEAK_PROFITABILITY_ROE, UNSTABLE_EARNINGS_HISTORY)."
NBB,NORMAL_ENTERPRISE,2011,2025,15,READY,UNKNOWN,FAIL,FAIL,UNKNOWN,FAIL,FAIL,WATCH,UNKNOWN,PASS,4,0,4,0,STRUCTURAL,HIGH_RISK,DETERIORATING_BUSINESS,READY,8334.806334746936,-98.56,50.0,FAIL,AVOID,"Phát hiện rủi ro tài chính nghiêm trọng (PROFIT_CASH_DIVERGENCE, INVENTORY_BUILDUP, WEAK_PROFITABILITY_ROE, EXCESSIVE_DEBT_LEVERAGE)."
NBC,NORMAL_ENTERPRISE,2011,2025,15,READY,UNKNOWN,FAIL,FAIL,UNKNOWN,FAIL,WATCH,WATCH,UNKNOWN,PASS,2,0,2,0,POSSIBLY_STRUCTURAL,HIGH_RISK,DETERIORATING_BUSINESS,READY,59434.88867339863,87.38,50.0,PASS,AVOID,"Phát hiện rủi ro tài chính nghiêm trọng (PROFIT_CASH_DIVERGENCE, EXCESSIVE_DEBT_LEVERAGE)."
NBE,NORMAL_ENTERPRISE,2016,2025,9,READY,UNKNOWN,FAIL,FAIL,UNKNOWN,WATCH,WATCH,WATCH,UNKNOWN,PASS,1,0,1,0,POSSIBLY_STRUCTURAL,HIGH_RISK,DETERIORATING_BUSINESS,READY,12949.538273392734,34.36,40.0,FAIL,AVOID,Phát hiện rủi ro tài chính nghiêm trọng (PROFIT_CASH_DIVERGENCE).
NBP,NORMAL_ENTERPRISE,2016,2025,10,READY,UNKNOWN,FAIL,FAIL,UNKNOWN,PASS,FAIL,WATCH,UNKNOWN,PASS,2,0,2,0,POSSIBLY_STRUCTURAL,HIGH_RISK,DETERIORATING_BUSINESS,READY,5166.390891052823,-45.17,35.0,FAIL,AVOID,"Phát hiện rủi ro tài chính nghiêm trọng (PROFIT_CASH_DIVERGENCE, WEAK_PROFITABILITY_ROE)."
NBT,NORMAL_ENTERPRISE,2016,2025,10,READY,UNKNOWN,PASS,PASS,UNKNOWN,PASS,WATCH,PASS,UNKNOWN,PASS,0,0,0,0,NO_DETERIORATION,CLEAR,AVERAGE_BUSINESS,READY,41505.23212351379,66.27,35.0,PASS,BUY,Doanh nghiệp đạt chuẩn chất lượng BCTC và mức giá hiện tại (MOS 66.3%) đạt/vượt Biên an toàn yêu cầu (35.0%).
NBW,NORMAL_ENTERPRISE,2016,2025,10,READY,UNKNOWN,PASS,PASS,UNKNOWN,WATCH,WATCH,PASS,UNKNOWN,PASS,0,0,0,0,NO_DETERIORATION,CLEAR,AVERAGE_BUSINESS,READY,4995.742472125806,-480.49429412761185,30.0,FAIL,WAIT_FOR_MOS,Doanh nghiệp có chất lượng tốt (AVERAGE_BUSINESS) nhưng mức giá hiện tại (MOS -480.5%) chưa đạt Biên an toàn yêu cầu (30.0%).
NCG,NORMAL_ENTERPRISE,2021,2025,5,READY,UNKNOWN,FAIL,FAIL,UNKNOWN,WATCH,FAIL,WATCH,UNKNOWN,PASS,2,0,2,0,POSSIBLY_STRUCTURAL,HIGH_RISK,DETERIORATING_BUSINESS,READY,58657.02383537644,81.25,46.0,PASS,AVOID,"Phát hiện rủi ro tài chính nghiêm trọng (PROFIT_CASH_DIVERGENCE, WEAK_PROFITABILITY_ROE)."
NCS,NORMAL_ENTERPRISE,2016,2025,10,READY,UNKNOWN,PASS,PASS,UNKNOWN,WATCH,PASS,WATCH,UNKNOWN,PASS,1,0,1,0,NO_DETERIORATION,HIGH_RISK,AVERAGE_BUSINESS,READY,110444.67710708696,69.49,38.0,PASS,AVOID,Phát hiện rủi ro tài chính nghiêm trọng (UNSTABLE_EARNINGS_HISTORY).
NCT,NORMAL_ENTERPRISE,2011,2025,15,READY,UNKNOWN,PASS,PASS,UNKNOWN,PASS,PASS,PASS,UNKNOWN,PASS,0,0,0,0,NO_DETERIORATION,CLEAR,AVERAGE_BUSINESS,READY,199340.74893588282,57.861099424775276,25.0,PASS,BUY,Doanh nghiệp đạt chuẩn chất lượng BCTC và mức giá hiện tại (MOS 57.9%) đạt/vượt Biên an toàn yêu cầu (25.0%).
ND2,NORMAL_ENTERPRISE,2016,2025,10,READY,UNKNOWN,PASS,PASS,UNKNOWN,PASS,FAIL,PASS,UNKNOWN,PASS,1,0,1,0,NO_DETERIORATION,HIGH_RISK,WEAK_BUSINESS,READY,36564.755533034695,10.3,41.0,FAIL,AVOID,Phát hiện rủi ro tài chính nghiêm trọng (WEAK_PROFITABILITY_ROE).
NDC,NORMAL_ENTERPRISE,2016,2025,10,READY,UNKNOWN,PASS,PASS,UNKNOWN,PASS,PASS,PASS,UNKNOWN,PASS,0,0,0,0,NO_DETERIORATION,CLEAR,COMPOUNDER,READY,275363.2315857403,48.25,35.0,PASS,BUY,Doanh nghiệp đạt chuẩn chất lượng BCTC và mức giá hiện tại (MOS 48.2%) đạt/vượt Biên an toàn yêu cầu (35.0%).
NDF,NORMAL_ENTERPRISE,2016,2017,2,INSUFFICIENT,UNKNOWN,FAIL,FAIL,UNKNOWN,PASS,WATCH,WATCH,UNKNOWN,PASS,2,0,2,0,POSSIBLY_STRUCTURAL,HIGH_RISK,INSUFFICIENT_DATA,READY,10533.013729505521,91.46,35.0,PASS,AVOID,"Phát hiện rủi ro tài chính nghiêm trọng (PROFIT_CASH_DIVERGENCE, UNSTABLE_EARNINGS_HISTORY)."
NDN,NORMAL_ENTERPRISE,2011,2025,15,READY,UNKNOWN,FAIL,FAIL,UNKNOWN,PASS,WATCH,PASS,UNKNOWN,PASS,1,0,1,0,POSSIBLY_STRUCTURAL,HIGH_RISK,DETERIORATING_BUSINESS,READY,10294.612016504683,17.43,50.0,FAIL,AVOID,Phát hiện rủi ro tài chính nghiêm trọng (PROFIT_CASH_DIVERGENCE).
NDP,NORMAL_ENTERPRISE,2016,2025,10,READY,UNKNOWN,WATCH,WATCH,UNKNOWN,PASS,FAIL,WATCH,UNKNOWN,PASS,3,0,1,2,POSSIBLY_CYCLICAL,HIGH_RISK,WEAK_BUSINESS,READY,2333.250139350042,-748.6,46.0,FAIL,AVOID,Phát hiện rủi ro tài chính nghiêm trọng (WEAK_PROFITABILITY_ROE).
NDT,NORMAL_ENTERPRISE,2016,2025,10,READY,UNKNOWN,FAIL,FAIL,UNKNOWN,FAIL,FAIL,WATCH,UNKNOWN,PASS,4,0,4,0,POSSIBLY_STRUCTURAL,HIGH_RISK,DETERIORATING_BUSINESS,READY,84670.05794141404,94.57,50.0,PASS,AVOID,"Phát hiện rủi ro tài chính nghiêm trọng (PROFIT_CASH_DIVERGENCE, WEAK_PROFITABILITY_ROE, UNSTABLE_EARNINGS_HISTORY, EXCESSIVE_DEBT_LEVERAGE)."
NDW,NORMAL_ENTERPRISE,2016,2025,9,READY,UNKNOWN,PASS,PASS,UNKNOWN,PASS,FAIL,PASS,UNKNOWN,PASS,1,0,1,0,NO_DETERIORATION,HIGH_RISK,WEAK_BUSINESS,READY,18876.87794955209,-2.77,40.0,FAIL,AVOID,Phát hiện rủi ro tài chính nghiêm trọng (WEAK_PROFITABILITY_ROE).
NDX,NORMAL_ENTERPRISE,2016,2025,10,READY,UNKNOWN,FAIL,FAIL,UNKNOWN,PASS,FAIL,WATCH,UNKNOWN,PASS,3,0,2,1,POSSIBLY_STRUCTURAL,HIGH_RISK,DETERIORATING_BUSINESS,READY,1294.9538273392734,-363.34,50.0,FAIL,AVOID,"Phát hiện rủi ro tài chính nghiêm trọng (PROFIT_CASH_DIVERGENCE, WEAK_PROFITABILITY_ROE)."
NED,NORMAL_ENTERPRISE,2016,2025,10,READY,UNKNOWN,PASS,PASS,UNKNOWN,PASS,FAIL,WATCH,UNKNOWN,PASS,1,0,1,0,NO_DETERIORATION,HIGH_RISK,WEAK_BUSINESS,READY,12358.755974861971,54.69,43.0,PASS,AVOID,Phát hiện rủi ro tài chính nghiêm trọng (WEAK_PROFITABILITY_ROE).
NET,NORMAL_ENTERPRISE,2016,2025,10,READY,UNKNOWN,PASS,PASS,UNKNOWN,WATCH,PASS,PASS,UNKNOWN,PASS,0,0,0,0,NO_DETERIORATION,CLEAR,AVERAGE_BUSINESS,READY,110171.97452330621,45.539688963904915,50.0,FAIL,WAIT_FOR_MOS,Doanh nghiệp có chất lượng tốt (AVERAGE_BUSINESS) nhưng mức giá hiện tại (MOS 45.5%) chưa đạt Biên an toàn yêu cầu (50.0%).
NFC,NORMAL_ENTERPRISE,2016,2025,10,READY,UNKNOWN,WATCH,WATCH,UNKNOWN,PASS,WATCH,PASS,UNKNOWN,PASS,1,0,0,1,POSSIBLY_CYCLICAL,WATCH,AVERAGE_BUSINESS,READY,50003.6789884783,-3.992348266977895,50.0,FAIL,WAIT_FOR_MOS,Doanh nghiệp có chất lượng tốt (AVERAGE_BUSINESS) nhưng mức giá hiện tại (MOS -4.0%) chưa đạt Biên an toàn yêu cầu (50.0%).
NGC,NORMAL_ENTERPRISE,2016,2022,7,READY,UNKNOWN,FAIL,FAIL,UNKNOWN,PASS,FAIL,WATCH,UNKNOWN,PASS,3,0,3,0,POSSIBLY_STRUCTURAL,HIGH_RISK,DETERIORATING_BUSINESS,READY,182194.75253533162,99.34,50.0,PASS,AVOID,"Phát hiện rủi ro tài chính nghiêm trọng (PROFIT_CASH_DIVERGENCE, WEAK_PROFITABILITY_ROE, UNSTABLE_EARNINGS_HISTORY)."
NHA,NORMAL_ENTERPRISE,2011,2025,15,READY,UNKNOWN,PASS,PASS,UNKNOWN,PASS,WATCH,PASS,UNKNOWN,PASS,1,0,0,1,POSSIBLY_CYCLICAL,WATCH,AVERAGE_BUSINESS,READY,8753.605892994463,17.63,50.0,FAIL,WAIT_FOR_MOS,Doanh nghiệp có chất lượng tốt (AVERAGE_BUSINESS) nhưng mức giá hiện tại (MOS 17.6%) chưa đạt Biên an toàn yêu cầu (50.0%).
NHC,NORMAL_ENTERPRISE,2016,2025,10,READY,UNKNOWN,PASS,PASS,UNKNOWN,PASS,PASS,WATCH,UNKNOWN,PASS,0,0,0,0,NO_DETERIORATION,CLEAR,AVERAGE_BUSINESS,READY,26258.7859432686,23.454191509746455,50.0,FAIL,WAIT_FOR_MOS,Doanh nghiệp có chất lượng tốt (AVERAGE_BUSINESS) nhưng mức giá hiện tại (MOS 23.5%) chưa đạt Biên an toàn yêu cầu (50.0%).
NHH,NORMAL_ENTERPRISE,2015,2025,11,READY,UNKNOWN,PASS,PASS,UNKNOWN,PASS,WATCH,WATCH,UNKNOWN,PASS,0,0,0,0,NO_DETERIORATION,CLEAR,AVERAGE_BUSINESS,READY,11240.699050562709,13.26,40.0,FAIL,WAIT_FOR_MOS,Doanh nghiệp có chất lượng tốt (AVERAGE_BUSINESS) nhưng mức giá hiện tại (MOS 13.3%) chưa đạt Biên an toàn yêu cầu (40.0%).
NHT,NORMAL_ENTERPRISE,2016,2025,10,READY,UNKNOWN,PASS,PASS,UNKNOWN,PASS,PASS,PASS,UNKNOWN,PASS,1,0,0,1,POSSIBLY_CYCLICAL,WATCH,POTENTIAL_COMPOUNDER,READY,36150.794346554714,69.02,40.0,PASS,BUY,Doanh nghiệp đạt chuẩn chất lượng BCTC và mức giá hiện tại (MOS 69.0%) đạt/vượt Biên an toàn yêu cầu (40.0%).
NHV,NORMAL_ENTERPRISE,2016,2025,10,READY,UNKNOWN,PASS,PASS,UNKNOWN,PASS,FAIL,WATCH,UNKNOWN,PASS,2,0,2,0,NO_DETERIORATION,HIGH_RISK,WEAK_BUSINESS,INCOMPLETE,,,0.0,UNKNOWN,AVOID,"Phát hiện rủi ro tài chính nghiêm trọng (WEAK_PROFITABILITY_ROE, UNSTABLE_EARNINGS_HISTORY)."
NJC,NORMAL_ENTERPRISE,2017,2025,8,READY,UNKNOWN,FAIL,FAIL,UNKNOWN,FAIL,PASS,PASS,UNKNOWN,PASS,3,0,2,1,POSSIBLY_STRUCTURAL,HIGH_RISK,DETERIORATING_BUSINESS,READY,26851.346877554606,57.92,40.0,PASS,AVOID,"Phát hiện rủi ro tài chính nghiêm trọng (PROFIT_CASH_DIVERGENCE, EXCESSIVE_DEBT_LEVERAGE)."
NKG,NORMAL_ENTERPRISE,2011,2025,15,READY,UNKNOWN,FAIL,FAIL,UNKNOWN,WATCH,FAIL,PASS,UNKNOWN,PASS,3,0,3,0,POSSIBLY_STRUCTURAL,HIGH_RISK,DETERIORATING_BUSINESS,READY,12021.432736141847,15.15,50.0,FAIL,AVOID,"Phát hiện rủi ro tài chính nghiêm trọng (PROFIT_CASH_DIVERGENCE, WEAK_PROFITABILITY_ROE, UNSTABLE_EARNINGS_HISTORY)."
NLG,NORMAL_ENTERPRISE,2011,2025,15,READY,UNKNOWN,FAIL,FAIL,UNKNOWN,PASS,FAIL,PASS,UNKNOWN,WATCH,3,0,2,1,POSSIBLY_STRUCTURAL,HIGH_RISK,DETERIORATING_BUSINESS,READY,14089.638489267203,-75.31,50.0,FAIL,AVOID,"Phát hiện rủi ro tài chính nghiêm trọng (PROFIT_CASH_DIVERGENCE, WEAK_PROFITABILITY_ROE)."
NLS,NORMAL_ENTERPRISE,2016,2025,10,READY,UNKNOWN,WATCH,WATCH,UNKNOWN,WATCH,WATCH,PASS,UNKNOWN,PASS,1,0,0,1,POSSIBLY_CYCLICAL,WATCH,AVERAGE_BUSINESS,READY,28393.790276588268,80.63,38.0,PASS,BUY,Doanh nghiệp đạt chuẩn chất lượng BCTC và mức giá hiện tại (MOS 80.6%) đạt/vượt Biên an toàn yêu cầu (38.0%).
NNC,NORMAL_ENTERPRISE,2011,2025,15,READY,UNKNOWN,PASS,PASS,UNKNOWN,PASS,PASS,WATCH,UNKNOWN,PASS,0,0,0,0,NO_DETERIORATION,CLEAR,AVERAGE_BUSINESS,READY,137944.48379274659,72.31,45.0,PASS,BUY,Doanh nghiệp đạt chuẩn chất lượng BCTC và mức giá hiện tại (MOS 72.3%) đạt/vượt Biên an toàn yêu cầu (45.0%).
NNT,NORMAL_ENTERPRISE,2016,2025,10,READY,UNKNOWN,PASS,PASS,UNKNOWN,WATCH,PASS,PASS,UNKNOWN,PASS,0,0,0,0,NO_DETERIORATION,CLEAR,COMPOUNDER,READY,67870.10134407337,10.12,41.0,FAIL,WAIT_FOR_MOS,Doanh nghiệp có chất lượng tốt (COMPOUNDER) nhưng mức giá hiện tại (MOS 10.1%) chưa đạt Biên an toàn yêu cầu (41.0%).
NO1,NORMAL_ENTERPRISE,2021,2025,5,READY,UNKNOWN,FAIL,FAIL,UNKNOWN,FAIL,FAIL,WATCH,UNKNOWN,PASS,4,0,4,0,POSSIBLY_STRUCTURAL,HIGH_RISK,DETERIORATING_BUSINESS,INCOMPLETE,,,0.0,UNKNOWN,AVOID,"Phát hiện rủi ro tài chính nghiêm trọng (PROFIT_CASH_DIVERGENCE, WEAK_PROFITABILITY_ROE, UNSTABLE_EARNINGS_HISTORY, EXCESSIVE_DEBT_LEVERAGE)."
NOS,NORMAL_ENTERPRISE,2016,2025,10,READY,UNKNOWN,UNKNOWN,UNKNOWN,UNKNOWN,PASS,PASS,WATCH,UNKNOWN,PASS,1,0,1,0,NO_DETERIORATION,HIGH_RISK,WEAK_BUSINESS,READY,16499.833054073137,96.36,45.0,PASS,AVOID,Phát hiện rủi ro tài chính nghiêm trọng (UNSTABLE_EARNINGS_HISTORY).
NQB,NORMAL_ENTERPRISE,2016,2025,10,READY,UNKNOWN,PASS,PASS,UNKNOWN,PASS,FAIL,PASS,UNKNOWN,PASS,1,0,1,0,NO_DETERIORATION,HIGH_RISK,WEAK_BUSINESS,READY,34749.00147476983,78.13,35.0,PASS,AVOID,Phát hiện rủi ro tài chính nghiêm trọng (WEAK_PROFITABILITY_ROE).
NQN,NORMAL_ENTERPRISE,2016,2025,10,READY,UNKNOWN,PASS,PASS,UNKNOWN,WATCH,FAIL,PASS,UNKNOWN,PASS,1,0,1,0,NO_DETERIORATION,HIGH_RISK,WEAK_BUSINESS,READY,105913.7010234331,89.8,35.0,PASS,AVOID,Phát hiện rủi ro tài chính nghiêm trọng (WEAK_PROFITABILITY_ROE).
NRC,NORMAL_ENTERPRISE,2016,2025,10,READY,UNKNOWN,FAIL,FAIL,UNKNOWN,PASS,WATCH,PASS,UNKNOWN,PASS,3,0,2,1,POSSIBLY_STRUCTURAL,HIGH_RISK,DETERIORATING_BUSINESS,READY,11746.8813711122,60.84,50.0,PASS,AVOID,"Phát hiện rủi ro tài chính nghiêm trọng (PROFIT_CASH_DIVERGENCE, UNSTABLE_EARNINGS_HISTORY)."
NSC,NORMAL_ENTERPRISE,2016,2025,10,READY,UNKNOWN,PASS,PASS,UNKNOWN,PASS,PASS,WATCH,UNKNOWN,PASS,0,0,0,0,NO_DETERIORATION,CLEAR,AVERAGE_BUSINESS,READY,99328.8447106829,35.06,50.0,FAIL,WAIT_FOR_MOS,Doanh nghiệp có chất lượng tốt (AVERAGE_BUSINESS) nhưng mức giá hiện tại (MOS 35.1%) chưa đạt Biên an toàn yêu cầu (50.0%).
NSG,NORMAL_ENTERPRISE,2016,2025,10,READY,UNKNOWN,PASS,PASS,UNKNOWN,PASS,FAIL,WATCH,UNKNOWN,PASS,2,0,2,0,NO_DETERIORATION,HIGH_RISK,WEAK_BUSINESS,INCOMPLETE,,,0.0,UNKNOWN,AVOID,"Phát hiện rủi ro tài chính nghiêm trọng (WEAK_PROFITABILITY_ROE, UNSTABLE_EARNINGS_HISTORY)."
NSH,NORMAL_ENTERPRISE,2015,2025,11,READY,UNKNOWN,FAIL,FAIL,UNKNOWN,FAIL,FAIL,WATCH,UNKNOWN,PASS,3,0,3,0,POSSIBLY_STRUCTURAL,HIGH_RISK,DETERIORATING_BUSINESS,READY,4251.7954648079185,1.22,50.0,FAIL,AVOID,"Phát hiện rủi ro tài chính nghiêm trọng (PROFIT_CASH_DIVERGENCE, WEAK_PROFITABILITY_ROE, EXCESSIVE_DEBT_LEVERAGE)."
NSL,NORMAL_ENTERPRISE,2017,2025,9,READY,UNKNOWN,PASS,PASS,UNKNOWN,PASS,PASS,WATCH,UNKNOWN,PASS,1,0,0,1,POSSIBLY_CYCLICAL,WATCH,AVERAGE_BUSINESS,READY,2071.9261237428373,-648.1,43.0,FAIL,WAIT_FOR_MOS,Doanh nghiệp có chất lượng tốt (AVERAGE_BUSINESS) nhưng mức giá hiện tại (MOS -648.1%) chưa đạt Biên an toàn yêu cầu (43.0%).
NSS,NORMAL_ENTERPRISE,2016,2025,9,READY,UNKNOWN,PASS,PASS,UNKNOWN,PASS,FAIL,WATCH,UNKNOWN,PASS,1,0,1,0,NO_DETERIORATION,HIGH_RISK,WEAK_BUSINESS,READY,4400.328539502385,15.92,40.0,FAIL,AVOID,Phát hiện rủi ro tài chính nghiêm trọng (WEAK_PROFITABILITY_ROE).
NST,NORMAL_ENTERPRISE,2016,2025,10,READY,UNKNOWN,FAIL,FAIL,UNKNOWN,WATCH,FAIL,PASS,UNKNOWN,PASS,2,0,2,0,POSSIBLY_STRUCTURAL,HIGH_RISK,DETERIORATING_BUSINESS,READY,28643.97150816514,57.41,40.0,PASS,AVOID,"Phát hiện rủi ro tài chính nghiêm trọng (PROFIT_CASH_DIVERGENCE, WEAK_PROFITABILITY_ROE)."
NT2,NORMAL_ENTERPRISE,2011,2025,15,READY,UNKNOWN,WATCH,WATCH,UNKNOWN,PASS,PASS,PASS,UNKNOWN,PASS,1,0,0,1,POSSIBLY_CYCLICAL,WATCH,POTENTIAL_COMPOUNDER,READY,20557.654838603532,0.2804543565702237,30.0,FAIL,WAIT_FOR_MOS,Doanh nghiệp có chất lượng tốt (POTENTIAL_COMPOUNDER) nhưng mức giá hiện tại (MOS 0.3%) chưa đạt Biên an toàn yêu cầu (30.0%).
NTC,NORMAL_ENTERPRISE,2016,2025,10,READY,UNKNOWN,PASS,PASS,UNKNOWN,FAIL,PASS,PASS,UNKNOWN,PASS,1,0,1,0,POSSIBLY_STRUCTURAL,HIGH_RISK,DETERIORATING_BUSINESS,INCOMPLETE,-17756.42120499091,,0.0,UNKNOWN,AVOID,Phát hiện rủi ro tài chính nghiêm trọng (EXCESSIVE_DEBT_LEVERAGE).
NTH,NORMAL_ENTERPRISE,2017,2025,9,READY,UNKNOWN,PASS,PASS,UNKNOWN,PASS,PASS,WATCH,UNKNOWN,PASS,0,0,0,0,NO_DETERIORATION,CLEAR,AVERAGE_BUSINESS,READY,56186.51590598936,11.010677217182447,25.0,FAIL,WAIT_FOR_MOS,Doanh nghiệp có chất lượng tốt (AVERAGE_BUSINESS) nhưng mức giá hiện tại (MOS 11.0%) chưa đạt Biên an toàn yêu cầu (25.0%).
NTL,NORMAL_ENTERPRISE,2011,2025,15,READY,UNKNOWN,FAIL,FAIL,UNKNOWN,PASS,WATCH,WATCH,UNKNOWN,PASS,2,0,2,0,POSSIBLY_STRUCTURAL,HIGH_RISK,DETERIORATING_BUSINESS,READY,14194.407501932394,10.18,50.0,FAIL,AVOID,"Phát hiện rủi ro tài chính nghiêm trọng (PROFIT_CASH_DIVERGENCE, INVENTORY_BUILDUP)."
NTP,NORMAL_ENTERPRISE,2011,2025,15,READY,UNKNOWN,PASS,PASS,UNKNOWN,PASS,PASS,PASS,UNKNOWN,PASS,0,0,0,0,NO_DETERIORATION,CLEAR,AVERAGE_BUSINESS,READY,29067.168670988805,-85.4325772492462,50.0,FAIL,WAIT_FOR_MOS,Doanh nghiệp có chất lượng tốt (AVERAGE_BUSINESS) nhưng mức giá hiện tại (MOS -85.4%) chưa đạt Biên an toàn yêu cầu (50.0%).
NTT,NORMAL_ENTERPRISE,2016,2025,10,READY,UNKNOWN,FAIL,FAIL,UNKNOWN,FAIL,FAIL,PASS,UNKNOWN,PASS,4,0,4,0,POSSIBLY_STRUCTURAL,HIGH_RISK,DETERIORATING_BUSINESS,READY,16855.917381881376,44.23,40.0,PASS,AVOID,"Phát hiện rủi ro tài chính nghiêm trọng (PROFIT_CASH_DIVERGENCE, WEAK_PROFITABILITY_ROE, UNSTABLE_EARNINGS_HISTORY, EXCESSIVE_DEBT_LEVERAGE)."
NTW,NORMAL_ENTERPRISE,2016,2025,10,READY,UNKNOWN,PASS,PASS,UNKNOWN,PASS,FAIL,WATCH,UNKNOWN,PASS,1,0,1,0,NO_DETERIORATION,HIGH_RISK,WEAK_BUSINESS,READY,32373.845683481835,48.72,35.0,PASS,AVOID,Phát hiện rủi ro tài chính nghiêm trọng (WEAK_PROFITABILITY_ROE).
NUE,NORMAL_ENTERPRISE,2016,2025,10,READY,UNKNOWN,PASS,PASS,UNKNOWN,WATCH,FAIL,WATCH,UNKNOWN,PASS,1,0,1,0,NO_DETERIORATION,HIGH_RISK,WEAK_BUSINESS,READY,12949.538273392734,22.78,35.0,FAIL,AVOID,Phát hiện rủi ro tài chính nghiêm trọng (WEAK_PROFITABILITY_ROE).
NVB,NORMAL_ENTERPRISE,2011,2025,15,READY,UNKNOWN,FAIL,FAIL,UNKNOWN,FAIL,FAIL,WATCH,UNKNOWN,PASS,4,0,4,0,POSSIBLY_STRUCTURAL,HIGH_RISK,DETERIORATING_BUSINESS,READY,7890.9865385029925,-48.27,35.0,FAIL,AVOID,"Phát hiện rủi ro tài chính nghiêm trọng (PROFIT_CASH_DIVERGENCE, WEAK_PROFITABILITY_ROE, UNSTABLE_EARNINGS_HISTORY, EXCESSIVE_DEBT_LEVERAGE)."
NVL,NORMAL_ENTERPRISE,2013,2025,13,READY,UNKNOWN,FAIL,FAIL,UNKNOWN,WATCH,FAIL,PASS,UNKNOWN,WATCH,4,0,3,1,POSSIBLY_STRUCTURAL,HIGH_RISK,DETERIORATING_BUSINESS,READY,7736.247194174077,-57.7,50.0,FAIL,AVOID,"Phát hiện rủi ro tài chính nghiêm trọng (PROFIT_CASH_DIVERGENCE, INVENTORY_BUILDUP, WEAK_PROFITABILITY_ROE)."
NVP,NORMAL_ENTERPRISE,2016,2025,10,READY,UNKNOWN,WATCH,WATCH,UNKNOWN,PASS,FAIL,PASS,UNKNOWN,PASS,2,0,1,1,POSSIBLY_CYCLICAL,HIGH_RISK,WEAK_BUSINESS,READY,48607.95165021963,74.08,40.0,PASS,AVOID,Phát hiện rủi ro tài chính nghiêm trọng (WEAK_PROFITABILITY_ROE).
NVT,NORMAL_ENTERPRISE,2016,2025,10,READY,UNKNOWN,PASS,PASS,UNKNOWN,WATCH,FAIL,PASS,UNKNOWN,PASS,2,0,2,0,NO_DETERIORATION,HIGH_RISK,WEAK_BUSINESS,READY,30131.558978754932,75.77,48.0,PASS,AVOID,"Phát hiện rủi ro tài chính nghiêm trọng (WEAK_PROFITABILITY_ROE, UNSTABLE_EARNINGS_HISTORY)."
NWT,NORMAL_ENTERPRISE,2016,2025,10,READY,UNKNOWN,WATCH,WATCH,UNKNOWN,WATCH,FAIL,PASS,UNKNOWN,PASS,2,0,1,1,POSSIBLY_CYCLICAL,HIGH_RISK,WEAK_BUSINESS,READY,12580.881603586256,75.36,43.0,PASS,AVOID,Phát hiện rủi ro tài chính nghiêm trọng (WEAK_PROFITABILITY_ROE).
NXT,NORMAL_ENTERPRISE,2018,2024,7,READY,UNKNOWN,PASS,PASS,UNKNOWN,PASS,FAIL,WATCH,UNKNOWN,PASS,2,0,1,1,POSSIBLY_CYCLICAL,HIGH_RISK,WEAK_BUSINESS,READY,10235.889987540835,63.85,40.0,PASS,AVOID,Phát hiện rủi ro tài chính nghiêm trọng (WEAK_PROFITABILITY_ROE).
OCB,BANK,2010,2025,16,READY,UNKNOWN,NOT_APPLICABLE,NOT_APPLICABLE,UNKNOWN,PASS,WATCH,PASS,UNKNOWN,PASS,0,0,0,0,NO_DETERIORATION,CLEAR,AVERAGE_BUSINESS,READY,16681.6666843431,38.85503053736587,35.0,PASS,BUY,Doanh nghiệp đạt chuẩn chất lượng BCTC và mức giá hiện tại (MOS 38.9%) đạt/vượt Biên an toàn yêu cầu (35.0%).
OCH,NORMAL_ENTERPRISE,2011,2025,15,READY,UNKNOWN,PASS,PASS,UNKNOWN,PASS,FAIL,WATCH,UNKNOWN,WATCH,3,0,2,1,POSSIBLY_CYCLICAL,HIGH_RISK,WEAK_BUSINESS,READY,9718.391208661897,36.2,50.0,FAIL,AVOID,"Phát hiện rủi ro tài chính nghiêm trọng (WEAK_PROFITABILITY_ROE, UNSTABLE_EARNINGS_HISTORY)."
ODE,NORMAL_ENTERPRISE,2019,2025,7,READY,UNKNOWN,PASS,PASS,UNKNOWN,PASS,FAIL,PASS,UNKNOWN,PASS,1,0,1,0,NO_DETERIORATION,HIGH_RISK,WEAK_BUSINESS,READY,3496.7367703212176,-1201.21,40.0,FAIL,AVOID,Phát hiện rủi ro tài chính nghiêm trọng (WEAK_PROFITABILITY_ROE).
OGC,NORMAL_ENTERPRISE,2011,2025,15,READY,UNKNOWN,PASS,PASS,UNKNOWN,PASS,FAIL,WATCH,UNKNOWN,WATCH,3,0,2,1,POSSIBLY_CYCLICAL,HIGH_RISK,WEAK_BUSINESS,READY,5917.780813927579,64.18,50.0,PASS,AVOID,"Phát hiện rủi ro tài chính nghiêm trọng (WEAK_PROFITABILITY_ROE, UNSTABLE_EARNINGS_HISTORY)."
OIL,NORMAL_ENTERPRISE,2014,2025,12,READY,UNKNOWN,FAIL,FAIL,UNKNOWN,WATCH,FAIL,WATCH,UNKNOWN,PASS,3,0,3,0,POSSIBLY_STRUCTURAL,HIGH_RISK,DETERIORATING_BUSINESS,READY,7254.489505816562,-90.23,46.0,FAIL,AVOID,"Phát hiện rủi ro tài chính nghiêm trọng (PROFIT_CASH_DIVERGENCE, WEAK_PROFITABILITY_ROE, UNSTABLE_EARNINGS_HISTORY)."
ONE,NORMAL_ENTERPRISE,2016,2025,10,READY,UNKNOWN,PASS,PASS,UNKNOWN,FAIL,FAIL,WATCH,UNKNOWN,PASS,2,0,2,0,POSSIBLY_STRUCTURAL,HIGH_RISK,DETERIORATING_BUSINESS,READY,27517.76883095956,68.38,40.0,PASS,AVOID,"Phát hiện rủi ro tài chính nghiêm trọng (WEAK_PROFITABILITY_ROE, EXCESSIVE_DEBT_LEVERAGE)."
ONW,NORMAL_ENTERPRISE,2016,2025,9,READY,UNKNOWN,FAIL,FAIL,UNKNOWN,FAIL,FAIL,WATCH,UNKNOWN,PASS,4,0,4,0,POSSIBLY_STRUCTURAL,HIGH_RISK,DETERIORATING_BUSINESS,READY,24175.84216334208,75.18,40.0,PASS,AVOID,"Phát hiện rủi ro tài chính nghiêm trọng (PROFIT_CASH_DIVERGENCE, WEAK_PROFITABILITY_ROE, UNSTABLE_EARNINGS_HISTORY, EXCESSIVE_DEBT_LEVERAGE)."
OPC,NORMAL_ENTERPRISE,2016,2025,10,READY,UNKNOWN,PASS,PASS,UNKNOWN,PASS,WATCH,WATCH,UNKNOWN,PASS,1,0,0,1,POSSIBLY_CYCLICAL,WATCH,AVERAGE_BUSINESS,READY,8484.876871801791,-135.71,38.0,FAIL,WAIT_FOR_MOS,Doanh nghiệp có chất lượng tốt (AVERAGE_BUSINESS) nhưng mức giá hiện tại (MOS -135.7%) chưa đạt Biên an toàn yêu cầu (38.0%).
ORS,SECURITIES,2011,2025,15,READY,UNKNOWN,NOT_APPLICABLE,NOT_APPLICABLE,UNKNOWN,PASS,FAIL,WATCH,UNKNOWN,PASS,1,0,1,0,NO_DETERIORATION,HIGH_RISK,WEAK_BUSINESS,READY,12230.771284562854,-6.29,50.0,FAIL,AVOID,Phát hiện rủi ro tài chính nghiêm trọng (WEAK_SECURITIES_ROE).
PAC,NORMAL_ENTERPRISE,2011,2025,15,READY,UNKNOWN,WATCH,WATCH,UNKNOWN,WATCH,PASS,WATCH,UNKNOWN,PASS,1,0,0,1,POSSIBLY_CYCLICAL,WATCH,AVERAGE_BUSINESS,INCOMPLETE,-10478.601978588755,,0.0,UNKNOWN,WAIT_FOR_MOS,Doanh nghiệp chất lượng ổn định nhưng chưa có định giá chuẩn để xác định Biên an toàn.
PAI,NORMAL_ENTERPRISE,2016,2025,9,READY,UNKNOWN,FAIL,FAIL,UNKNOWN,PASS,FAIL,WATCH,UNKNOWN,PASS,2,0,2,0,POSSIBLY_STRUCTURAL,HIGH_RISK,DETERIORATING_BUSINESS,READY,3216.9939960842626,-276.13,50.0,FAIL,AVOID,"Phát hiện rủi ro tài chính nghiêm trọng (PROFIT_CASH_DIVERGENCE, WEAK_PROFITABILITY_ROE)."
PAN,NORMAL_ENTERPRISE,2011,2025,15,READY,UNKNOWN,FAIL,FAIL,UNKNOWN,PASS,FAIL,PASS,UNKNOWN,WATCH,4,0,2,2,POSSIBLY_STRUCTURAL,HIGH_RISK,DETERIORATING_BUSINESS,READY,674559.1743427328,97.3019416691303,25.0,PASS,AVOID,"Phát hiện rủi ro tài chính nghiêm trọng (PROFIT_CASH_DIVERGENCE, WEAK_PROFITABILITY_ROE)."
PAP,NORMAL_ENTERPRISE,2016,2025,10,READY,UNKNOWN,FAIL,FAIL,UNKNOWN,FAIL,FAIL,WATCH,UNKNOWN,PASS,4,0,4,0,POSSIBLY_STRUCTURAL,HIGH_RISK,DETERIORATING_BUSINESS,READY,38122.994141065676,23.93,50.0,FAIL,AVOID,"Phát hiện rủi ro tài chính nghiêm trọng (PROFIT_CASH_DIVERGENCE, WEAK_PROFITABILITY_ROE, UNSTABLE_EARNINGS_HISTORY, EXCESSIVE_DEBT_LEVERAGE)."
PAS,NORMAL_ENTERPRISE,2016,2025,10,READY,UNKNOWN,FAIL,FAIL,UNKNOWN,WATCH,FAIL,WATCH,UNKNOWN,PASS,2,0,2,0,POSSIBLY_STRUCTURAL,HIGH_RISK,DETERIORATING_BUSINESS,READY,84501.04966754449,97.4,41.0,PASS,AVOID,"Phát hiện rủi ro tài chính nghiêm trọng (PROFIT_CASH_DIVERGENCE, WEAK_PROFITABILITY_ROE)."
PAT,NORMAL_ENTERPRISE,2018,2025,8,READY,UNKNOWN,PASS,PASS,UNKNOWN,PASS,PASS,PASS,UNKNOWN,PASS,0,0,0,0,NO_DETERIORATION,CLEAR,POTENTIAL_COMPOUNDER,READY,268610.4448471394,74.05,30.0,PASS,BUY,Doanh nghiệp đạt chuẩn chất lượng BCTC và mức giá hiện tại (MOS 74.0%) đạt/vượt Biên an toàn yêu cầu (30.0%).
PBC,NORMAL_ENTERPRISE,2016,2025,10,READY,UNKNOWN,FAIL,FAIL,UNKNOWN,WATCH,FAIL,WATCH,UNKNOWN,PASS,2,0,2,0,POSSIBLY_STRUCTURAL,HIGH_RISK,DETERIORATING_BUSINESS,READY,133.50126154529852,-3795.09,45.0,FAIL,AVOID,"Phát hiện rủi ro tài chính nghiêm trọng (PROFIT_CASH_DIVERGENCE, WEAK_PROFITABILITY_ROE)."
PBP,NORMAL_ENTERPRISE,2016,2025,10,READY,UNKNOWN,PASS,PASS,UNKNOWN,WATCH,WATCH,WATCH,UNKNOWN,PASS,0,0,0,0,NO_DETERIORATION,CLEAR,AVERAGE_BUSINESS,READY,52639.13629764936,80.81275508988352,50.0,PASS,BUY,Doanh nghiệp đạt chuẩn chất lượng BCTC và mức giá hiện tại (MOS 80.8%) đạt/vượt Biên an toàn yêu cầu (50.0%).
PBT,NORMAL_ENTERPRISE,2017,2025,9,READY,UNKNOWN,PASS,PASS,UNKNOWN,WATCH,FAIL,PASS,UNKNOWN,PASS,1,0,1,0,NO_DETERIORATION,HIGH_RISK,WEAK_BUSINESS,READY,13319.525081203956,10.66,41.0,FAIL,AVOID,Phát hiện rủi ro tài chính nghiêm trọng (WEAK_PROFITABILITY_ROE).
PC1,NORMAL_ENTERPRISE,2011,2025,15,READY,UNKNOWN,PASS,PASS,UNKNOWN,WATCH,WATCH,PASS,UNKNOWN,WATCH,1,0,0,1,POSSIBLY_CYCLICAL,WATCH,AVERAGE_BUSINESS,INCOMPLETE,-5953.260788709503,,0.0,UNKNOWN,WAIT_FOR_MOS,Doanh nghiệp chất lượng ổn định nhưng chưa có định giá chuẩn để xác định Biên an toàn.
PCC,NORMAL_ENTERPRISE,2017,2025,8,READY,UNKNOWN,FAIL,FAIL,UNKNOWN,FAIL,WATCH,WATCH,UNKNOWN,PASS,2,0,2,0,POSSIBLY_STRUCTURAL,HIGH_RISK,DETERIORATING_BUSINESS,READY,285941.55905542243,92.45,50.0,PASS,AVOID,"Phát hiện rủi ro tài chính nghiêm trọng (PROFIT_CASH_DIVERGENCE, EXCESSIVE_DEBT_LEVERAGE)."
PCE,NORMAL_ENTERPRISE,2016,2025,10,READY,UNKNOWN,FAIL,FAIL,UNKNOWN,WATCH,WATCH,WATCH,UNKNOWN,PASS,1,0,1,0,POSSIBLY_STRUCTURAL,HIGH_RISK,DETERIORATING_BUSINESS,READY,29808.19271953758,38.27200403216716,50.0,FAIL,AVOID,Phát hiện rủi ro tài chính nghiêm trọng (PROFIT_CASH_DIVERGENCE).
PCF,NORMAL_ENTERPRISE,2016,2025,10,READY,UNKNOWN,UNKNOWN,UNKNOWN,UNKNOWN,PASS,FAIL,WATCH,UNKNOWN,PASS,2,0,2,0,NO_DETERIORATION,HIGH_RISK,WEAK_BUSINESS,INCOMPLETE,,,0.0,UNKNOWN,AVOID,"Phát hiện rủi ro tài chính nghiêm trọng (WEAK_PROFITABILITY_ROE, UNSTABLE_EARNINGS_HISTORY)."
PCG,NORMAL_ENTERPRISE,2016,2025,10,READY,UNKNOWN,FAIL,FAIL,UNKNOWN,PASS,FAIL,WATCH,UNKNOWN,PASS,3,0,3,0,POSSIBLY_STRUCTURAL,HIGH_RISK,DETERIORATING_BUSINESS,INCOMPLETE,,,0.0,UNKNOWN,AVOID,"Phát hiện rủi ro tài chính nghiêm trọng (PROFIT_CASH_DIVERGENCE, WEAK_PROFITABILITY_ROE, UNSTABLE_EARNINGS_HISTORY)."
PCH,NORMAL_ENTERPRISE,2020,2025,6,READY,UNKNOWN,WATCH,WATCH,UNKNOWN,PASS,FAIL,PASS,UNKNOWN,PASS,3,0,1,2,POSSIBLY_CYCLICAL,HIGH_RISK,WEAK_BUSINESS,READY,13522.084102477818,-34.59,50.0,FAIL,AVOID,Phát hiện rủi ro tài chính nghiêm trọng (WEAK_PROFITABILITY_ROE).
PCM,NORMAL_ENTERPRISE,2016,2025,10,READY,UNKNOWN,WATCH,WATCH,UNKNOWN,PASS,FAIL,PASS,UNKNOWN,PASS,3,0,2,1,POSSIBLY_CYCLICAL,HIGH_RISK,WEAK_BUSINESS,READY,8058.61405444736,-55.11,50.0,FAIL,AVOID,"Phát hiện rủi ro tài chính nghiêm trọng (WEAK_PROFITABILITY_ROE, UNSTABLE_EARNINGS_HISTORY)."
PCT,NORMAL_ENTERPRISE,2016,2025,10,READY,UNKNOWN,FAIL,FAIL,UNKNOWN,FAIL,FAIL,PASS,UNKNOWN,PASS,4,0,3,1,POSSIBLY_STRUCTURAL,HIGH_RISK,DETERIORATING_BUSINESS,READY,125704.46642770519,91.97,43.0,PASS,AVOID,"Phát hiện rủi ro tài chính nghiêm trọng (PROFIT_CASH_DIVERGENCE, WEAK_PROFITABILITY_ROE, EXCESSIVE_DEBT_LEVERAGE)."
PDB,NORMAL_ENTERPRISE,2016,2025,10,READY,UNKNOWN,PASS,PASS,UNKNOWN,PASS,WATCH,PASS,UNKNOWN,PASS,0,0,0,0,NO_DETERIORATION,CLEAR,AVERAGE_BUSINESS,READY,41682.645705496856,42.182172959280656,50.0,FAIL,WAIT_FOR_MOS,Doanh nghiệp có chất lượng tốt (AVERAGE_BUSINESS) nhưng mức giá hiện tại (MOS 42.2%) chưa đạt Biên an toàn yêu cầu (50.0%).
PDC,NORMAL_ENTERPRISE,2016,2025,10,READY,UNKNOWN,FAIL,FAIL,UNKNOWN,PASS,FAIL,WATCH,UNKNOWN,PASS,3,0,3,0,POSSIBLY_STRUCTURAL,HIGH_RISK,DETERIORATING_BUSINESS,READY,863.3025515595156,-629.76,50.0,FAIL,AVOID,"Phát hiện rủi ro tài chính nghiêm trọng (PROFIT_CASH_DIVERGENCE, WEAK_PROFITABILITY_ROE, UNSTABLE_EARNINGS_HISTORY)."
PDN,NORMAL_ENTERPRISE,2016,2025,10,READY,UNKNOWN,PASS,PASS,UNKNOWN,PASS,PASS,PASS,UNKNOWN,PASS,1,0,0,1,POSSIBLY_CYCLICAL,WATCH,POTENTIAL_COMPOUNDER,READY,143815.04972360388,40.409574544037206,25.0,PASS,BUY,Doanh nghiệp đạt chuẩn chất lượng BCTC và mức giá hiện tại (MOS 40.4%) đạt/vượt Biên an toàn yêu cầu (25.0%).
PDR,NORMAL_ENTERPRISE,2011,2025,15,READY,UNKNOWN,FAIL,FAIL,UNKNOWN,PASS,FAIL,PASS,UNKNOWN,PASS,2,0,2,0,POSSIBLY_STRUCTURAL,HIGH_RISK,DETERIORATING_BUSINESS,READY,4251.722690456955,-176.36,50.0,FAIL,AVOID,"Phát hiện rủi ro tài chính nghiêm trọng (PROFIT_CASH_DIVERGENCE, WEAK_PROFITABILITY_ROE)."
PDV,NORMAL_ENTERPRISE,2016,2025,10,READY,UNKNOWN,PASS,PASS,UNKNOWN,WATCH,FAIL,PASS,UNKNOWN,PASS,2,0,1,1,POSSIBLY_CYCLICAL,HIGH_RISK,WEAK_BUSINESS,READY,7348.413900412018,-13.49,41.0,FAIL,AVOID,Phát hiện rủi ro tài chính nghiêm trọng (WEAK_PROFITABILITY_ROE).
PEG,NORMAL_ENTERPRISE,2016,2025,10,READY,UNKNOWN,FAIL,FAIL,UNKNOWN,WATCH,FAIL,WATCH,UNKNOWN,PASS,3,0,3,0,POSSIBLY_STRUCTURAL,HIGH_RISK,DETERIORATING_BUSINESS,READY,728.3790109582093,-559.0,45.0,FAIL,AVOID,"Phát hiện rủi ro tài chính nghiêm trọng (PROFIT_CASH_DIVERGENCE, WEAK_PROFITABILITY_ROE, UNSTABLE_EARNINGS_HISTORY)."
PEN,NORMAL_ENTERPRISE,2016,2025,10,READY,UNKNOWN,FAIL,FAIL,UNKNOWN,FAIL,FAIL,WATCH,UNKNOWN,PASS,4,0,4,0,POSSIBLY_STRUCTURAL,HIGH_RISK,DETERIORATING_BUSINESS,READY,3884.8614820178204,-170.28,45.0,FAIL,AVOID,"Phát hiện rủi ro tài chính nghiêm trọng (PROFIT_CASH_DIVERGENCE, WEAK_PROFITABILITY_ROE, UNSTABLE_EARNINGS_HISTORY, EXCESSIVE_DEBT_LEVERAGE)."
PEQ,NORMAL_ENTERPRISE,2016,2025,10,READY,UNKNOWN,PASS,PASS,UNKNOWN,FAIL,PASS,PASS,UNKNOWN,PASS,2,0,1,1,POSSIBLY_STRUCTURAL,HIGH_RISK,DETERIORATING_BUSINESS,READY,154509.11949238085,72.75,38.0,PASS,AVOID,Phát hiện rủi ro tài chính nghiêm trọng (EXCESSIVE_DEBT_LEVERAGE).
PET,NORMAL_ENTERPRISE,2011,2025,15,READY,UNKNOWN,FAIL,FAIL,UNKNOWN,FAIL,FAIL,WATCH,UNKNOWN,WATCH,4,0,3,1,POSSIBLY_STRUCTURAL,HIGH_RISK,DETERIORATING_BUSINESS,READY,17572.961942637085,-117.95,40.0,FAIL,AVOID,"Phát hiện rủi ro tài chính nghiêm trọng (PROFIT_CASH_DIVERGENCE, WEAK_PROFITABILITY_ROE, EXCESSIVE_DEBT_LEVERAGE)."
PFL,NORMAL_ENTERPRISE,2016,2025,10,READY,UNKNOWN,FAIL,FAIL,UNKNOWN,PASS,FAIL,PASS,UNKNOWN,PASS,3,0,3,0,POSSIBLY_STRUCTURAL,HIGH_RISK,DETERIORATING_BUSINESS,READY,2256.411935245261,29.09,40.0,FAIL,AVOID,"Phát hiện rủi ro tài chính nghiêm trọng (PROFIT_CASH_DIVERGENCE, WEAK_PROFITABILITY_ROE, UNSTABLE_EARNINGS_HISTORY)."
PGB,BANK,2016,2025,10,READY,UNKNOWN,NOT_APPLICABLE,NOT_APPLICABLE,UNKNOWN,PASS,FAIL,PASS,UNKNOWN,PASS,1,0,1,0,NO_DETERIORATION,HIGH_RISK,WEAK_BUSINESS,READY,14459.116504208921,32.91,35.0,FAIL,AVOID,Phát hiện rủi ro tài chính nghiêm trọng (WEAK_BANK_ROE).
PGC,NORMAL_ENTERPRISE,2011,2025,15,READY,UNKNOWN,PASS,PASS,UNKNOWN,WATCH,WATCH,PASS,UNKNOWN,PASS,0,0,0,0,NO_DETERIORATION,CLEAR,AVERAGE_BUSINESS,READY,8128.575801087028,-74.69,41.0,FAIL,WAIT_FOR_MOS,Doanh nghiệp có chất lượng tốt (AVERAGE_BUSINESS) nhưng mức giá hiện tại (MOS -74.7%) chưa đạt Biên an toàn yêu cầu (41.0%).
PGD,NORMAL_ENTERPRISE,2016,2025,10,READY,UNKNOWN,FAIL,FAIL,UNKNOWN,WATCH,PASS,WATCH,UNKNOWN,PASS,1,0,1,0,POSSIBLY_STRUCTURAL,HIGH_RISK,DETERIORATING_BUSINESS,INCOMPLETE,-397.7259302745192,,0.0,UNKNOWN,AVOID,Phát hiện rủi ro tài chính nghiêm trọng (PROFIT_CASH_DIVERGENCE).
PGI,NORMAL_ENTERPRISE,2016,2025,10,READY,UNKNOWN,WATCH,WATCH,UNKNOWN,FAIL,WATCH,PASS,UNKNOWN,PASS,3,0,1,2,POSSIBLY_STRUCTURAL,HIGH_RISK,DETERIORATING_BUSINESS,READY,23512.908876861635,2.1813926960197296,35.0,FAIL,AVOID,Phát hiện rủi ro tài chính nghiêm trọng (EXCESSIVE_DEBT_LEVERAGE).
PGN,NORMAL_ENTERPRISE,2016,2025,10,READY,UNKNOWN,FAIL,FAIL,UNKNOWN,PASS,FAIL,PASS,UNKNOWN,PASS,3,0,2,1,POSSIBLY_STRUCTURAL,HIGH_RISK,DETERIORATING_BUSINESS,READY,5283.310644485574,-11.67,50.0,FAIL,AVOID,"Phát hiện rủi ro tài chính nghiêm trọng (PROFIT_CASH_DIVERGENCE, WEAK_PROFITABILITY_ROE)."
PGS,NORMAL_ENTERPRISE,2016,2025,10,READY,UNKNOWN,FAIL,FAIL,UNKNOWN,FAIL,WATCH,WATCH,UNKNOWN,PASS,2,0,2,0,POSSIBLY_STRUCTURAL,HIGH_RISK,DETERIORATING_BUSINESS,INCOMPLETE,-2804.3192894688555,,0.0,UNKNOWN,AVOID,"Phát hiện rủi ro tài chính nghiêm trọng (PROFIT_CASH_DIVERGENCE, EXCESSIVE_DEBT_LEVERAGE)."
PGT,NORMAL_ENTERPRISE,2016,2025,10,READY,UNKNOWN,FAIL,FAIL,UNKNOWN,PASS,FAIL,WATCH,UNKNOWN,PASS,3,0,3,0,POSSIBLY_STRUCTURAL,HIGH_RISK,DETERIORATING_BUSINESS,READY,4103.435657378657,-43.78,40.0,FAIL,AVOID,"Phát hiện rủi ro tài chính nghiêm trọng (PROFIT_CASH_DIVERGENCE, WEAK_PROFITABILITY_ROE, UNSTABLE_EARNINGS_HISTORY)."
PGV,NORMAL_ENTERPRISE,2016,2025,10,READY,UNKNOWN,WATCH,WATCH,UNKNOWN,FAIL,FAIL,PASS,UNKNOWN,PASS,4,0,3,1,POSSIBLY_STRUCTURAL,HIGH_RISK,DETERIORATING_BUSINESS,INCOMPLETE,-14008.879265819338,,0.0,UNKNOWN,AVOID,"Phát hiện rủi ro tài chính nghiêm trọng (WEAK_PROFITABILITY_ROE, UNSTABLE_EARNINGS_HISTORY, EXCESSIVE_DEBT_LEVERAGE)."
PHC,NORMAL_ENTERPRISE,2016,2025,10,READY,UNKNOWN,FAIL,FAIL,UNKNOWN,FAIL,FAIL,WATCH,UNKNOWN,PASS,4,0,3,1,POSSIBLY_STRUCTURAL,HIGH_RISK,DETERIORATING_BUSINESS,READY,1532.4897364961816,-160.36,50.0,FAIL,AVOID,"Phát hiện rủi ro tài chính nghiêm trọng (PROFIT_CASH_DIVERGENCE, WEAK_PROFITABILITY_ROE, EXCESSIVE_DEBT_LEVERAGE)."
PHH,NORMAL_ENTERPRISE,2016,2025,10,READY,UNKNOWN,FAIL,FAIL,UNKNOWN,WATCH,FAIL,PASS,UNKNOWN,PASS,3,0,3,0,POSSIBLY_STRUCTURAL,HIGH_RISK,DETERIORATING_BUSINESS,READY,17014.657350840615,77.08,35.0,PASS,AVOID,"Phát hiện rủi ro tài chính nghiêm trọng (PROFIT_CASH_DIVERGENCE, WEAK_PROFITABILITY_ROE, UNSTABLE_EARNINGS_HISTORY)."
PHN,NORMAL_ENTERPRISE,2016,2025,10,READY,UNKNOWN,PASS,PASS,UNKNOWN,PASS,PASS,PASS,UNKNOWN,PASS,0,0,0,0,NO_DETERIORATION,CLEAR,AVERAGE_BUSINESS,READY,15470.893445269923,-258.73816981764935,30.0,FAIL,WAIT_FOR_MOS,Doanh nghiệp có chất lượng tốt (AVERAGE_BUSINESS) nhưng mức giá hiện tại (MOS -258.7%) chưa đạt Biên an toàn yêu cầu (30.0%).
PHP,NORMAL_ENTERPRISE,2011,2025,15,READY,UNKNOWN,PASS,PASS,UNKNOWN,PASS,WATCH,PASS,UNKNOWN,WATCH,1,0,0,1,POSSIBLY_CYCLICAL,WATCH,AVERAGE_BUSINESS,READY,19989.849171574206,-127.62,38.0,FAIL,WAIT_FOR_MOS,Doanh nghiệp có chất lượng tốt (AVERAGE_BUSINESS) nhưng mức giá hiện tại (MOS -127.6%) chưa đạt Biên an toàn yêu cầu (38.0%).
PHR,NORMAL_ENTERPRISE,2011,2025,15,READY,UNKNOWN,PASS,PASS,UNKNOWN,PASS,PASS,WATCH,UNKNOWN,PASS,0,0,0,0,NO_DETERIORATION,CLEAR,AVERAGE_BUSINESS,READY,55645.0,41.1,40.0,PASS,BUY,Doanh nghiệp đạt chuẩn chất lượng BCTC và mức giá hiện tại (MOS 41.1%) đạt/vượt Biên an toàn yêu cầu (40.0%).
PHS,NORMAL_ENTERPRISE,2016,2025,10,READY,UNKNOWN,FAIL,FAIL,UNKNOWN,FAIL,FAIL,WATCH,UNKNOWN,PASS,4,0,4,0,POSSIBLY_STRUCTURAL,HIGH_RISK,DETERIORATING_BUSINESS,READY,4526.000587490201,-127.57,40.0,FAIL,AVOID,"Phát hiện rủi ro tài chính nghiêm trọng (PROFIT_CASH_DIVERGENCE, WEAK_PROFITABILITY_ROE, UNSTABLE_EARNINGS_HISTORY, EXCESSIVE_DEBT_LEVERAGE)."
PIA,NORMAL_ENTERPRISE,2016,2025,10,READY,UNKNOWN,WATCH,WATCH,UNKNOWN,PASS,PASS,WATCH,UNKNOWN,PASS,1,0,0,1,POSSIBLY_CYCLICAL,WATCH,AVERAGE_BUSINESS,READY,69728.28301057626,58.12316216710657,30.0,PASS,BUY,Doanh nghiệp đạt chuẩn chất lượng BCTC và mức giá hiện tại (MOS 58.1%) đạt/vượt Biên an toàn yêu cầu (30.0%).
PIC,NORMAL_ENTERPRISE,2016,2025,10,READY,UNKNOWN,PASS,PASS,UNKNOWN,PASS,FAIL,PASS,UNKNOWN,PASS,1,0,1,0,NO_DETERIORATION,HIGH_RISK,WEAK_BUSINESS,READY,10108.645993084905,-37.51,30.0,FAIL,AVOID,Phát hiện rủi ro tài chính nghiêm trọng (WEAK_PROFITABILITY_ROE).
PID,NORMAL_ENTERPRISE,2016,2023,5,READY,UNKNOWN,UNKNOWN,UNKNOWN,UNKNOWN,PASS,PASS,WATCH,UNKNOWN,PASS,1,0,1,0,NO_DETERIORATION,HIGH_RISK,WEAK_BUSINESS,INCOMPLETE,,,0.0,UNKNOWN,AVOID,Phát hiện rủi ro tài chính nghiêm trọng (UNSTABLE_EARNINGS_HISTORY).
PIS,NORMAL_ENTERPRISE,2016,2025,10,READY,UNKNOWN,FAIL,FAIL,UNKNOWN,PASS,WATCH,WATCH,UNKNOWN,PASS,1,0,1,0,POSSIBLY_STRUCTURAL,HIGH_RISK,DETERIORATING_BUSINESS,READY,8005.169114460963,-43.66,40.0,FAIL,AVOID,Phát hiện rủi ro tài chính nghiêm trọng (PROFIT_CASH_DIVERGENCE).
PIT,NORMAL_ENTERPRISE,2016,2025,10,READY,UNKNOWN,FAIL,FAIL,UNKNOWN,FAIL,FAIL,WATCH,UNKNOWN,PASS,4,0,4,0,POSSIBLY_STRUCTURAL,HIGH_RISK,DETERIORATING_BUSINESS,READY,8519.433074600483,-2.71,50.0,FAIL,AVOID,"Phát hiện rủi ro tài chính nghiêm trọng (PROFIT_CASH_DIVERGENCE, WEAK_PROFITABILITY_ROE, UNSTABLE_EARNINGS_HISTORY, EXCESSIVE_DEBT_LEVERAGE)."
PIV,NORMAL_ENTERPRISE,2011,2025,15,READY,UNKNOWN,FAIL,FAIL,UNKNOWN,FAIL,FAIL,WATCH,UNKNOWN,WATCH,5,0,4,1,POSSIBLY_STRUCTURAL,HIGH_RISK,DETERIORATING_BUSINESS,READY,5239.697567268737,-22.14,40.0,FAIL,AVOID,"Phát hiện rủi ro tài chính nghiêm trọng (PROFIT_CASH_DIVERGENCE, WEAK_PROFITABILITY_ROE, UNSTABLE_EARNINGS_HISTORY, EXCESSIVE_DEBT_LEVERAGE)."
PJC,NORMAL_ENTERPRISE,2016,2025,10,READY,UNKNOWN,PASS,PASS,UNKNOWN,PASS,PASS,PASS,UNKNOWN,PASS,0,0,0,0,NO_DETERIORATION,CLEAR,AVERAGE_BUSINESS,READY,128331.8772974587,75.06465215510903,30.0,PASS,BUY,Doanh nghiệp đạt chuẩn chất lượng BCTC và mức giá hiện tại (MOS 75.1%) đạt/vượt Biên an toàn yêu cầu (30.0%).
PJS,NORMAL_ENTERPRISE,2016,2025,9,READY,UNKNOWN,WATCH,WATCH,UNKNOWN,PASS,FAIL,PASS,UNKNOWN,PASS,2,0,1,1,POSSIBLY_CYCLICAL,HIGH_RISK,WEAK_BUSINESS,READY,32675.345275980973,41.24,50.0,FAIL,AVOID,Phát hiện rủi ro tài chính nghiêm trọng (WEAK_PROFITABILITY_ROE).
PJT,NORMAL_ENTERPRISE,2016,2025,10,READY,UNKNOWN,PASS,PASS,UNKNOWN,PASS,WATCH,WATCH,UNKNOWN,PASS,1,0,0,1,POSSIBLY_CYCLICAL,WATCH,AVERAGE_BUSINESS,READY,22362.65645605974,58.9,35.0,PASS,BUY,Doanh nghiệp đạt chuẩn chất lượng BCTC và mức giá hiện tại (MOS 58.9%) đạt/vượt Biên an toàn yêu cầu (35.0%).
PLA,NORMAL_ENTERPRISE,2016,2025,10,READY,UNKNOWN,FAIL,FAIL,UNKNOWN,PASS,FAIL,WATCH,UNKNOWN,PASS,3,0,3,0,POSSIBLY_STRUCTURAL,HIGH_RISK,DETERIORATING_BUSINESS,READY,3237.3845683481836,-23.56,40.0,FAIL,AVOID,"Phát hiện rủi ro tài chính nghiêm trọng (PROFIT_CASH_DIVERGENCE, WEAK_PROFITABILITY_ROE, UNSTABLE_EARNINGS_HISTORY)."
PLC,NORMAL_ENTERPRISE,2011,2025,15,READY,UNKNOWN,FAIL,FAIL,UNKNOWN,FAIL,WATCH,WATCH,UNKNOWN,PASS,2,0,2,0,POSSIBLY_STRUCTURAL,HIGH_RISK,DETERIORATING_BUSINESS,READY,5789.62567828039,-219.54,40.0,FAIL,AVOID,"Phát hiện rủi ro tài chính nghiêm trọng (PROFIT_CASH_DIVERGENCE, EXCESSIVE_DEBT_LEVERAGE)."
PLE,NORMAL_ENTERPRISE,2019,2025,7,READY,UNKNOWN,FAIL,FAIL,UNKNOWN,FAIL,FAIL,WATCH,UNKNOWN,PASS,4,0,4,0,POSSIBLY_STRUCTURAL,HIGH_RISK,DETERIORATING_BUSINESS,READY,16186.922841740918,-279.94,40.0,FAIL,AVOID,"Phát hiện rủi ro tài chính nghiêm trọng (PROFIT_CASH_DIVERGENCE, WEAK_PROFITABILITY_ROE, UNSTABLE_EARNINGS_HISTORY, EXCESSIVE_DEBT_LEVERAGE)."
PLO,NORMAL_ENTERPRISE,2018,2025,8,READY,UNKNOWN,UNKNOWN,UNKNOWN,UNKNOWN,WATCH,PASS,WATCH,UNKNOWN,PASS,0,0,0,0,NO_DETERIORATION,CLEAR,WEAK_BUSINESS,INCOMPLETE,,,45.0,UNKNOWN,WAIT_FOR_MOS,"Doanh nghiệp có chất lượng tài chính yếu, không đạt tiêu chí mua dài hạn."
PLP,NORMAL_ENTERPRISE,2016,2025,10,READY,UNKNOWN,FAIL,FAIL,UNKNOWN,FAIL,FAIL,PASS,UNKNOWN,PASS,4,0,3,1,POSSIBLY_STRUCTURAL,HIGH_RISK,DETERIORATING_BUSINESS,READY,5755.988560061848,25.12,50.0,FAIL,AVOID,"Phát hiện rủi ro tài chính nghiêm trọng (PROFIT_CASH_DIVERGENCE, WEAK_PROFITABILITY_ROE, EXCESSIVE_DEBT_LEVERAGE)."
PLX,NORMAL_ENTERPRISE,2011,2025,15,READY,UNKNOWN,PASS,PASS,UNKNOWN,PASS,FAIL,WATCH,UNKNOWN,WATCH,3,0,2,1,POSSIBLY_CYCLICAL,HIGH_RISK,WEAK_BUSINESS,READY,22759.30502633913,-54.66,43.0,FAIL,AVOID,"Phát hiện rủi ro tài chính nghiêm trọng (WEAK_PROFITABILITY_ROE, UNSTABLE_EARNINGS_HISTORY)."
PMB,NORMAL_ENTERPRISE,2016,2025,10,READY,UNKNOWN,FAIL,FAIL,UNKNOWN,PASS,FAIL,WATCH,UNKNOWN,PASS,2,0,2,0,POSSIBLY_STRUCTURAL,HIGH_RISK,DETERIORATING_BUSINESS,READY,21303.885074016285,53.99900081158076,50.0,PASS,AVOID,"Phát hiện rủi ro tài chính nghiêm trọng (PROFIT_CASH_DIVERGENCE, WEAK_PROFITABILITY_ROE)."
PMC,NORMAL_ENTERPRISE,2016,2025,10,READY,UNKNOWN,WATCH,WATCH,UNKNOWN,PASS,PASS,WATCH,UNKNOWN,PASS,1,0,0,1,POSSIBLY_CYCLICAL,WATCH,AVERAGE_BUSINESS,READY,12531.81123231555,-857.563099024012,33.0,FAIL,WAIT_FOR_MOS,Doanh nghiệp có chất lượng tốt (AVERAGE_BUSINESS) nhưng mức giá hiện tại (MOS -857.6%) chưa đạt Biên an toàn yêu cầu (33.0%).
PMG,NORMAL_ENTERPRISE,2016,2025,10,READY,UNKNOWN,FAIL,FAIL,UNKNOWN,WATCH,FAIL,WATCH,UNKNOWN,PASS,3,0,3,0,POSSIBLY_STRUCTURAL,HIGH_RISK,DETERIORATING_BUSINESS,READY,5314.065382169804,-13.85,40.0,FAIL,AVOID,"Phát hiện rủi ro tài chính nghiêm trọng (PROFIT_CASH_DIVERGENCE, WEAK_PROFITABILITY_ROE, UNSTABLE_EARNINGS_HISTORY)."
PMJ,NORMAL_ENTERPRISE,2016,2025,10,READY,UNKNOWN,FAIL,FAIL,UNKNOWN,WATCH,FAIL,WATCH,UNKNOWN,PASS,3,0,3,0,POSSIBLY_STRUCTURAL,HIGH_RISK,DETERIORATING_BUSINESS,INCOMPLETE,,,0.0,UNKNOWN,AVOID,"Phát hiện rủi ro tài chính nghiêm trọng (PROFIT_CASH_DIVERGENCE, WEAK_PROFITABILITY_ROE, UNSTABLE_EARNINGS_HISTORY)."
PMP,NORMAL_ENTERPRISE,2016,2025,10,READY,UNKNOWN,FAIL,FAIL,UNKNOWN,FAIL,WATCH,WATCH,UNKNOWN,PASS,2,0,2,0,POSSIBLY_STRUCTURAL,HIGH_RISK,DETERIORATING_BUSINESS,READY,25264.211711896765,48.54,50.0,FAIL,AVOID,"Phát hiện rủi ro tài chính nghiêm trọng (PROFIT_CASH_DIVERGENCE, EXCESSIVE_DEBT_LEVERAGE)."
PMS,NORMAL_ENTERPRISE,2016,2025,10,READY,UNKNOWN,WATCH,WATCH,UNKNOWN,WATCH,PASS,WATCH,UNKNOWN,PASS,1,0,0,1,POSSIBLY_CYCLICAL,WATCH,AVERAGE_BUSINESS,READY,9475.620953983023,-264.0922338234532,45.0,FAIL,WAIT_FOR_MOS,Doanh nghiệp có chất lượng tốt (AVERAGE_BUSINESS) nhưng mức giá hiện tại (MOS -264.1%) chưa đạt Biên an toàn yêu cầu (45.0%).
PMT,NORMAL_ENTERPRISE,2016,2025,10,READY,UNKNOWN,FAIL,FAIL,UNKNOWN,PASS,FAIL,WATCH,UNKNOWN,PASS,3,0,3,0,POSSIBLY_STRUCTURAL,HIGH_RISK,DETERIORATING_BUSINESS,READY,2702.2749567107803,-129.44,40.0,FAIL,AVOID,"Phát hiện rủi ro tài chính nghiêm trọng (PROFIT_CASH_DIVERGENCE, WEAK_PROFITABILITY_ROE, UNSTABLE_EARNINGS_HISTORY)."
PMW,NORMAL_ENTERPRISE,2016,2025,10,READY,UNKNOWN,PASS,PASS,UNKNOWN,PASS,PASS,PASS,UNKNOWN,PASS,1,0,0,1,POSSIBLY_CYCLICAL,WATCH,AVERAGE_BUSINESS,READY,21237.242768364085,-62.45,35.0,FAIL,WAIT_FOR_MOS,Doanh nghiệp có chất lượng tốt (AVERAGE_BUSINESS) nhưng mức giá hiện tại (MOS -62.5%) chưa đạt Biên an toàn yêu cầu (35.0%).
PNC,NORMAL_ENTERPRISE,2016,2025,10,READY,UNKNOWN,WATCH,WATCH,UNKNOWN,FAIL,FAIL,WATCH,UNKNOWN,PASS,4,0,3,1,POSSIBLY_STRUCTURAL,HIGH_RISK,DETERIORATING_BUSINESS,READY,1177.2307521266123,-2100.08,45.0,FAIL,AVOID,"Phát hiện rủi ro tài chính nghiêm trọng (WEAK_PROFITABILITY_ROE, UNSTABLE_EARNINGS_HISTORY, EXCESSIVE_DEBT_LEVERAGE)."
PND,NORMAL_ENTERPRISE,2016,2025,10,READY,UNKNOWN,FAIL,FAIL,UNKNOWN,FAIL,FAIL,WATCH,UNKNOWN,PASS,4,0,4,0,POSSIBLY_STRUCTURAL,HIGH_RISK,DETERIORATING_BUSINESS,READY,5798.300719429582,-20.73,40.0,FAIL,AVOID,"Phát hiện rủi ro tài chính nghiêm trọng (PROFIT_CASH_DIVERGENCE, WEAK_PROFITABILITY_ROE, UNSTABLE_EARNINGS_HISTORY, EXCESSIVE_DEBT_LEVERAGE)."
PNG,NORMAL_ENTERPRISE,2016,2025,10,READY,UNKNOWN,PASS,PASS,UNKNOWN,PASS,PASS,PASS,UNKNOWN,PASS,1,0,1,0,NO_DETERIORATION,HIGH_RISK,AVERAGE_BUSINESS,READY,37710.47362437556,-8.72,35.0,FAIL,AVOID,Phát hiện rủi ro tài chính nghiêm trọng (UNSTABLE_EARNINGS_HISTORY).
PNJ,NORMAL_ENTERPRISE,2011,2025,15,READY,UNKNOWN,FAIL,FAIL,UNKNOWN,PASS,PASS,PASS,UNKNOWN,WATCH,3,0,2,1,POSSIBLY_STRUCTURAL,HIGH_RISK,DETERIORATING_BUSINESS,READY,69243.73317737487,46.13230932472654,40.0,PASS,AVOID,"Phát hiện rủi ro tài chính nghiêm trọng (PROFIT_CASH_DIVERGENCE, INVENTORY_BUILDUP)."
PNP,NORMAL_ENTERPRISE,2016,2025,10,READY,UNKNOWN,PASS,PASS,UNKNOWN,PASS,PASS,PASS,UNKNOWN,PASS,0,0,0,0,NO_DETERIORATION,CLEAR,COMPOUNDER,READY,118628.3008538361,83.39,40.0,PASS,BUY,Doanh nghiệp đạt chuẩn chất lượng BCTC và mức giá hiện tại (MOS 83.4%) đạt/vượt Biên an toàn yêu cầu (40.0%).
PNT,NORMAL_ENTERPRISE,2016,2025,10,READY,UNKNOWN,FAIL,FAIL,UNKNOWN,PASS,FAIL,WATCH,UNKNOWN,PASS,3,0,3,0,POSSIBLY_STRUCTURAL,HIGH_RISK,DETERIORATING_BUSINESS,READY,18101.505113344683,61.33,46.0,PASS,AVOID,"Phát hiện rủi ro tài chính nghiêm trọng (PROFIT_CASH_DIVERGENCE, WEAK_PROFITABILITY_ROE, UNSTABLE_EARNINGS_HISTORY)."
POB,NORMAL_ENTERPRISE,2016,2025,10,READY,UNKNOWN,PASS,PASS,UNKNOWN,PASS,FAIL,WATCH,UNKNOWN,PASS,2,0,2,0,NO_DETERIORATION,HIGH_RISK,WEAK_BUSINESS,READY,7128.186205537285,-545.33,46.0,FAIL,AVOID,"Phát hiện rủi ro tài chính nghiêm trọng (WEAK_PROFITABILITY_ROE, UNSTABLE_EARNINGS_HISTORY)."
POM,NORMAL_ENTERPRISE,2016,2025,10,READY,UNKNOWN,FAIL,FAIL,UNKNOWN,PASS,FAIL,WATCH,UNKNOWN,PASS,3,0,3,0,POSSIBLY_STRUCTURAL,HIGH_RISK,DETERIORATING_BUSINESS,READY,9537.37892141188,63.3,50.0,PASS,AVOID,"Phát hiện rủi ro tài chính nghiêm trọng (PROFIT_CASH_DIVERGENCE, WEAK_PROFITABILITY_ROE, UNSTABLE_EARNINGS_HISTORY)."
POS,NORMAL_ENTERPRISE,2016,2025,10,READY,UNKNOWN,FAIL,FAIL,UNKNOWN,WATCH,FAIL,PASS,UNKNOWN,PASS,2,0,2,0,POSSIBLY_STRUCTURAL,HIGH_RISK,DETERIORATING_BUSINESS,READY,14497.852632167953,-1.39,35.0,FAIL,AVOID,"Phát hiện rủi ro tài chính nghiêm trọng (PROFIT_CASH_DIVERGENCE, WEAK_PROFITABILITY_ROE)."
POT,NORMAL_ENTERPRISE,2016,2025,10,READY,UNKNOWN,FAIL,FAIL,UNKNOWN,FAIL,FAIL,WATCH,UNKNOWN,PASS,3,0,3,0,POSSIBLY_STRUCTURAL,HIGH_RISK,DETERIORATING_BUSINESS,INCOMPLETE,-112509.11230684069,,0.0,UNKNOWN,AVOID,"Phát hiện rủi ro tài chính nghiêm trọng (PROFIT_CASH_DIVERGENCE, WEAK_PROFITABILITY_ROE, EXCESSIVE_DEBT_LEVERAGE)."
POV,NORMAL_ENTERPRISE,2016,2025,10,READY,UNKNOWN,PASS,PASS,UNKNOWN,WATCH,FAIL,WATCH,UNKNOWN,PASS,1,0,1,0,NO_DETERIORATION,HIGH_RISK,WEAK_BUSINESS,READY,1035.9630618714186,-575.7,50.0,FAIL,AVOID,Phát hiện rủi ro tài chính nghiêm trọng (WEAK_PROFITABILITY_ROE).
POW,NORMAL_ENTERPRISE,2014,2025,12,READY,UNKNOWN,WATCH,WATCH,UNKNOWN,PASS,FAIL,WATCH,UNKNOWN,PASS,2,0,1,1,POSSIBLY_CYCLICAL,HIGH_RISK,WEAK_BUSINESS,INCOMPLETE,-4043.407724159454,,0.0,UNKNOWN,AVOID,Phát hiện rủi ro tài chính nghiêm trọng (WEAK_PROFITABILITY_ROE).
PPC,NORMAL_ENTERPRISE,2011,2025,15,READY,UNKNOWN,FAIL,FAIL,UNKNOWN,PASS,WATCH,PASS,UNKNOWN,PASS,1,0,1,0,POSSIBLY_STRUCTURAL,HIGH_RISK,DETERIORATING_BUSINESS,READY,13859.549408909328,36.21726263108246,35.0,PASS,AVOID,Phát hiện rủi ro tài chính nghiêm trọng (PROFIT_CASH_DIVERGENCE).
PPE,NORMAL_ENTERPRISE,2016,2025,10,READY,UNKNOWN,FAIL,FAIL,UNKNOWN,PASS,FAIL,WATCH,UNKNOWN,PASS,3,0,3,0,POSSIBLY_STRUCTURAL,HIGH_RISK,DETERIORATING_BUSINESS,READY,7426.2148354502215,-135.65,46.0,FAIL,AVOID,"Phát hiện rủi ro tài chính nghiêm trọng (PROFIT_CASH_DIVERGENCE, WEAK_PROFITABILITY_ROE, UNSTABLE_EARNINGS_HISTORY)."
PPH,NORMAL_ENTERPRISE,2016,2025,10,READY,UNKNOWN,FAIL,FAIL,UNKNOWN,PASS,PASS,PASS,UNKNOWN,PASS,1,0,1,0,POSSIBLY_STRUCTURAL,HIGH_RISK,DETERIORATING_BUSINESS,READY,60485.624254467744,57.51,45.0,PASS,AVOID,Phát hiện rủi ro tài chính nghiêm trọng (PROFIT_CASH_DIVERGENCE).
PPI,NORMAL_ENTERPRISE,2016,2023,8,READY,UNKNOWN,UNKNOWN,UNKNOWN,UNKNOWN,PASS,FAIL,WATCH,UNKNOWN,PASS,2,0,2,0,NO_DETERIORATION,HIGH_RISK,WEAK_BUSINESS,INCOMPLETE,,,0.0,UNKNOWN,AVOID,"Phát hiện rủi ro tài chính nghiêm trọng (WEAK_PROFITABILITY_ROE, UNSTABLE_EARNINGS_HISTORY)."
PPP,NORMAL_ENTERPRISE,2016,2025,10,READY,UNKNOWN,PASS,PASS,UNKNOWN,PASS,WATCH,PASS,UNKNOWN,PASS,0,0,0,0,NO_DETERIORATION,CLEAR,AVERAGE_BUSINESS,READY,22073.076602373978,16.1874878918768,35.0,FAIL,WAIT_FOR_MOS,Doanh nghiệp có chất lượng tốt (AVERAGE_BUSINESS) nhưng mức giá hiện tại (MOS 16.2%) chưa đạt Biên an toàn yêu cầu (35.0%).
PPS,NORMAL_ENTERPRISE,2016,2025,10,READY,UNKNOWN,WATCH,WATCH,UNKNOWN,PASS,FAIL,WATCH,UNKNOWN,PASS,2,0,1,1,POSSIBLY_CYCLICAL,HIGH_RISK,WEAK_BUSINESS,READY,10359.630618714187,3.47,50.0,FAIL,AVOID,Phát hiện rủi ro tài chính nghiêm trọng (WEAK_PROFITABILITY_ROE).
PPT,NORMAL_ENTERPRISE,2019,2025,7,READY,UNKNOWN,FAIL,FAIL,UNKNOWN,WATCH,FAIL,PASS,UNKNOWN,PASS,2,0,2,0,POSSIBLY_STRUCTURAL,HIGH_RISK,DETERIORATING_BUSINESS,READY,8849.085074046776,-68.38,50.0,FAIL,AVOID,"Phát hiện rủi ro tài chính nghiêm trọng (PROFIT_CASH_DIVERGENCE, WEAK_PROFITABILITY_ROE)."
PPY,NORMAL_ENTERPRISE,2016,2025,10,READY,UNKNOWN,PASS,PASS,UNKNOWN,WATCH,WATCH,WATCH,UNKNOWN,PASS,0,0,0,0,NO_DETERIORATION,CLEAR,AVERAGE_BUSINESS,READY,8354.5408215437,19.8,46.0,FAIL,WAIT_FOR_MOS,Doanh nghiệp có chất lượng tốt (AVERAGE_BUSINESS) nhưng mức giá hiện tại (MOS 19.8%) chưa đạt Biên an toàn yêu cầu (46.0%).
PQN,NORMAL_ENTERPRISE,2017,2025,9,READY,UNKNOWN,FAIL,FAIL,UNKNOWN,FAIL,PASS,WATCH,UNKNOWN,PASS,2,0,2,0,POSSIBLY_STRUCTURAL,HIGH_RISK,DETERIORATING_BUSINESS,READY,7773.391090621179,48.54,45.0,PASS,AVOID,"Phát hiện rủi ro tài chính nghiêm trọng (PROFIT_CASH_DIVERGENCE, EXCESSIVE_DEBT_LEVERAGE)."
PRC,NORMAL_ENTERPRISE,2016,2025,10,READY,UNKNOWN,FAIL,FAIL,UNKNOWN,WATCH,FAIL,WATCH,UNKNOWN,PASS,4,0,3,1,POSSIBLY_STRUCTURAL,HIGH_RISK,DETERIORATING_BUSINESS,READY,3132.9528080788873,-225.57,35.0,FAIL,AVOID,"Phát hiện rủi ro tài chính nghiêm trọng (PROFIT_CASH_DIVERGENCE, WEAK_PROFITABILITY_ROE, UNSTABLE_EARNINGS_HISTORY)."
PRE,NORMAL_ENTERPRISE,2017,2025,9,READY,UNKNOWN,PASS,PASS,UNKNOWN,FAIL,PASS,PASS,UNKNOWN,PASS,2,0,1,1,POSSIBLY_STRUCTURAL,HIGH_RISK,DETERIORATING_BUSINESS,READY,22290.501090765116,-30.5488821516715,35.0,FAIL,AVOID,Phát hiện rủi ro tài chính nghiêm trọng (EXCESSIVE_DEBT_LEVERAGE).
PRO,NORMAL_ENTERPRISE,2016,2025,10,READY,UNKNOWN,PASS,PASS,UNKNOWN,PASS,FAIL,WATCH,UNKNOWN,PASS,2,0,2,0,NO_DETERIORATION,HIGH_RISK,WEAK_BUSINESS,READY,21582.56378898789,69.88,40.0,PASS,AVOID,"Phát hiện rủi ro tài chính nghiêm trọng (WEAK_PROFITABILITY_ROE, UNSTABLE_EARNINGS_HISTORY)."
PRT,NORMAL_ENTERPRISE,2016,2025,10,READY,UNKNOWN,FAIL,FAIL,UNKNOWN,PASS,FAIL,WATCH,UNKNOWN,PASS,3,0,2,1,POSSIBLY_STRUCTURAL,HIGH_RISK,DETERIORATING_BUSINESS,READY,4618.668650843409,-107.85,46.0,FAIL,AVOID,"Phát hiện rủi ro tài chính nghiêm trọng (PROFIT_CASH_DIVERGENCE, WEAK_PROFITABILITY_ROE)."
PSB,NORMAL_ENTERPRISE,2016,2025,10,READY,UNKNOWN,FAIL,FAIL,UNKNOWN,PASS,FAIL,PASS,UNKNOWN,PASS,3,0,3,0,POSSIBLY_STRUCTURAL,HIGH_RISK,DETERIORATING_BUSINESS,READY,258.99076546785466,-1830.57,45.0,FAIL,AVOID,"Phát hiện rủi ro tài chính nghiêm trọng (PROFIT_CASH_DIVERGENCE, WEAK_PROFITABILITY_ROE, UNSTABLE_EARNINGS_HISTORY)."
PSC,NORMAL_ENTERPRISE,2016,2025,10,READY,UNKNOWN,PASS,PASS,UNKNOWN,WATCH,FAIL,WATCH,UNKNOWN,PASS,1,0,1,0,NO_DETERIORATION,HIGH_RISK,WEAK_BUSINESS,READY,7506.319324196612,-23.9,50.0,FAIL,AVOID,Phát hiện rủi ro tài chính nghiêm trọng (WEAK_PROFITABILITY_ROE).
PSD,NORMAL_ENTERPRISE,2011,2025,15,READY,UNKNOWN,FAIL,FAIL,UNKNOWN,FAIL,PASS,WATCH,UNKNOWN,PASS,2,0,2,0,POSSIBLY_STRUCTURAL,HIGH_RISK,DETERIORATING_BUSINESS,READY,17886.613038241765,35.71,40.0,FAIL,AVOID,"Phát hiện rủi ro tài chính nghiêm trọng (PROFIT_CASH_DIVERGENCE, EXCESSIVE_DEBT_LEVERAGE)."
PSE,NORMAL_ENTERPRISE,2016,2025,10,READY,UNKNOWN,FAIL,FAIL,UNKNOWN,PASS,WATCH,WATCH,UNKNOWN,PASS,1,0,1,0,POSSIBLY_STRUCTURAL,HIGH_RISK,DETERIORATING_BUSINESS,READY,7251.741433099931,-46.17,50.0,FAIL,AVOID,Phát hiện rủi ro tài chính nghiêm trọng (PROFIT_CASH_DIVERGENCE).
PSH,NORMAL_ENTERPRISE,2016,2025,10,READY,UNKNOWN,FAIL,FAIL,UNKNOWN,FAIL,FAIL,WATCH,UNKNOWN,PASS,4,0,4,0,POSSIBLY_STRUCTURAL,HIGH_RISK,DETERIORATING_BUSINESS,INCOMPLETE,,,0.0,UNKNOWN,AVOID,"Phát hiện rủi ro tài chính nghiêm trọng (PROFIT_CASH_DIVERGENCE, WEAK_PROFITABILITY_ROE, UNSTABLE_EARNINGS_HISTORY, EXCESSIVE_DEBT_LEVERAGE)."
PSI,NORMAL_ENTERPRISE,2011,2025,15,READY,UNKNOWN,FAIL,FAIL,UNKNOWN,FAIL,FAIL,WATCH,UNKNOWN,PASS,3,0,3,0,POSSIBLY_STRUCTURAL,HIGH_RISK,DETERIORATING_BUSINESS,READY,14135.08024935065,42.69576219510954,45.0,FAIL,AVOID,"Phát hiện rủi ro tài chính nghiêm trọng (PROFIT_CASH_DIVERGENCE, WEAK_PROFITABILITY_ROE, EXCESSIVE_DEBT_LEVERAGE)."
PSL,NORMAL_ENTERPRISE,2016,2025,10,READY,UNKNOWN,FAIL,FAIL,UNKNOWN,PASS,FAIL,WATCH,UNKNOWN,PASS,4,0,3,1,POSSIBLY_STRUCTURAL,HIGH_RISK,DETERIORATING_BUSINESS,READY,41701.902914315586,86.33,40.0,PASS,AVOID,"Phát hiện rủi ro tài chính nghiêm trọng (PROFIT_CASH_DIVERGENCE, WEAK_PROFITABILITY_ROE, UNSTABLE_EARNINGS_HISTORY)."
PSN,NORMAL_ENTERPRISE,2016,2025,10,READY,UNKNOWN,PASS,PASS,UNKNOWN,FAIL,FAIL,WATCH,UNKNOWN,PASS,2,0,2,0,POSSIBLY_STRUCTURAL,HIGH_RISK,DETERIORATING_BUSINESS,READY,16834.399755410555,44.76,50.0,FAIL,AVOID,"Phát hiện rủi ro tài chính nghiêm trọng (WEAK_PROFITABILITY_ROE, EXCESSIVE_DEBT_LEVERAGE)."
PSP,NORMAL_ENTERPRISE,2016,2025,10,READY,UNKNOWN,PASS,PASS,UNKNOWN,PASS,FAIL,PASS,UNKNOWN,PASS,1,0,1,0,NO_DETERIORATION,HIGH_RISK,WEAK_BUSINESS,READY,5179.815309357094,-247.5,43.0,FAIL,AVOID,Phát hiện rủi ro tài chính nghiêm trọng (WEAK_PROFITABILITY_ROE).
PSW,NORMAL_ENTERPRISE,2016,2025,10,READY,UNKNOWN,FAIL,FAIL,UNKNOWN,PASS,FAIL,WATCH,UNKNOWN,PASS,2,0,2,0,POSSIBLY_STRUCTURAL,HIGH_RISK,DETERIORATING_BUSINESS,READY,10711.58827947723,29.98,50.0,FAIL,AVOID,"Phát hiện rủi ro tài chính nghiêm trọng (PROFIT_CASH_DIVERGENCE, WEAK_PROFITABILITY_ROE)."
PTB,NORMAL_ENTERPRISE,2011,2025,15,READY,UNKNOWN,PASS,PASS,UNKNOWN,PASS,PASS,PASS,UNKNOWN,PASS,0,0,0,0,NO_DETERIORATION,CLEAR,POTENTIAL_COMPOUNDER,READY,37535.97728189838,20.076677970317775,43.0,FAIL,WAIT_FOR_MOS,Doanh nghiệp có chất lượng tốt (POTENTIAL_COMPOUNDER) nhưng mức giá hiện tại (MOS 20.1%) chưa đạt Biên an toàn yêu cầu (43.0%).
PTC,NORMAL_ENTERPRISE,2016,2025,10,READY,UNKNOWN,FAIL,FAIL,UNKNOWN,PASS,FAIL,PASS,UNKNOWN,PASS,4,0,3,1,POSSIBLY_STRUCTURAL,HIGH_RISK,DETERIORATING_BUSINESS,READY,6013.71746442387,1.06,45.0,FAIL,AVOID,"Phát hiện rủi ro tài chính nghiêm trọng (PROFIT_CASH_DIVERGENCE, WEAK_PROFITABILITY_ROE, UNSTABLE_EARNINGS_HISTORY)."
PTD,NORMAL_ENTERPRISE,2016,2025,10,READY,UNKNOWN,FAIL,FAIL,UNKNOWN,FAIL,FAIL,WATCH,UNKNOWN,PASS,5,0,4,1,POSSIBLY_STRUCTURAL,HIGH_RISK,DETERIORATING_BUSINESS,READY,1294.9538273392734,-463.73,45.0,FAIL,AVOID,"Phát hiện rủi ro tài chính nghiêm trọng (PROFIT_CASH_DIVERGENCE, WEAK_PROFITABILITY_ROE, UNSTABLE_EARNINGS_HISTORY, EXCESSIVE_DEBT_LEVERAGE)."
PTE,NORMAL_ENTERPRISE,2016,2025,10,READY,UNKNOWN,UNKNOWN,UNKNOWN,UNKNOWN,PASS,FAIL,WATCH,UNKNOWN,PASS,2,0,2,0,NO_DETERIORATION,HIGH_RISK,WEAK_BUSINESS,INCOMPLETE,,,0.0,UNKNOWN,AVOID,"Phát hiện rủi ro tài chính nghiêm trọng (WEAK_PROFITABILITY_ROE, UNSTABLE_EARNINGS_HISTORY)."
PTG,NORMAL_ENTERPRISE,2016,2025,10,READY,UNKNOWN,PASS,PASS,UNKNOWN,WATCH,PASS,PASS,UNKNOWN,PASS,0,0,0,0,NO_DETERIORATION,CLEAR,COMPOUNDER,READY,192059.07153661014,99.17,30.0,PASS,BUY,Doanh nghiệp đạt chuẩn chất lượng BCTC và mức giá hiện tại (MOS 99.2%) đạt/vượt Biên an toàn yêu cầu (30.0%).
PTH,NORMAL_ENTERPRISE,2016,2025,9,READY,UNKNOWN,PASS,PASS,UNKNOWN,WATCH,FAIL,WATCH,UNKNOWN,PASS,2,0,1,1,POSSIBLY_CYCLICAL,HIGH_RISK,WEAK_BUSINESS,READY,9249.670195280525,-29.73,46.0,FAIL,AVOID,Phát hiện rủi ro tài chính nghiêm trọng (WEAK_PROFITABILITY_ROE).
PTI,NORMAL_ENTERPRISE,2016,2025,10,READY,UNKNOWN,FAIL,FAIL,UNKNOWN,FAIL,WATCH,PASS,UNKNOWN,PASS,2,0,2,0,POSSIBLY_STRUCTURAL,HIGH_RISK,DETERIORATING_BUSINESS,READY,28256.95910004969,34.52940235183528,30.0,PASS,AVOID,"Phát hiện rủi ro tài chính nghiêm trọng (PROFIT_CASH_DIVERGENCE, EXCESSIVE_DEBT_LEVERAGE)."
PTL,NORMAL_ENTERPRISE,2016,2025,10,READY,UNKNOWN,FAIL,FAIL,UNKNOWN,FAIL,FAIL,WATCH,UNKNOWN,PASS,4,0,4,0,POSSIBLY_STRUCTURAL,HIGH_RISK,DETERIORATING_BUSINESS,READY,736.6805116766619,-138.91,50.0,FAIL,AVOID,"Phát hiện rủi ro tài chính nghiêm trọng (PROFIT_CASH_DIVERGENCE, WEAK_PROFITABILITY_ROE, UNSTABLE_EARNINGS_HISTORY, EXCESSIVE_DEBT_LEVERAGE)."
PTM,NORMAL_ENTERPRISE,2016,2025,5,READY,UNKNOWN,PASS,PASS,UNKNOWN,PASS,WATCH,WATCH,UNKNOWN,PASS,0,0,0,0,NO_DETERIORATION,CLEAR,AVERAGE_BUSINESS,READY,16036.381525394869,32.03,40.0,FAIL,WAIT_FOR_MOS,Doanh nghiệp có chất lượng tốt (AVERAGE_BUSINESS) nhưng mức giá hiện tại (MOS 32.0%) chưa đạt Biên an toàn yêu cầu (40.0%).
PTO,NORMAL_ENTERPRISE,2016,2025,10,READY,UNKNOWN,FAIL,FAIL,UNKNOWN,WATCH,FAIL,WATCH,UNKNOWN,PASS,2,0,2,0,POSSIBLY_STRUCTURAL,HIGH_RISK,DETERIORATING_BUSINESS,READY,5629.739493147459,-255.26,40.0,FAIL,AVOID,"Phát hiện rủi ro tài chính nghiêm trọng (PROFIT_CASH_DIVERGENCE, WEAK_PROFITABILITY_ROE)."
PTP,NORMAL_ENTERPRISE,2016,2025,9,READY,UNKNOWN,WATCH,WATCH,UNKNOWN,WATCH,FAIL,WATCH,UNKNOWN,PASS,2,0,1,1,POSSIBLY_CYCLICAL,HIGH_RISK,WEAK_BUSINESS,READY,1904.3438637342256,-493.38,50.0,FAIL,AVOID,Phát hiện rủi ro tài chính nghiêm trọng (WEAK_PROFITABILITY_ROE).
PTS,NORMAL_ENTERPRISE,2016,2025,10,READY,UNKNOWN,PASS,PASS,UNKNOWN,WATCH,FAIL,PASS,UNKNOWN,PASS,1,0,1,0,NO_DETERIORATION,HIGH_RISK,WEAK_BUSINESS,READY,39215.72362198719,73.99,36.0,PASS,AVOID,Phát hiện rủi ro tài chính nghiêm trọng (WEAK_PROFITABILITY_ROE).
PTT,NORMAL_ENTERPRISE,2016,2025,10,READY,UNKNOWN,PASS,PASS,UNKNOWN,WATCH,FAIL,PASS,UNKNOWN,PASS,2,0,1,1,POSSIBLY_CYCLICAL,HIGH_RISK,WEAK_BUSINESS,READY,14582.38549506589,41.71,40.0,PASS,AVOID,Phát hiện rủi ro tài chính nghiêm trọng (WEAK_PROFITABILITY_ROE).
PTV,NORMAL_ENTERPRISE,2016,2025,10,READY,UNKNOWN,FAIL,FAIL,UNKNOWN,FAIL,FAIL,WATCH,UNKNOWN,PASS,4,0,4,0,POSSIBLY_STRUCTURAL,HIGH_RISK,DETERIORATING_BUSINESS,READY,323.73845683481835,-1290.01,40.0,FAIL,AVOID,"Phát hiện rủi ro tài chính nghiêm trọng (PROFIT_CASH_DIVERGENCE, WEAK_PROFITABILITY_ROE, UNSTABLE_EARNINGS_HISTORY, EXCESSIVE_DEBT_LEVERAGE)."
PTX,NORMAL_ENTERPRISE,2016,2025,10,READY,UNKNOWN,PASS,PASS,UNKNOWN,FAIL,WATCH,PASS,UNKNOWN,PASS,2,0,1,1,POSSIBLY_STRUCTURAL,HIGH_RISK,DETERIORATING_BUSINESS,READY,41776.396202405085,48.06,38.0,PASS,AVOID,Phát hiện rủi ro tài chính nghiêm trọng (EXCESSIVE_DEBT_LEVERAGE).
PV2,NORMAL_ENTERPRISE,2016,2025,10,READY,UNKNOWN,FAIL,FAIL,UNKNOWN,PASS,FAIL,WATCH,UNKNOWN,PASS,3,0,3,0,POSSIBLY_STRUCTURAL,HIGH_RISK,DETERIORATING_BUSINESS,READY,2147.070888081696,20.82,50.0,FAIL,AVOID,"Phát hiện rủi ro tài chính nghiêm trọng (PROFIT_CASH_DIVERGENCE, WEAK_PROFITABILITY_ROE, UNSTABLE_EARNINGS_HISTORY)."
PVC,NORMAL_ENTERPRISE,2011,2025,15,READY,UNKNOWN,FAIL,FAIL,UNKNOWN,PASS,FAIL,WATCH,UNKNOWN,WATCH,4,0,3,1,POSSIBLY_STRUCTURAL,HIGH_RISK,DETERIORATING_BUSINESS,READY,3825.5899730868177,-216.29,50.0,FAIL,AVOID,"Phát hiện rủi ro tài chính nghiêm trọng (PROFIT_CASH_DIVERGENCE, WEAK_PROFITABILITY_ROE, UNSTABLE_EARNINGS_HISTORY)."
PVD,NORMAL_ENTERPRISE,2011,2025,15,READY,UNKNOWN,FAIL,FAIL,UNKNOWN,PASS,FAIL,WATCH,UNKNOWN,PASS,2,0,2,0,POSSIBLY_STRUCTURAL,HIGH_RISK,DETERIORATING_BUSINESS,READY,4646.924032609991,-299.19,50.0,FAIL,AVOID,"Phát hiện rủi ro tài chính nghiêm trọng (PROFIT_CASH_DIVERGENCE, WEAK_PROFITABILITY_ROE)."
PVE,NORMAL_ENTERPRISE,2016,2025,10,READY,UNKNOWN,FAIL,FAIL,UNKNOWN,PASS,FAIL,WATCH,UNKNOWN,PASS,3,0,3,0,POSSIBLY_STRUCTURAL,HIGH_RISK,DETERIORATING_BUSINESS,READY,16575.408989942698,87.93,50.0,PASS,AVOID,"Phát hiện rủi ro tài chính nghiêm trọng (PROFIT_CASH_DIVERGENCE, WEAK_PROFITABILITY_ROE, UNSTABLE_EARNINGS_HISTORY)."
PVG,NORMAL_ENTERPRISE,2011,2025,15,READY,UNKNOWN,FAIL,FAIL,UNKNOWN,PASS,FAIL,WATCH,UNKNOWN,PASS,2,0,2,0,POSSIBLY_STRUCTURAL,HIGH_RISK,DETERIORATING_BUSINESS,READY,6846.493994326155,9.442701547126452,35.0,FAIL,AVOID,"Phát hiện rủi ro tài chính nghiêm trọng (PROFIT_CASH_DIVERGENCE, WEAK_PROFITABILITY_ROE)."
PVH,NORMAL_ENTERPRISE,2016,2025,10,READY,UNKNOWN,FAIL,FAIL,UNKNOWN,FAIL,FAIL,WATCH,UNKNOWN,PASS,4,0,4,0,POSSIBLY_STRUCTURAL,HIGH_RISK,DETERIORATING_BUSINESS,READY,616.6446796853683,18.92,45.0,FAIL,AVOID,"Phát hiện rủi ro tài chính nghiêm trọng (PROFIT_CASH_DIVERGENCE, WEAK_PROFITABILITY_ROE, UNSTABLE_EARNINGS_HISTORY, EXCESSIVE_DEBT_LEVERAGE)."
PVI,NORMAL_ENTERPRISE,2011,2025,15,READY,UNKNOWN,PASS,PASS,UNKNOWN,FAIL,FAIL,PASS,UNKNOWN,WATCH,3,0,2,1,POSSIBLY_STRUCTURAL,HIGH_RISK,DETERIORATING_BUSINESS,READY,49756.456608555105,-30.23435432670724,30.0,FAIL,AVOID,"Phát hiện rủi ro tài chính nghiêm trọng (WEAK_PROFITABILITY_ROE, EXCESSIVE_DEBT_LEVERAGE)."
PVL,NORMAL_ENTERPRISE,2016,2025,10,READY,UNKNOWN,FAIL,FAIL,UNKNOWN,PASS,FAIL,WATCH,UNKNOWN,PASS,3,0,3,0,POSSIBLY_STRUCTURAL,HIGH_RISK,DETERIORATING_BUSINESS,INCOMPLETE,,,0.0,UNKNOWN,AVOID,"Phát hiện rủi ro tài chính nghiêm trọng (PROFIT_CASH_DIVERGENCE, WEAK_PROFITABILITY_ROE, UNSTABLE_EARNINGS_HISTORY)."
PVM,NORMAL_ENTERPRISE,2016,2025,10,READY,UNKNOWN,FAIL,FAIL,UNKNOWN,PASS,FAIL,WATCH,UNKNOWN,PASS,2,0,2,0,POSSIBLY_STRUCTURAL,HIGH_RISK,DETERIORATING_BUSINESS,READY,21806.217299754604,17.45,46.0,FAIL,AVOID,"Phát hiện rủi ro tài chính nghiêm trọng (PROFIT_CASH_DIVERGENCE, WEAK_PROFITABILITY_ROE)."
PVO,NORMAL_ENTERPRISE,2016,2025,10,READY,UNKNOWN,PASS,PASS,UNKNOWN,PASS,FAIL,WATCH,UNKNOWN,PASS,2,0,2,0,NO_DETERIORATION,HIGH_RISK,WEAK_BUSINESS,READY,2910.0086007624122,-102.75,45.0,FAIL,AVOID,"Phát hiện rủi ro tài chính nghiêm trọng (WEAK_PROFITABILITY_ROE, UNSTABLE_EARNINGS_HISTORY)."
PVP,NORMAL_ENTERPRISE,2011,2025,15,READY,UNKNOWN,PASS,PASS,UNKNOWN,PASS,WATCH,PASS,UNKNOWN,PASS,0,0,0,0,NO_DETERIORATION,CLEAR,AVERAGE_BUSINESS,READY,75556.61821173964,74.98564593370935,35.0,PASS,BUY,Doanh nghiệp đạt chuẩn chất lượng BCTC và mức giá hiện tại (MOS 75.0%) đạt/vượt Biên an toàn yêu cầu (35.0%).
PVR,NORMAL_ENTERPRISE,2016,2025,10,READY,UNKNOWN,FAIL,FAIL,UNKNOWN,WATCH,FAIL,WATCH,UNKNOWN,PASS,3,0,3,0,POSSIBLY_STRUCTURAL,HIGH_RISK,DETERIORATING_BUSINESS,INCOMPLETE,,,0.0,UNKNOWN,AVOID,"Phát hiện rủi ro tài chính nghiêm trọng (PROFIT_CASH_DIVERGENCE, WEAK_PROFITABILITY_ROE, UNSTABLE_EARNINGS_HISTORY)."
PVS,NORMAL_ENTERPRISE,2011,2025,15,READY,UNKNOWN,FAIL,FAIL,UNKNOWN,PASS,FAIL,WATCH,UNKNOWN,WATCH,3,0,2,1,POSSIBLY_STRUCTURAL,HIGH_RISK,DETERIORATING_BUSINESS,READY,14920.784522005071,-114.46,50.0,FAIL,AVOID,"Phát hiện rủi ro tài chính nghiêm trọng (PROFIT_CASH_DIVERGENCE, WEAK_PROFITABILITY_ROE)."
PVT,NORMAL_ENTERPRISE,2011,2025,15,READY,UNKNOWN,PASS,PASS,UNKNOWN,PASS,FAIL,PASS,UNKNOWN,WATCH,2,0,1,1,POSSIBLY_CYCLICAL,HIGH_RISK,WEAK_BUSINESS,READY,39269.516125091686,43.72225028288809,35.0,PASS,AVOID,Phát hiện rủi ro tài chính nghiêm trọng (WEAK_PROFITABILITY_ROE).
PVV,NORMAL_ENTERPRISE,2016,2025,10,READY,UNKNOWN,FAIL,FAIL,UNKNOWN,PASS,FAIL,WATCH,UNKNOWN,PASS,3,0,3,0,POSSIBLY_STRUCTURAL,HIGH_RISK,DETERIORATING_BUSINESS,READY,90281.58652753684,98.56,41.0,PASS,AVOID,"Phát hiện rủi ro tài chính nghiêm trọng (PROFIT_CASH_DIVERGENCE, WEAK_PROFITABILITY_ROE, UNSTABLE_EARNINGS_HISTORY)."
PVX,NORMAL_ENTERPRISE,2016,2025,10,READY,UNKNOWN,FAIL,FAIL,UNKNOWN,FAIL,FAIL,WATCH,UNKNOWN,PASS,4,0,4,0,POSSIBLY_STRUCTURAL,HIGH_RISK,DETERIORATING_BUSINESS,READY,15960.305921956546,90.6,50.0,PASS,AVOID,"Phát hiện rủi ro tài chính nghiêm trọng (PROFIT_CASH_DIVERGENCE, WEAK_PROFITABILITY_ROE, UNSTABLE_EARNINGS_HISTORY, EXCESSIVE_DEBT_LEVERAGE)."
PVY,NORMAL_ENTERPRISE,2016,2025,10,READY,UNKNOWN,UNKNOWN,UNKNOWN,UNKNOWN,PASS,FAIL,WATCH,UNKNOWN,PASS,2,0,2,0,NO_DETERIORATION,HIGH_RISK,WEAK_BUSINESS,READY,27559.805182475662,93.47,45.0,PASS,AVOID,"Phát hiện rủi ro tài chính nghiêm trọng (WEAK_PROFITABILITY_ROE, UNSTABLE_EARNINGS_HISTORY)."
PWA,NORMAL_ENTERPRISE,2016,2025,10,READY,UNKNOWN,PASS,PASS,UNKNOWN,FAIL,FAIL,WATCH,UNKNOWN,PASS,3,0,3,0,POSSIBLY_STRUCTURAL,HIGH_RISK,DETERIORATING_BUSINESS,READY,29407.810748382875,79.6,46.0,PASS,AVOID,"Phát hiện rủi ro tài chính nghiêm trọng (WEAK_PROFITABILITY_ROE, UNSTABLE_EARNINGS_HISTORY, EXCESSIVE_DEBT_LEVERAGE)."
PWS,NORMAL_ENTERPRISE,2016,2025,10,READY,UNKNOWN,PASS,PASS,UNKNOWN,PASS,FAIL,PASS,UNKNOWN,PASS,2,0,1,1,POSSIBLY_CYCLICAL,HIGH_RISK,WEAK_BUSINESS,READY,10384.077089106786,-39.64,35.0,FAIL,AVOID,Phát hiện rủi ro tài chính nghiêm trọng (WEAK_PROFITABILITY_ROE).
PXA,NORMAL_ENTERPRISE,2016,2025,10,READY,UNKNOWN,FAIL,FAIL,UNKNOWN,FAIL,FAIL,WATCH,UNKNOWN,PASS,4,0,4,0,POSSIBLY_STRUCTURAL,HIGH_RISK,DETERIORATING_BUSINESS,READY,610.093164802925,1.65,35.0,FAIL,AVOID,"Phát hiện rủi ro tài chính nghiêm trọng (PROFIT_CASH_DIVERGENCE, WEAK_PROFITABILITY_ROE, UNSTABLE_EARNINGS_HISTORY, EXCESSIVE_DEBT_LEVERAGE)."
PXI,NORMAL_ENTERPRISE,2016,2025,10,READY,UNKNOWN,FAIL,FAIL,UNKNOWN,WATCH,FAIL,WATCH,UNKNOWN,PASS,3,0,3,0,POSSIBLY_STRUCTURAL,HIGH_RISK,DETERIORATING_BUSINESS,READY,215.8256378898789,-178.0,35.0,FAIL,AVOID,"Phát hiện rủi ro tài chính nghiêm trọng (PROFIT_CASH_DIVERGENCE, WEAK_PROFITABILITY_ROE, UNSTABLE_EARNINGS_HISTORY)."
PXL,NORMAL_ENTERPRISE,2011,2025,15,READY,UNKNOWN,FAIL,FAIL,UNKNOWN,PASS,FAIL,WATCH,UNKNOWN,PASS,4,0,4,0,POSSIBLY_STRUCTURAL,HIGH_RISK,DETERIORATING_BUSINESS,READY,175.254157412323,-5606.0,40.0,FAIL,AVOID,"Phát hiện rủi ro tài chính nghiêm trọng (PROFIT_CASH_DIVERGENCE, INVENTORY_BUILDUP, WEAK_PROFITABILITY_ROE, UNSTABLE_EARNINGS_HISTORY)."
PXM,NORMAL_ENTERPRISE,2016,2025,10,READY,UNKNOWN,UNKNOWN,UNKNOWN,UNKNOWN,PASS,PASS,WATCH,UNKNOWN,PASS,1,0,1,0,NO_DETERIORATION,HIGH_RISK,WEAK_BUSINESS,INCOMPLETE,,,0.0,UNKNOWN,AVOID,Phát hiện rủi ro tài chính nghiêm trọng (UNSTABLE_EARNINGS_HISTORY).
PXS,NORMAL_ENTERPRISE,2016,2025,10,READY,UNKNOWN,FAIL,FAIL,UNKNOWN,FAIL,FAIL,WATCH,UNKNOWN,PASS,4,0,4,0,POSSIBLY_STRUCTURAL,HIGH_RISK,DETERIORATING_BUSINESS,READY,4424.4255767425175,45.76,35.0,PASS,AVOID,"Phát hiện rủi ro tài chính nghiêm trọng (PROFIT_CASH_DIVERGENCE, WEAK_PROFITABILITY_ROE, UNSTABLE_EARNINGS_HISTORY, EXCESSIVE_DEBT_LEVERAGE)."
PXT,NORMAL_ENTERPRISE,2016,2025,10,READY,UNKNOWN,FAIL,FAIL,UNKNOWN,FAIL,FAIL,WATCH,UNKNOWN,PASS,4,0,4,0,POSSIBLY_STRUCTURAL,HIGH_RISK,DETERIORATING_BUSINESS,READY,647.4769136696367,-100.78,50.0,FAIL,AVOID,"Phát hiện rủi ro tài chính nghiêm trọng (PROFIT_CASH_DIVERGENCE, WEAK_PROFITABILITY_ROE, UNSTABLE_EARNINGS_HISTORY, EXCESSIVE_DEBT_LEVERAGE)."
QBS,NORMAL_ENTERPRISE,2016,2025,10,READY,UNKNOWN,FAIL,FAIL,UNKNOWN,PASS,FAIL,WATCH,UNKNOWN,PASS,3,0,3,0,POSSIBLY_STRUCTURAL,HIGH_RISK,DETERIORATING_BUSINESS,INCOMPLETE,,,0.0,UNKNOWN,AVOID,"Phát hiện rủi ro tài chính nghiêm trọng (PROFIT_CASH_DIVERGENCE, WEAK_PROFITABILITY_ROE, UNSTABLE_EARNINGS_HISTORY)."
QCC,NORMAL_ENTERPRISE,2016,2025,9,READY,UNKNOWN,FAIL,FAIL,UNKNOWN,PASS,FAIL,WATCH,UNKNOWN,PASS,2,0,2,0,POSSIBLY_STRUCTURAL,HIGH_RISK,DETERIORATING_BUSINESS,READY,4316.512757797578,-140.94,40.0,FAIL,AVOID,"Phát hiện rủi ro tài chính nghiêm trọng (PROFIT_CASH_DIVERGENCE, WEAK_PROFITABILITY_ROE)."
QCG,NORMAL_ENTERPRISE,2011,2025,15,READY,UNKNOWN,FAIL,FAIL,UNKNOWN,PASS,FAIL,WATCH,UNKNOWN,WATCH,3,0,2,1,POSSIBLY_STRUCTURAL,HIGH_RISK,DETERIORATING_BUSINESS,READY,6851.904691414586,-49.59,50.0,FAIL,AVOID,"Phát hiện rủi ro tài chính nghiêm trọng (PROFIT_CASH_DIVERGENCE, WEAK_PROFITABILITY_ROE)."
QHD,NORMAL_ENTERPRISE,2016,2025,10,READY,UNKNOWN,WATCH,WATCH,UNKNOWN,PASS,PASS,WATCH,UNKNOWN,PASS,1,0,0,1,POSSIBLY_CYCLICAL,WATCH,AVERAGE_BUSINESS,READY,52363.96610088069,6.4242003640440615,40.0,FAIL,WAIT_FOR_MOS,Doanh nghiệp có chất lượng tốt (AVERAGE_BUSINESS) nhưng mức giá hiện tại (MOS 6.4%) chưa đạt Biên an toàn yêu cầu (40.0%).
QHW,NORMAL_ENTERPRISE,2016,2025,10,READY,UNKNOWN,FAIL,FAIL,UNKNOWN,PASS,PASS,WATCH,UNKNOWN,PASS,1,0,1,0,POSSIBLY_STRUCTURAL,HIGH_RISK,DETERIORATING_BUSINESS,READY,79315.9219245305,55.87,35.0,PASS,AVOID,Phát hiện rủi ro tài chính nghiêm trọng (PROFIT_CASH_DIVERGENCE).
QNC,NORMAL_ENTERPRISE,2016,2025,10,READY,UNKNOWN,PASS,PASS,UNKNOWN,FAIL,WATCH,WATCH,UNKNOWN,PASS,2,0,2,0,POSSIBLY_STRUCTURAL,HIGH_RISK,DETERIORATING_BUSINESS,READY,3776.9486630728807,-45.62,50.0,FAIL,AVOID,"Phát hiện rủi ro tài chính nghiêm trọng (UNSTABLE_EARNINGS_HISTORY, EXCESSIVE_DEBT_LEVERAGE)."
QNP,NORMAL_ENTERPRISE,2016,2025,10,READY,UNKNOWN,PASS,PASS,UNKNOWN,PASS,WATCH,PASS,UNKNOWN,PASS,0,0,0,0,NO_DETERIORATION,CLEAR,AVERAGE_BUSINESS,READY,50413.88692782055,37.913932236938244,33.0,PASS,BUY,Doanh nghiệp đạt chuẩn chất lượng BCTC và mức giá hiện tại (MOS 37.9%) đạt/vượt Biên an toàn yêu cầu (33.0%).
QNS,NORMAL_ENTERPRISE,2011,2025,15,READY,UNKNOWN,PASS,PASS,UNKNOWN,PASS,PASS,PASS,UNKNOWN,PASS,0,0,0,0,NO_DETERIORATION,CLEAR,AVERAGE_BUSINESS,READY,77764.85355006337,36.35,30.0,PASS,BUY,Doanh nghiệp đạt chuẩn chất lượng BCTC và mức giá hiện tại (MOS 36.4%) đạt/vượt Biên an toàn yêu cầu (30.0%).
QNT,NORMAL_ENTERPRISE,2021,2025,5,READY,UNKNOWN,FAIL,FAIL,UNKNOWN,PASS,FAIL,PASS,UNKNOWN,PASS,3,0,2,1,POSSIBLY_STRUCTURAL,HIGH_RISK,DETERIORATING_BUSINESS,READY,4046.7307104352294,-110.05,43.0,FAIL,AVOID,"Phát hiện rủi ro tài chính nghiêm trọng (PROFIT_CASH_DIVERGENCE, WEAK_PROFITABILITY_ROE)."
QNU,NORMAL_ENTERPRISE,2016,2025,9,READY,UNKNOWN,FAIL,FAIL,UNKNOWN,PASS,FAIL,PASS,UNKNOWN,PASS,2,0,2,0,POSSIBLY_STRUCTURAL,HIGH_RISK,DETERIORATING_BUSINESS,READY,20947.782501076483,51.31,40.0,PASS,AVOID,"Phát hiện rủi ro tài chính nghiêm trọng (PROFIT_CASH_DIVERGENCE, WEAK_PROFITABILITY_ROE)."
QNW,NORMAL_ENTERPRISE,2016,2025,10,READY,UNKNOWN,PASS,PASS,UNKNOWN,PASS,FAIL,PASS,UNKNOWN,PASS,2,0,1,1,POSSIBLY_CYCLICAL,HIGH_RISK,WEAK_BUSINESS,READY,48584.664994776715,62.95,40.0,PASS,AVOID,Phát hiện rủi ro tài chính nghiêm trọng (WEAK_PROFITABILITY_ROE).
QPH,NORMAL_ENTERPRISE,2016,2025,10,READY,UNKNOWN,PASS,PASS,UNKNOWN,PASS,PASS,WATCH,UNKNOWN,PASS,0,0,0,0,NO_DETERIORATION,CLEAR,AVERAGE_BUSINESS,READY,37455.996673120884,11.9,40.0,FAIL,WAIT_FOR_MOS,Doanh nghiệp có chất lượng tốt (AVERAGE_BUSINESS) nhưng mức giá hiện tại (MOS 11.9%) chưa đạt Biên an toàn yêu cầu (40.0%).
QSP,NORMAL_ENTERPRISE,2016,2025,10,READY,UNKNOWN,PASS,PASS,UNKNOWN,PASS,PASS,WATCH,UNKNOWN,PASS,0,0,0,0,NO_DETERIORATION,CLEAR,AVERAGE_BUSINESS,READY,35681.798353340055,38.34,40.0,FAIL,WAIT_FOR_MOS,Doanh nghiệp có chất lượng tốt (AVERAGE_BUSINESS) nhưng mức giá hiện tại (MOS 38.3%) chưa đạt Biên an toàn yêu cầu (40.0%).
QST,NORMAL_ENTERPRISE,2016,2025,10,READY,UNKNOWN,PASS,PASS,UNKNOWN,WATCH,PASS,PASS,UNKNOWN,PASS,1,0,0,1,POSSIBLY_CYCLICAL,WATCH,POTENTIAL_COMPOUNDER,READY,153365.90769452733,84.35115055178824,25.0,PASS,BUY,Doanh nghiệp đạt chuẩn chất lượng BCTC và mức giá hiện tại (MOS 84.4%) đạt/vượt Biên an toàn yêu cầu (25.0%).
QTC,NORMAL_ENTERPRISE,2016,2025,10,READY,UNKNOWN,FAIL,FAIL,UNKNOWN,PASS,FAIL,WATCH,UNKNOWN,PASS,2,0,2,0,POSSIBLY_STRUCTURAL,HIGH_RISK,DETERIORATING_BUSINESS,READY,7194.18792966263,-330.9033945608054,45.0,FAIL,AVOID,"Phát hiện rủi ro tài chính nghiêm trọng (PROFIT_CASH_DIVERGENCE, WEAK_PROFITABILITY_ROE)."
QTP,NORMAL_ENTERPRISE,2012,2025,14,READY,UNKNOWN,WATCH,WATCH,UNKNOWN,PASS,WATCH,PASS,UNKNOWN,PASS,2,0,1,1,POSSIBLY_CYCLICAL,HIGH_RISK,AVERAGE_BUSINESS,READY,59557.25216440159,81.53,35.0,PASS,AVOID,Phát hiện rủi ro tài chính nghiêm trọng (UNSTABLE_EARNINGS_HISTORY).
RAL,NORMAL_ENTERPRISE,2016,2025,10,READY,UNKNOWN,FAIL,FAIL,UNKNOWN,WATCH,PASS,PASS,UNKNOWN,PASS,2,0,1,1,POSSIBLY_STRUCTURAL,HIGH_RISK,DETERIORATING_BUSINESS,READY,396564.055068183,81.09,38.0,PASS,AVOID,Phát hiện rủi ro tài chính nghiêm trọng (PROFIT_CASH_DIVERGENCE).
RAT,NORMAL_ENTERPRISE,2016,2025,10,READY,UNKNOWN,FAIL,FAIL,UNKNOWN,FAIL,FAIL,PASS,UNKNOWN,PASS,4,0,3,1,POSSIBLY_STRUCTURAL,HIGH_RISK,DETERIORATING_BUSINESS,READY,140468.74163326182,89.68,46.0,PASS,AVOID,"Phát hiện rủi ro tài chính nghiêm trọng (PROFIT_CASH_DIVERGENCE, WEAK_PROFITABILITY_ROE, EXCESSIVE_DEBT_LEVERAGE)."
RBC,NORMAL_ENTERPRISE,2016,2025,10,READY,UNKNOWN,FAIL,FAIL,UNKNOWN,PASS,FAIL,WATCH,UNKNOWN,PASS,3,0,3,0,POSSIBLY_STRUCTURAL,HIGH_RISK,DETERIORATING_BUSINESS,READY,20719.261237428374,65.73,43.0,PASS,AVOID,"Phát hiện rủi ro tài chính nghiêm trọng (PROFIT_CASH_DIVERGENCE, WEAK_PROFITABILITY_ROE, UNSTABLE_EARNINGS_HISTORY)."
RCC,NORMAL_ENTERPRISE,2016,2025,10,READY,UNKNOWN,FAIL,FAIL,UNKNOWN,FAIL,FAIL,WATCH,UNKNOWN,PASS,5,0,4,1,POSSIBLY_STRUCTURAL,HIGH_RISK,DETERIORATING_BUSINESS,READY,4437.5364799788185,-283.1,40.0,FAIL,AVOID,"Phát hiện rủi ro tài chính nghiêm trọng (PROFIT_CASH_DIVERGENCE, WEAK_PROFITABILITY_ROE, UNSTABLE_EARNINGS_HISTORY, EXCESSIVE_DEBT_LEVERAGE)."
RCD,NORMAL_ENTERPRISE,2016,2022,7,READY,UNKNOWN,FAIL,FAIL,UNKNOWN,PASS,FAIL,WATCH,UNKNOWN,PASS,3,0,3,0,POSSIBLY_STRUCTURAL,HIGH_RISK,DETERIORATING_BUSINESS,READY,1221.6545540936543,-63.71,40.0,FAIL,AVOID,"Phát hiện rủi ro tài chính nghiêm trọng (PROFIT_CASH_DIVERGENCE, WEAK_PROFITABILITY_ROE, UNSTABLE_EARNINGS_HISTORY)."
RCL,NORMAL_ENTERPRISE,2016,2025,10,READY,UNKNOWN,FAIL,FAIL,UNKNOWN,PASS,FAIL,WATCH,UNKNOWN,PASS,3,0,2,1,POSSIBLY_STRUCTURAL,HIGH_RISK,DETERIORATING_BUSINESS,READY,5610.6886994520955,-94.27,50.0,FAIL,AVOID,"Phát hiện rủi ro tài chính nghiêm trọng (PROFIT_CASH_DIVERGENCE, WEAK_PROFITABILITY_ROE)."
REE,NORMAL_ENTERPRISE,2011,2025,15,READY,UNKNOWN,WATCH,WATCH,UNKNOWN,PASS,WATCH,PASS,UNKNOWN,PASS,1,0,0,1,POSSIBLY_CYCLICAL,WATCH,AVERAGE_BUSINESS,READY,42088.0,-6.8,33.0,FAIL,WAIT_FOR_MOS,Doanh nghiệp có chất lượng tốt (AVERAGE_BUSINESS) nhưng mức giá hiện tại (MOS -6.8%) chưa đạt Biên an toàn yêu cầu (33.0%).
RGG,NORMAL_ENTERPRISE,2024,2025,2,INSUFFICIENT,UNKNOWN,FAIL,FAIL,UNKNOWN,WATCH,FAIL,WATCH,UNKNOWN,PASS,2,0,2,0,POSSIBLY_STRUCTURAL,HIGH_RISK,INSUFFICIENT_DATA,READY,5309.310692091021,-736.27,45.0,FAIL,AVOID,"Phát hiện rủi ro tài chính nghiêm trọng (PROFIT_CASH_DIVERGENCE, WEAK_PROFITABILITY_ROE)."
RIC,NORMAL_ENTERPRISE,2016,2025,10,READY,UNKNOWN,FAIL,FAIL,UNKNOWN,PASS,FAIL,WATCH,UNKNOWN,PASS,3,0,3,0,POSSIBLY_STRUCTURAL,HIGH_RISK,DETERIORATING_BUSINESS,READY,9197.115250989158,38.02,41.0,FAIL,AVOID,"Phát hiện rủi ro tài chính nghiêm trọng (PROFIT_CASH_DIVERGENCE, WEAK_PROFITABILITY_ROE, UNSTABLE_EARNINGS_HISTORY)."
RTB,NORMAL_ENTERPRISE,2016,2025,10,READY,UNKNOWN,FAIL,FAIL,UNKNOWN,PASS,WATCH,PASS,UNKNOWN,PASS,1,0,1,0,POSSIBLY_STRUCTURAL,HIGH_RISK,DETERIORATING_BUSINESS,READY,64642.813487084255,59.78,40.0,PASS,AVOID,Phát hiện rủi ro tài chính nghiêm trọng (PROFIT_CASH_DIVERGENCE).
RYG,NORMAL_ENTERPRISE,2021,2025,5,READY,UNKNOWN,FAIL,FAIL,UNKNOWN,FAIL,WATCH,WATCH,UNKNOWN,PASS,4,0,3,1,STRUCTURAL,HIGH_RISK,DETERIORATING_BUSINESS,READY,5377.05184764574,-56.03,45.0,FAIL,AVOID,"Phát hiện rủi ro tài chính nghiêm trọng (PROFIT_CASH_DIVERGENCE, INVENTORY_BUILDUP, EXCESSIVE_DEBT_LEVERAGE)."
S12,NORMAL_ENTERPRISE,2016,2019,2,INSUFFICIENT,UNKNOWN,UNKNOWN,UNKNOWN,UNKNOWN,PASS,FAIL,WATCH,UNKNOWN,PASS,2,0,2,0,NO_DETERIORATION,HIGH_RISK,INSUFFICIENT_DATA,INCOMPLETE,,,0.0,UNKNOWN,AVOID,"Phát hiện rủi ro tài chính nghiêm trọng (WEAK_PROFITABILITY_ROE, UNSTABLE_EARNINGS_HISTORY)."
S4A,NORMAL_ENTERPRISE,2016,2025,10,READY,UNKNOWN,PASS,PASS,UNKNOWN,PASS,FAIL,PASS,UNKNOWN,PASS,1,0,1,0,NO_DETERIORATION,HIGH_RISK,WEAK_BUSINESS,READY,307.3807837712307,-10147.88,45.0,FAIL,AVOID,Phát hiện rủi ro tài chính nghiêm trọng (WEAK_PROFITABILITY_ROE).
S55,NORMAL_ENTERPRISE,2016,2025,10,READY,UNKNOWN,PASS,PASS,UNKNOWN,WATCH,FAIL,PASS,UNKNOWN,PASS,2,0,1,1,POSSIBLY_CYCLICAL,HIGH_RISK,WEAK_BUSINESS,READY,29783.938028803288,-121.6,50.0,FAIL,AVOID,Phát hiện rủi ro tài chính nghiêm trọng (WEAK_PROFITABILITY_ROE).
S72,NORMAL_ENTERPRISE,2017,2025,9,READY,UNKNOWN,PASS,PASS,UNKNOWN,PASS,FAIL,WATCH,UNKNOWN,PASS,2,0,2,0,NO_DETERIORATION,HIGH_RISK,WEAK_BUSINESS,READY,5395.640947246972,-3.79,45.0,FAIL,AVOID,"Phát hiện rủi ro tài chính nghiêm trọng (WEAK_PROFITABILITY_ROE, UNSTABLE_EARNINGS_HISTORY)."
S74,NORMAL_ENTERPRISE,2016,2021,6,READY,UNKNOWN,PASS,PASS,UNKNOWN,PASS,FAIL,WATCH,UNKNOWN,PASS,2,0,2,0,NO_DETERIORATION,HIGH_RISK,WEAK_BUSINESS,INCOMPLETE,,,0.0,UNKNOWN,AVOID,"Phát hiện rủi ro tài chính nghiêm trọng (WEAK_PROFITABILITY_ROE, UNSTABLE_EARNINGS_HISTORY)."
S99,NORMAL_ENTERPRISE,2011,2025,15,READY,UNKNOWN,PASS,PASS,UNKNOWN,WATCH,FAIL,PASS,UNKNOWN,PASS,1,0,1,0,NO_DETERIORATION,HIGH_RISK,WEAK_BUSINESS,READY,18908.067411678152,60.33,50.0,PASS,AVOID,Phát hiện rủi ro tài chính nghiêm trọng (WEAK_PROFITABILITY_ROE).
SAB,NORMAL_ENTERPRISE,2011,2025,15,READY,UNKNOWN,PASS,PASS,UNKNOWN,PASS,PASS,WATCH,UNKNOWN,WATCH,1,0,0,1,POSSIBLY_CYCLICAL,WATCH,AVERAGE_BUSINESS,READY,46294.81698899282,5.280973439368179,25.0,FAIL,WAIT_FOR_MOS,Doanh nghiệp có chất lượng tốt (AVERAGE_BUSINESS) nhưng mức giá hiện tại (MOS 5.3%) chưa đạt Biên an toàn yêu cầu (25.0%).
SAC,NORMAL_ENTERPRISE,2016,2025,10,READY,UNKNOWN,PASS,PASS,UNKNOWN,PASS,WATCH,WATCH,UNKNOWN,PASS,0,0,0,0,NO_DETERIORATION,CLEAR,AVERAGE_BUSINESS,READY,13181.829057125758,21.1,43.0,FAIL,WAIT_FOR_MOS,Doanh nghiệp có chất lượng tốt (AVERAGE_BUSINESS) nhưng mức giá hiện tại (MOS 21.1%) chưa đạt Biên an toàn yêu cầu (43.0%).
SAF,NORMAL_ENTERPRISE,2016,2025,10,READY,UNKNOWN,PASS,PASS,UNKNOWN,PASS,PASS,PASS,UNKNOWN,PASS,0,0,0,0,NO_DETERIORATION,CLEAR,AVERAGE_BUSINESS,READY,43911.96804655018,-29.577430780787303,25.0,FAIL,WAIT_FOR_MOS,Doanh nghiệp có chất lượng tốt (AVERAGE_BUSINESS) nhưng mức giá hiện tại (MOS -29.6%) chưa đạt Biên an toàn yêu cầu (25.0%).
SAL,NORMAL_ENTERPRISE,2016,2025,9,READY,UNKNOWN,WATCH,WATCH,UNKNOWN,PASS,FAIL,WATCH,UNKNOWN,PASS,3,0,2,1,POSSIBLY_CYCLICAL,HIGH_RISK,WEAK_BUSINESS,READY,8879.428229902813,52.7,35.0,PASS,AVOID,"Phát hiện rủi ro tài chính nghiêm trọng (WEAK_PROFITABILITY_ROE, UNSTABLE_EARNINGS_HISTORY)."
SAM,NORMAL_ENTERPRISE,2011,2025,15,READY,UNKNOWN,FAIL,FAIL,UNKNOWN,PASS,FAIL,WATCH,UNKNOWN,PASS,2,0,2,0,POSSIBLY_STRUCTURAL,HIGH_RISK,DETERIORATING_BUSINESS,INCOMPLETE,-1659.021861499545,,0.0,UNKNOWN,AVOID,"Phát hiện rủi ro tài chính nghiêm trọng (PROFIT_CASH_DIVERGENCE, WEAK_PROFITABILITY_ROE)."
SAS,NORMAL_ENTERPRISE,2015,2025,11,READY,UNKNOWN,WATCH,WATCH,UNKNOWN,PASS,PASS,PASS,UNKNOWN,PASS,1,0,0,1,POSSIBLY_CYCLICAL,WATCH,POTENTIAL_COMPOUNDER,READY,83836.44900680978,60.04,35.0,PASS,BUY,Doanh nghiệp đạt chuẩn chất lượng BCTC và mức giá hiện tại (MOS 60.0%) đạt/vượt Biên an toàn yêu cầu (35.0%).
SAV,NORMAL_ENTERPRISE,2016,2025,10,READY,UNKNOWN,PASS,PASS,UNKNOWN,WATCH,FAIL,PASS,UNKNOWN,PASS,2,0,1,1,POSSIBLY_CYCLICAL,HIGH_RISK,WEAK_BUSINESS,READY,41203.07632443143,69.66,48.0,PASS,AVOID,Phát hiện rủi ro tài chính nghiêm trọng (WEAK_PROFITABILITY_ROE).
SB1,NORMAL_ENTERPRISE,2016,2016,1,INSUFFICIENT,UNKNOWN,UNKNOWN,UNKNOWN,UNKNOWN,PASS,FAIL,WATCH,UNKNOWN,PASS,1,0,1,0,NO_DETERIORATION,HIGH_RISK,INSUFFICIENT_DATA,INCOMPLETE,,,30.0,UNKNOWN,AVOID,Phát hiện rủi ro tài chính nghiêm trọng (WEAK_PROFITABILITY_ROE).
SBA,NORMAL_ENTERPRISE,2016,2025,10,READY,UNKNOWN,PASS,PASS,UNKNOWN,PASS,WATCH,PASS,UNKNOWN,PASS,0,0,0,0,NO_DETERIORATION,CLEAR,AVERAGE_BUSINESS,READY,26794.27777835847,7.44292417528504,30.0,FAIL,WAIT_FOR_MOS,Doanh nghiệp có chất lượng tốt (AVERAGE_BUSINESS) nhưng mức giá hiện tại (MOS 7.4%) chưa đạt Biên an toàn yêu cầu (30.0%).
SBB,NORMAL_ENTERPRISE,2020,2025,6,READY,UNKNOWN,PASS,PASS,UNKNOWN,PASS,FAIL,WATCH,UNKNOWN,PASS,2,0,2,0,NO_DETERIORATION,HIGH_RISK,WEAK_BUSINESS,READY,26705.500977702646,27.36,38.0,FAIL,AVOID,"Phát hiện rủi ro tài chính nghiêm trọng (WEAK_PROFITABILITY_ROE, UNSTABLE_EARNINGS_HISTORY)."
SBD,NORMAL_ENTERPRISE,2016,2025,9,READY,UNKNOWN,FAIL,FAIL,UNKNOWN,FAIL,FAIL,WATCH,UNKNOWN,PASS,3,0,3,0,POSSIBLY_STRUCTURAL,HIGH_RISK,DETERIORATING_BUSINESS,READY,4658.107292587314,-61.01,50.0,FAIL,AVOID,"Phát hiện rủi ro tài chính nghiêm trọng (PROFIT_CASH_DIVERGENCE, WEAK_PROFITABILITY_ROE, EXCESSIVE_DEBT_LEVERAGE)."
SBG,NORMAL_ENTERPRISE,2020,2025,6,READY,UNKNOWN,FAIL,FAIL,UNKNOWN,PASS,FAIL,PASS,UNKNOWN,PASS,4,0,2,2,POSSIBLY_STRUCTURAL,HIGH_RISK,DETERIORATING_BUSINESS,READY,6301.085883242189,-117.42,40.0,FAIL,AVOID,"Phát hiện rủi ro tài chính nghiêm trọng (PROFIT_CASH_DIVERGENCE, WEAK_PROFITABILITY_ROE)."
SBH,NORMAL_ENTERPRISE,2016,2025,10,READY,UNKNOWN,PASS,PASS,UNKNOWN,PASS,PASS,PASS,UNKNOWN,PASS,0,0,0,0,NO_DETERIORATION,CLEAR,AVERAGE_BUSINESS,READY,45345.73855188798,15.32,30.0,FAIL,WAIT_FOR_MOS,Doanh nghiệp có chất lượng tốt (AVERAGE_BUSINESS) nhưng mức giá hiện tại (MOS 15.3%) chưa đạt Biên an toàn yêu cầu (30.0%).
SBL,NORMAL_ENTERPRISE,2016,2025,10,READY,UNKNOWN,PASS,PASS,UNKNOWN,PASS,FAIL,WATCH,UNKNOWN,PASS,1,0,1,0,NO_DETERIORATION,HIGH_RISK,WEAK_BUSINESS,READY,28057.33292568426,75.05,40.0,PASS,AVOID,Phát hiện rủi ro tài chính nghiêm trọng (WEAK_PROFITABILITY_ROE).
SBM,NORMAL_ENTERPRISE,2016,2025,10,READY,UNKNOWN,PASS,PASS,UNKNOWN,PASS,PASS,WATCH,UNKNOWN,PASS,0,0,0,0,NO_DETERIORATION,CLEAR,AVERAGE_BUSINESS,READY,80199.77875905146,60.1,35.0,PASS,BUY,Doanh nghiệp đạt chuẩn chất lượng BCTC và mức giá hiện tại (MOS 60.1%) đạt/vượt Biên an toàn yêu cầu (35.0%).
SBR,NORMAL_ENTERPRISE,2018,2025,7,READY,UNKNOWN,PASS,PASS,UNKNOWN,PASS,FAIL,WATCH,UNKNOWN,PASS,1,0,1,0,NO_DETERIORATION,HIGH_RISK,WEAK_BUSINESS,READY,11295.051810944522,27.4,43.0,FAIL,AVOID,Phát hiện rủi ro tài chính nghiêm trọng (WEAK_PROFITABILITY_ROE).
SBS,NORMAL_ENTERPRISE,2011,2025,15,READY,UNKNOWN,FAIL,FAIL,UNKNOWN,PASS,FAIL,WATCH,UNKNOWN,WATCH,4,0,3,1,POSSIBLY_STRUCTURAL,HIGH_RISK,DETERIORATING_BUSINESS,READY,1943.3140655841758,-126.42,40.0,FAIL,AVOID,"Phát hiện rủi ro tài chính nghiêm trọng (PROFIT_CASH_DIVERGENCE, WEAK_PROFITABILITY_ROE, UNSTABLE_EARNINGS_HISTORY)."
SBT,NORMAL_ENTERPRISE,2011,2025,15,READY,UNKNOWN,FAIL,FAIL,UNKNOWN,FAIL,FAIL,WATCH,UNKNOWN,PASS,3,0,3,0,POSSIBLY_STRUCTURAL,HIGH_RISK,DETERIORATING_BUSINESS,READY,5459.933719441271,-319.42,30.0,FAIL,AVOID,"Phát hiện rủi ro tài chính nghiêm trọng (PROFIT_CASH_DIVERGENCE, WEAK_PROFITABILITY_ROE, EXCESSIVE_DEBT_LEVERAGE)."
SBV,NORMAL_ENTERPRISE,2016,2025,10,READY,UNKNOWN,FAIL,FAIL,UNKNOWN,WATCH,WATCH,WATCH,UNKNOWN,PASS,2,0,2,0,POSSIBLY_STRUCTURAL,HIGH_RISK,DETERIORATING_BUSINESS,READY,236.30544294512288,-2557.58,40.0,FAIL,AVOID,"Phát hiện rủi ro tài chính nghiêm trọng (PROFIT_CASH_DIVERGENCE, UNSTABLE_EARNINGS_HISTORY)."
SC5,NORMAL_ENTERPRISE,2016,2025,10,READY,UNKNOWN,PASS,PASS,UNKNOWN,FAIL,FAIL,PASS,UNKNOWN,PASS,2,0,2,0,POSSIBLY_STRUCTURAL,HIGH_RISK,DETERIORATING_BUSINESS,READY,278575.5537741411,94.02,46.0,PASS,AVOID,"Phát hiện rủi ro tài chính nghiêm trọng (WEAK_PROFITABILITY_ROE, EXCESSIVE_DEBT_LEVERAGE)."
SCC,NORMAL_ENTERPRISE,2016,2025,9,READY,UNKNOWN,PASS,PASS,UNKNOWN,PASS,FAIL,WATCH,UNKNOWN,PASS,2,0,2,0,NO_DETERIORATION,HIGH_RISK,WEAK_BUSINESS,INCOMPLETE,,,0.0,UNKNOWN,AVOID,"Phát hiện rủi ro tài chính nghiêm trọng (WEAK_PROFITABILITY_ROE, UNSTABLE_EARNINGS_HISTORY)."
SCD,NORMAL_ENTERPRISE,2016,2025,10,READY,UNKNOWN,FAIL,FAIL,UNKNOWN,PASS,FAIL,WATCH,UNKNOWN,PASS,3,0,3,0,POSSIBLY_STRUCTURAL,HIGH_RISK,DETERIORATING_BUSINESS,READY,6093.900363949522,-187.17,45.0,FAIL,AVOID,"Phát hiện rủi ro tài chính nghiêm trọng (PROFIT_CASH_DIVERGENCE, WEAK_PROFITABILITY_ROE, UNSTABLE_EARNINGS_HISTORY)."
SCG,NORMAL_ENTERPRISE,2019,2025,7,READY,UNKNOWN,FAIL,FAIL,UNKNOWN,WATCH,WATCH,PASS,UNKNOWN,PASS,2,0,1,1,POSSIBLY_STRUCTURAL,HIGH_RISK,DETERIORATING_BUSINESS,READY,451761.64249340544,85.67828830201218,45.0,PASS,AVOID,Phát hiện rủi ro tài chính nghiêm trọng (PROFIT_CASH_DIVERGENCE).
SCI,NORMAL_ENTERPRISE,2016,2025,10,READY,UNKNOWN,FAIL,FAIL,UNKNOWN,FAIL,WATCH,WATCH,UNKNOWN,PASS,3,0,2,1,POSSIBLY_STRUCTURAL,HIGH_RISK,DETERIORATING_BUSINESS,READY,87887.03024892774,88.62,50.0,PASS,AVOID,"Phát hiện rủi ro tài chính nghiêm trọng (PROFIT_CASH_DIVERGENCE, EXCESSIVE_DEBT_LEVERAGE)."
SCJ,NORMAL_ENTERPRISE,2016,2025,10,READY,UNKNOWN,FAIL,FAIL,UNKNOWN,WATCH,FAIL,WATCH,UNKNOWN,PASS,3,0,3,0,POSSIBLY_STRUCTURAL,HIGH_RISK,DETERIORATING_BUSINESS,READY,13778.487955253515,81.13,40.0,PASS,AVOID,"Phát hiện rủi ro tài chính nghiêm trọng (PROFIT_CASH_DIVERGENCE, WEAK_PROFITABILITY_ROE, UNSTABLE_EARNINGS_HISTORY)."
SCL,NORMAL_ENTERPRISE,2011,2025,15,READY,UNKNOWN,WATCH,WATCH,UNKNOWN,PASS,FAIL,PASS,UNKNOWN,WATCH,4,0,2,2,POSSIBLY_CYCLICAL,HIGH_RISK,WEAK_BUSINESS,READY,27736.632390560666,4.46,40.0,FAIL,AVOID,"Phát hiện rủi ro tài chính nghiêm trọng (WEAK_PROFITABILITY_ROE, UNSTABLE_EARNINGS_HISTORY)."
SCO,NORMAL_ENTERPRISE,2016,2025,10,READY,UNKNOWN,WATCH,WATCH,UNKNOWN,PASS,PASS,PASS,UNKNOWN,PASS,2,0,1,1,POSSIBLY_CYCLICAL,HIGH_RISK,WEAK_BUSINESS,READY,21934.301877438495,43.01,45.0,FAIL,AVOID,Phát hiện rủi ro tài chính nghiêm trọng (UNSTABLE_EARNINGS_HISTORY).
SCR,NORMAL_ENTERPRISE,2011,2025,15,READY,UNKNOWN,FAIL,FAIL,UNKNOWN,PASS,FAIL,PASS,UNKNOWN,PASS,2,0,2,0,POSSIBLY_STRUCTURAL,HIGH_RISK,DETERIORATING_BUSINESS,READY,2604.4562950719333,-62.41,50.0,FAIL,AVOID,"Phát hiện rủi ro tài chính nghiêm trọng (PROFIT_CASH_DIVERGENCE, WEAK_PROFITABILITY_ROE)."
SCS,NORMAL_ENTERPRISE,2011,2025,15,READY,UNKNOWN,PASS,PASS,UNKNOWN,PASS,PASS,WATCH,UNKNOWN,PASS,0,0,0,0,NO_DETERIORATION,CLEAR,AVERAGE_BUSINESS,READY,130484.72913738409,67.237545510027,30.0,PASS,BUY,Doanh nghiệp đạt chuẩn chất lượng BCTC và mức giá hiện tại (MOS 67.2%) đạt/vượt Biên an toàn yêu cầu (30.0%).
SD2,NORMAL_ENTERPRISE,2016,2025,10,READY,UNKNOWN,FAIL,FAIL,UNKNOWN,FAIL,FAIL,WATCH,UNKNOWN,PASS,4,0,4,0,POSSIBLY_STRUCTURAL,HIGH_RISK,DETERIORATING_BUSINESS,READY,14388.37585932526,74.98,45.0,PASS,AVOID,"Phát hiện rủi ro tài chính nghiêm trọng (PROFIT_CASH_DIVERGENCE, WEAK_PROFITABILITY_ROE, UNSTABLE_EARNINGS_HISTORY, EXCESSIVE_DEBT_LEVERAGE)."
SD4,NORMAL_ENTERPRISE,2016,2025,10,READY,UNKNOWN,FAIL,FAIL,UNKNOWN,PASS,FAIL,WATCH,UNKNOWN,PASS,3,0,3,0,POSSIBLY_STRUCTURAL,HIGH_RISK,DETERIORATING_BUSINESS,READY,20115.787609153762,88.07,50.0,PASS,AVOID,"Phát hiện rủi ro tài chính nghiêm trọng (PROFIT_CASH_DIVERGENCE, WEAK_PROFITABILITY_ROE, UNSTABLE_EARNINGS_HISTORY)."
SD5,NORMAL_ENTERPRISE,2016,2025,10,READY,UNKNOWN,PASS,PASS,UNKNOWN,FAIL,FAIL,WATCH,UNKNOWN,PASS,3,0,3,0,POSSIBLY_STRUCTURAL,HIGH_RISK,DETERIORATING_BUSINESS,READY,747.0887465418886,-823.59,45.0,FAIL,AVOID,"Phát hiện rủi ro tài chính nghiêm trọng (WEAK_PROFITABILITY_ROE, UNSTABLE_EARNINGS_HISTORY, EXCESSIVE_DEBT_LEVERAGE)."
SD6,NORMAL_ENTERPRISE,2016,2025,10,READY,UNKNOWN,FAIL,FAIL,UNKNOWN,FAIL,FAIL,WATCH,UNKNOWN,PASS,4,0,4,0,POSSIBLY_STRUCTURAL,HIGH_RISK,DETERIORATING_BUSINESS,READY,5209.584362859146,67.37,45.0,PASS,AVOID,"Phát hiện rủi ro tài chính nghiêm trọng (PROFIT_CASH_DIVERGENCE, WEAK_PROFITABILITY_ROE, UNSTABLE_EARNINGS_HISTORY, EXCESSIVE_DEBT_LEVERAGE)."
SD7,NORMAL_ENTERPRISE,2016,2018,3,PARTIAL,UNKNOWN,PASS,PASS,UNKNOWN,WATCH,FAIL,WATCH,UNKNOWN,PASS,2,0,2,0,NO_DETERIORATION,HIGH_RISK,WEAK_BUSINESS,READY,8551.58187865558,76.61,45.0,PASS,AVOID,"Phát hiện rủi ro tài chính nghiêm trọng (WEAK_PROFITABILITY_ROE, UNSTABLE_EARNINGS_HISTORY)."
SD9,NORMAL_ENTERPRISE,2016,2025,10,READY,UNKNOWN,PASS,PASS,UNKNOWN,WATCH,FAIL,WATCH,UNKNOWN,PASS,1,0,1,0,NO_DETERIORATION,HIGH_RISK,WEAK_BUSINESS,READY,10271.80539100589,-0.27,50.0,FAIL,AVOID,Phát hiện rủi ro tài chính nghiêm trọng (WEAK_PROFITABILITY_ROE).
SDA,NORMAL_ENTERPRISE,2016,2025,10,READY,UNKNOWN,FAIL,FAIL,UNKNOWN,PASS,FAIL,WATCH,UNKNOWN,PASS,3,0,3,0,POSSIBLY_STRUCTURAL,HIGH_RISK,DETERIORATING_BUSINESS,READY,494.25718600735627,-243.95,35.0,FAIL,AVOID,"Phát hiện rủi ro tài chính nghiêm trọng (PROFIT_CASH_DIVERGENCE, WEAK_PROFITABILITY_ROE, UNSTABLE_EARNINGS_HISTORY)."
SDC,NORMAL_ENTERPRISE,2016,2025,10,READY,UNKNOWN,FAIL,FAIL,UNKNOWN,WATCH,FAIL,WATCH,UNKNOWN,PASS,2,0,2,0,POSSIBLY_STRUCTURAL,HIGH_RISK,DETERIORATING_BUSINESS,READY,29883.54986167554,76.91,46.0,PASS,AVOID,"Phát hiện rủi ro tài chính nghiêm trọng (PROFIT_CASH_DIVERGENCE, WEAK_PROFITABILITY_ROE)."
SDD,NORMAL_ENTERPRISE,2016,2025,10,READY,UNKNOWN,UNKNOWN,UNKNOWN,UNKNOWN,WATCH,FAIL,WATCH,UNKNOWN,PASS,2,0,2,0,NO_DETERIORATION,HIGH_RISK,WEAK_BUSINESS,READY,2428.038426261138,46.46,45.0,PASS,AVOID,"Phát hiện rủi ro tài chính nghiêm trọng (WEAK_PROFITABILITY_ROE, UNSTABLE_EARNINGS_HISTORY)."
SDG,NORMAL_ENTERPRISE,2016,2025,10,READY,UNKNOWN,WATCH,WATCH,UNKNOWN,FAIL,PASS,WATCH,UNKNOWN,PASS,3,0,2,1,POSSIBLY_STRUCTURAL,HIGH_RISK,DETERIORATING_BUSINESS,INCOMPLETE,,,0.0,UNKNOWN,AVOID,"Phát hiện rủi ro tài chính nghiêm trọng (UNSTABLE_EARNINGS_HISTORY, EXCESSIVE_DEBT_LEVERAGE)."
SDK,NORMAL_ENTERPRISE,2016,2025,10,READY,UNKNOWN,PASS,PASS,UNKNOWN,PASS,PASS,WATCH,UNKNOWN,PASS,0,0,0,0,NO_DETERIORATION,CLEAR,AVERAGE_BUSINESS,READY,75190.86739389329,87.1,40.0,PASS,BUY,Doanh nghiệp đạt chuẩn chất lượng BCTC và mức giá hiện tại (MOS 87.1%) đạt/vượt Biên an toàn yêu cầu (40.0%).
SDN,NORMAL_ENTERPRISE,2016,2025,10,READY,UNKNOWN,WATCH,WATCH,UNKNOWN,PASS,PASS,WATCH,UNKNOWN,PASS,2,0,0,2,POSSIBLY_CYCLICAL,WATCH,AVERAGE_BUSINESS,READY,30215.589304583045,40.43,50.0,FAIL,WAIT_FOR_MOS,Doanh nghiệp có chất lượng tốt (AVERAGE_BUSINESS) nhưng mức giá hiện tại (MOS 40.4%) chưa đạt Biên an toàn yêu cầu (50.0%).
SDP,NORMAL_ENTERPRISE,2016,2025,10,READY,UNKNOWN,PASS,PASS,UNKNOWN,PASS,FAIL,WATCH,UNKNOWN,PASS,2,0,2,0,NO_DETERIORATION,HIGH_RISK,WEAK_BUSINESS,READY,1659.8931150493995,57.83,45.0,PASS,AVOID,"Phát hiện rủi ro tài chính nghiêm trọng (WEAK_PROFITABILITY_ROE, UNSTABLE_EARNINGS_HISTORY)."
SDT,NORMAL_ENTERPRISE,2016,2025,10,READY,UNKNOWN,PASS,PASS,UNKNOWN,WATCH,FAIL,WATCH,UNKNOWN,PASS,2,0,2,0,NO_DETERIORATION,HIGH_RISK,WEAK_BUSINESS,READY,75210.43306326459,94.95,38.0,PASS,AVOID,"Phát hiện rủi ro tài chính nghiêm trọng (WEAK_PROFITABILITY_ROE, UNSTABLE_EARNINGS_HISTORY)."
SDU,NORMAL_ENTERPRISE,2016,2025,10,READY,UNKNOWN,FAIL,FAIL,UNKNOWN,FAIL,FAIL,PASS,UNKNOWN,PASS,3,0,3,0,POSSIBLY_STRUCTURAL,HIGH_RISK,DETERIORATING_BUSINESS,READY,2879.766505565535,-153.49,50.0,FAIL,AVOID,"Phát hiện rủi ro tài chính nghiêm trọng (PROFIT_CASH_DIVERGENCE, WEAK_PROFITABILITY_ROE, EXCESSIVE_DEBT_LEVERAGE)."
SDV,NORMAL_ENTERPRISE,2016,2025,10,READY,UNKNOWN,PASS,PASS,UNKNOWN,FAIL,PASS,PASS,UNKNOWN,PASS,1,0,1,0,POSSIBLY_STRUCTURAL,HIGH_RISK,DETERIORATING_BUSINESS,READY,73526.45731623295,59.2,41.0,PASS,AVOID,Phát hiện rủi ro tài chính nghiêm trọng (EXCESSIVE_DEBT_LEVERAGE).
SDY,NORMAL_ENTERPRISE,2016,2025,10,READY,UNKNOWN,FAIL,FAIL,UNKNOWN,PASS,FAIL,WATCH,UNKNOWN,PASS,3,0,3,0,POSSIBLY_STRUCTURAL,HIGH_RISK,DETERIORATING_BUSINESS,READY,28660.821119852968,97.21,41.0,PASS,AVOID,"Phát hiện rủi ro tài chính nghiêm trọng (PROFIT_CASH_DIVERGENCE, WEAK_PROFITABILITY_ROE, UNSTABLE_EARNINGS_HISTORY)."
SEA,NORMAL_ENTERPRISE,2011,2025,15,READY,UNKNOWN,FAIL,FAIL,UNKNOWN,PASS,FAIL,PASS,UNKNOWN,WATCH,3,0,2,1,POSSIBLY_STRUCTURAL,HIGH_RISK,DETERIORATING_BUSINESS,READY,10913.081188688073,-578.09,50.0,FAIL,AVOID,"Phát hiện rủi ro tài chính nghiêm trọng (PROFIT_CASH_DIVERGENCE, WEAK_PROFITABILITY_ROE)."
SEB,NORMAL_ENTERPRISE,2016,2025,10,READY,UNKNOWN,PASS,PASS,UNKNOWN,PASS,PASS,PASS,UNKNOWN,PASS,1,0,0,1,POSSIBLY_CYCLICAL,WATCH,AVERAGE_BUSINESS,READY,37146.65708600543,-10.37332351353435,30.0,FAIL,WAIT_FOR_MOS,Doanh nghiệp có chất lượng tốt (AVERAGE_BUSINESS) nhưng mức giá hiện tại (MOS -10.4%) chưa đạt Biên an toàn yêu cầu (30.0%).
SED,NORMAL_ENTERPRISE,2016,2025,10,READY,UNKNOWN,WATCH,WATCH,UNKNOWN,PASS,PASS,WATCH,UNKNOWN,PASS,1,0,0,1,POSSIBLY_CYCLICAL,WATCH,AVERAGE_BUSINESS,READY,82877.0449497135,81.7802384132276,30.0,PASS,BUY,Doanh nghiệp đạt chuẩn chất lượng BCTC và mức giá hiện tại (MOS 81.8%) đạt/vượt Biên an toàn yêu cầu (30.0%).
SEP,NORMAL_ENTERPRISE,2016,2025,10,READY,UNKNOWN,FAIL,FAIL,UNKNOWN,FAIL,PASS,WATCH,UNKNOWN,PASS,2,0,2,0,POSSIBLY_STRUCTURAL,HIGH_RISK,DETERIORATING_BUSINESS,READY,16186.922841740918,-14.29,40.0,FAIL,AVOID,"Phát hiện rủi ro tài chính nghiêm trọng (PROFIT_CASH_DIVERGENCE, EXCESSIVE_DEBT_LEVERAGE)."
SFC,NORMAL_ENTERPRISE,2016,2025,10,READY,UNKNOWN,WATCH,WATCH,UNKNOWN,PASS,WATCH,WATCH,UNKNOWN,PASS,1,0,0,1,POSSIBLY_CYCLICAL,WATCH,AVERAGE_BUSINESS,READY,9167.814706826715,-79.97745948893855,41.0,FAIL,WAIT_FOR_MOS,Doanh nghiệp có chất lượng tốt (AVERAGE_BUSINESS) nhưng mức giá hiện tại (MOS -80.0%) chưa đạt Biên an toàn yêu cầu (41.0%).
SFG,NORMAL_ENTERPRISE,2016,2025,10,READY,UNKNOWN,FAIL,FAIL,UNKNOWN,FAIL,FAIL,WATCH,UNKNOWN,PASS,3,0,3,0,POSSIBLY_STRUCTURAL,HIGH_RISK,DETERIORATING_BUSINESS,READY,17777.44187049699,40.94,50.0,FAIL,AVOID,"Phát hiện rủi ro tài chính nghiêm trọng (PROFIT_CASH_DIVERGENCE, WEAK_PROFITABILITY_ROE, EXCESSIVE_DEBT_LEVERAGE)."
SFI,NORMAL_ENTERPRISE,2016,2025,10,READY,UNKNOWN,WATCH,WATCH,UNKNOWN,PASS,WATCH,PASS,UNKNOWN,PASS,2,0,0,2,POSSIBLY_CYCLICAL,WATCH,AVERAGE_BUSINESS,READY,25401.01738242421,-7.869695089295722,35.0,FAIL,WAIT_FOR_MOS,Doanh nghiệp có chất lượng tốt (AVERAGE_BUSINESS) nhưng mức giá hiện tại (MOS -7.9%) chưa đạt Biên an toàn yêu cầu (35.0%).
SFN,NORMAL_ENTERPRISE,2016,2025,10,READY,UNKNOWN,PASS,PASS,UNKNOWN,PASS,WATCH,WATCH,UNKNOWN,PASS,0,0,0,0,NO_DETERIORATION,CLEAR,AVERAGE_BUSINESS,READY,44951.27078809892,59.28924882620889,50.0,PASS,BUY,Doanh nghiệp đạt chuẩn chất lượng BCTC và mức giá hiện tại (MOS 59.3%) đạt/vượt Biên an toàn yêu cầu (50.0%).
SGB,BANK,2016,2025,10,READY,UNKNOWN,NOT_APPLICABLE,NOT_APPLICABLE,UNKNOWN,PASS,FAIL,WATCH,UNKNOWN,PASS,1,0,1,0,NO_DETERIORATION,HIGH_RISK,WEAK_BUSINESS,READY,12838.107411177538,-2.82,35.0,FAIL,AVOID,Phát hiện rủi ro tài chính nghiêm trọng (WEAK_BANK_ROE).
SGC,NORMAL_ENTERPRISE,2016,2025,10,READY,UNKNOWN,PASS,PASS,UNKNOWN,PASS,PASS,PASS,UNKNOWN,PASS,0,0,0,0,NO_DETERIORATION,CLEAR,COMPOUNDER,READY,440552.35051994835,76.16628310436275,25.0,PASS,BUY,Doanh nghiệp đạt chuẩn chất lượng BCTC và mức giá hiện tại (MOS 76.2%) đạt/vượt Biên an toàn yêu cầu (25.0%).
SGD,NORMAL_ENTERPRISE,2016,2025,10,READY,UNKNOWN,FAIL,FAIL,UNKNOWN,PASS,FAIL,WATCH,UNKNOWN,PASS,3,0,3,0,POSSIBLY_STRUCTURAL,HIGH_RISK,DETERIORATING_BUSINESS,READY,25267.391752961434,49.74,30.0,PASS,AVOID,"Phát hiện rủi ro tài chính nghiêm trọng (PROFIT_CASH_DIVERGENCE, WEAK_PROFITABILITY_ROE, UNSTABLE_EARNINGS_HISTORY)."
SGH,NORMAL_ENTERPRISE,2016,2025,10,READY,UNKNOWN,WATCH,WATCH,UNKNOWN,PASS,FAIL,PASS,UNKNOWN,PASS,2,0,1,1,POSSIBLY_CYCLICAL,HIGH_RISK,WEAK_BUSINESS,READY,23715.97640998619,27.48,48.0,FAIL,AVOID,Phát hiện rủi ro tài chính nghiêm trọng (WEAK_PROFITABILITY_ROE).
SGI,NORMAL_ENTERPRISE,2018,2025,8,READY,UNKNOWN,FAIL,FAIL,UNKNOWN,WATCH,FAIL,WATCH,UNKNOWN,PASS,2,0,2,0,POSSIBLY_STRUCTURAL,HIGH_RISK,DETERIORATING_BUSINESS,READY,2572.755948356172,-280.91,50.0,FAIL,AVOID,"Phát hiện rủi ro tài chính nghiêm trọng (PROFIT_CASH_DIVERGENCE, WEAK_PROFITABILITY_ROE)."
SGN,NORMAL_ENTERPRISE,2016,2025,10,READY,UNKNOWN,PASS,PASS,UNKNOWN,PASS,PASS,WATCH,UNKNOWN,PASS,1,0,0,1,POSSIBLY_CYCLICAL,WATCH,AVERAGE_BUSINESS,READY,137137.73411236497,61.64440054339695,35.0,PASS,BUY,Doanh nghiệp đạt chuẩn chất lượng BCTC và mức giá hiện tại (MOS 61.6%) đạt/vượt Biên an toàn yêu cầu (35.0%).
SGP,NORMAL_ENTERPRISE,2011,2025,15,READY,UNKNOWN,WATCH,WATCH,UNKNOWN,PASS,FAIL,PASS,UNKNOWN,WATCH,3,0,1,2,POSSIBLY_CYCLICAL,HIGH_RISK,WEAK_BUSINESS,READY,7842.76243094983,-160.11,40.0,FAIL,AVOID,Phát hiện rủi ro tài chính nghiêm trọng (WEAK_PROFITABILITY_ROE).
SGR,NORMAL_ENTERPRISE,2011,2025,15,READY,UNKNOWN,FAIL,FAIL,UNKNOWN,PASS,WATCH,PASS,UNKNOWN,PASS,1,0,1,0,POSSIBLY_STRUCTURAL,HIGH_RISK,DETERIORATING_BUSINESS,READY,16416.86661667117,39.15,50.0,FAIL,AVOID,Phát hiện rủi ro tài chính nghiêm trọng (PROFIT_CASH_DIVERGENCE).
SGS,NORMAL_ENTERPRISE,2016,2025,10,READY,UNKNOWN,PASS,PASS,UNKNOWN,PASS,PASS,WATCH,UNKNOWN,PASS,0,0,0,0,NO_DETERIORATION,CLEAR,AVERAGE_BUSINESS,READY,14388.37585932526,4.78,40.0,FAIL,WAIT_FOR_MOS,Doanh nghiệp có chất lượng tốt (AVERAGE_BUSINESS) nhưng mức giá hiện tại (MOS 4.8%) chưa đạt Biên an toàn yêu cầu (40.0%).
SGT,NORMAL_ENTERPRISE,2016,2025,10,READY,UNKNOWN,FAIL,FAIL,UNKNOWN,FAIL,FAIL,PASS,UNKNOWN,PASS,4,0,3,1,POSSIBLY_STRUCTURAL,HIGH_RISK,DETERIORATING_BUSINESS,READY,1211.768579206984,-629.51,40.0,FAIL,AVOID,"Phát hiện rủi ro tài chính nghiêm trọng (PROFIT_CASH_DIVERGENCE, WEAK_PROFITABILITY_ROE, EXCESSIVE_DEBT_LEVERAGE)."
SHA,NORMAL_ENTERPRISE,2016,2025,10,READY,UNKNOWN,FAIL,FAIL,UNKNOWN,WATCH,FAIL,WATCH,UNKNOWN,PASS,3,0,2,1,POSSIBLY_STRUCTURAL,HIGH_RISK,DETERIORATING_BUSINESS,READY,4427.19257210008,12.36,50.0,FAIL,AVOID,"Phát hiện rủi ro tài chính nghiêm trọng (PROFIT_CASH_DIVERGENCE, WEAK_PROFITABILITY_ROE)."
SHB,NORMAL_ENTERPRISE,2011,2025,15,READY,UNKNOWN,FAIL,FAIL,UNKNOWN,FAIL,WATCH,PASS,UNKNOWN,PASS,2,0,2,0,POSSIBLY_STRUCTURAL,HIGH_RISK,DETERIORATING_BUSINESS,READY,22759.87909391339,49.252805991009055,30.0,PASS,AVOID,"Phát hiện rủi ro tài chính nghiêm trọng (PROFIT_CASH_DIVERGENCE, EXCESSIVE_DEBT_LEVERAGE)."
SHC,NORMAL_ENTERPRISE,2016,2025,10,READY,UNKNOWN,PASS,PASS,UNKNOWN,PASS,FAIL,PASS,UNKNOWN,PASS,1,0,1,0,NO_DETERIORATION,HIGH_RISK,WEAK_BUSINESS,READY,31086.48070653581,67.83,40.0,PASS,AVOID,Phát hiện rủi ro tài chính nghiêm trọng (WEAK_PROFITABILITY_ROE).
SHE,NORMAL_ENTERPRISE,2016,2025,10,READY,UNKNOWN,FAIL,FAIL,UNKNOWN,WATCH,PASS,PASS,UNKNOWN,PASS,2,0,1,1,POSSIBLY_STRUCTURAL,HIGH_RISK,DETERIORATING_BUSINESS,READY,6474.769136696367,10.42,40.0,FAIL,AVOID,Phát hiện rủi ro tài chính nghiêm trọng (PROFIT_CASH_DIVERGENCE).
SHI,NORMAL_ENTERPRISE,2011,2025,15,READY,UNKNOWN,FAIL,FAIL,UNKNOWN,FAIL,FAIL,PASS,UNKNOWN,WATCH,4,0,3,1,POSSIBLY_STRUCTURAL,HIGH_RISK,DETERIORATING_BUSINESS,READY,1915.5656047263471,-659.57,40.0,FAIL,AVOID,"Phát hiện rủi ro tài chính nghiêm trọng (PROFIT_CASH_DIVERGENCE, WEAK_PROFITABILITY_ROE, EXCESSIVE_DEBT_LEVERAGE)."
SHN,NORMAL_ENTERPRISE,2011,2025,15,READY,UNKNOWN,FAIL,FAIL,UNKNOWN,FAIL,FAIL,WATCH,UNKNOWN,PASS,4,0,4,0,POSSIBLY_STRUCTURAL,HIGH_RISK,DETERIORATING_BUSINESS,READY,22012.187108421418,70.93,50.0,PASS,AVOID,"Phát hiện rủi ro tài chính nghiêm trọng (PROFIT_CASH_DIVERGENCE, WEAK_PROFITABILITY_ROE, UNSTABLE_EARNINGS_HISTORY, EXCESSIVE_DEBT_LEVERAGE)."
SHP,NORMAL_ENTERPRISE,2016,2025,10,READY,UNKNOWN,PASS,PASS,UNKNOWN,PASS,PASS,PASS,UNKNOWN,PASS,0,0,0,0,NO_DETERIORATION,CLEAR,COMPOUNDER,READY,38945.41047896718,20.401403865695986,30.0,FAIL,WAIT_FOR_MOS,Doanh nghiệp có chất lượng tốt (COMPOUNDER) nhưng mức giá hiện tại (MOS 20.4%) chưa đạt Biên an toàn yêu cầu (30.0%).
SHS,SECURITIES,2011,2025,15,READY,UNKNOWN,NOT_APPLICABLE,NOT_APPLICABLE,UNKNOWN,PASS,PASS,WATCH,UNKNOWN,PASS,0,0,0,0,NO_DETERIORATION,CLEAR,WEAK_BUSINESS,READY,17816.48833478879,19.737269593820198,50.0,FAIL,WAIT_FOR_MOS,"Doanh nghiệp có chất lượng tài chính yếu, không đạt tiêu chí mua dài hạn."
SID,NORMAL_ENTERPRISE,2016,2025,10,READY,UNKNOWN,FAIL,FAIL,UNKNOWN,PASS,FAIL,PASS,UNKNOWN,PASS,2,0,2,0,POSSIBLY_STRUCTURAL,HIGH_RISK,DETERIORATING_BUSINESS,READY,9394.738965452427,-28.8,40.0,FAIL,AVOID,"Phát hiện rủi ro tài chính nghiêm trọng (PROFIT_CASH_DIVERGENCE, WEAK_PROFITABILITY_ROE)."
SIG,NORMAL_ENTERPRISE,2017,2025,9,READY,UNKNOWN,FAIL,FAIL,UNKNOWN,WATCH,FAIL,PASS,UNKNOWN,PASS,4,0,3,1,POSSIBLY_STRUCTURAL,HIGH_RISK,DETERIORATING_BUSINESS,READY,122978.11767505566,92.19,50.0,PASS,AVOID,"Phát hiện rủi ro tài chính nghiêm trọng (PROFIT_CASH_DIVERGENCE, WEAK_PROFITABILITY_ROE, UNSTABLE_EARNINGS_HISTORY)."
SII,NORMAL_ENTERPRISE,2016,2025,10,READY,UNKNOWN,FAIL,FAIL,UNKNOWN,WATCH,FAIL,WATCH,UNKNOWN,PASS,3,0,3,0,POSSIBLY_STRUCTURAL,HIGH_RISK,DETERIORATING_BUSINESS,READY,6524.961145507967,-149.81,50.0,FAIL,AVOID,"Phát hiện rủi ro tài chính nghiêm trọng (PROFIT_CASH_DIVERGENCE, WEAK_PROFITABILITY_ROE, UNSTABLE_EARNINGS_HISTORY)."
SIP,NORMAL_ENTERPRISE,2015,2025,11,READY,UNKNOWN,WATCH,WATCH,UNKNOWN,WATCH,PASS,PASS,UNKNOWN,PASS,1,0,0,1,POSSIBLY_CYCLICAL,WATCH,POTENTIAL_COMPOUNDER,READY,21239.200405903168,-128.35,30.0,FAIL,WAIT_FOR_MOS,Doanh nghiệp có chất lượng tốt (POTENTIAL_COMPOUNDER) nhưng mức giá hiện tại (MOS -128.3%) chưa đạt Biên an toàn yêu cầu (30.0%).
SIV,NORMAL_ENTERPRISE,2016,2025,10,READY,UNKNOWN,PASS,PASS,UNKNOWN,PASS,WATCH,WATCH,UNKNOWN,PASS,0,0,0,0,NO_DETERIORATION,CLEAR,AVERAGE_BUSINESS,READY,152376.3708071709,73.75,40.0,PASS,BUY,Doanh nghiệp đạt chuẩn chất lượng BCTC và mức giá hiện tại (MOS 73.8%) đạt/vượt Biên an toàn yêu cầu (40.0%).
SJ1,NORMAL_ENTERPRISE,2016,2025,10,READY,UNKNOWN,FAIL,FAIL,UNKNOWN,FAIL,FAIL,PASS,UNKNOWN,PASS,4,0,3,1,POSSIBLY_STRUCTURAL,HIGH_RISK,DETERIORATING_BUSINESS,READY,4435.541282957726,-294.54,50.0,FAIL,AVOID,"Phát hiện rủi ro tài chính nghiêm trọng (PROFIT_CASH_DIVERGENCE, WEAK_PROFITABILITY_ROE, EXCESSIVE_DEBT_LEVERAGE)."
SJD,NORMAL_ENTERPRISE,2011,2025,15,READY,UNKNOWN,PASS,PASS,UNKNOWN,PASS,PASS,WATCH,UNKNOWN,PASS,0,0,0,0,NO_DETERIORATION,CLEAR,AVERAGE_BUSINESS,READY,19235.732269463067,27.738649065799276,30.0,FAIL,WAIT_FOR_MOS,Doanh nghiệp có chất lượng tốt (AVERAGE_BUSINESS) nhưng mức giá hiện tại (MOS 27.7%) chưa đạt Biên an toàn yêu cầu (30.0%).
SJE,NORMAL_ENTERPRISE,2011,2025,15,READY,UNKNOWN,FAIL,FAIL,UNKNOWN,WATCH,FAIL,PASS,UNKNOWN,WATCH,3,0,2,1,POSSIBLY_STRUCTURAL,HIGH_RISK,DETERIORATING_BUSINESS,READY,65461.55520890001,81.97,45.0,PASS,AVOID,"Phát hiện rủi ro tài chính nghiêm trọng (PROFIT_CASH_DIVERGENCE, WEAK_PROFITABILITY_ROE)."
SJF,NORMAL_ENTERPRISE,2016,2025,10,READY,UNKNOWN,FAIL,FAIL,UNKNOWN,PASS,FAIL,WATCH,UNKNOWN,PASS,3,0,3,0,POSSIBLY_STRUCTURAL,HIGH_RISK,DETERIORATING_BUSINESS,INCOMPLETE,,,0.0,UNKNOWN,AVOID,"Phát hiện rủi ro tài chính nghiêm trọng (PROFIT_CASH_DIVERGENCE, WEAK_PROFITABILITY_ROE, UNSTABLE_EARNINGS_HISTORY)."
SJM,NORMAL_ENTERPRISE,2016,2025,10,READY,UNKNOWN,FAIL,FAIL,UNKNOWN,WATCH,WATCH,WATCH,UNKNOWN,PASS,2,0,2,0,POSSIBLY_STRUCTURAL,HIGH_RISK,DETERIORATING_BUSINESS,READY,3611.1910997154164,-91.07,45.0,FAIL,AVOID,"Phát hiện rủi ro tài chính nghiêm trọng (PROFIT_CASH_DIVERGENCE, UNSTABLE_EARNINGS_HISTORY)."
SJS,NORMAL_ENTERPRISE,2011,2025,15,READY,UNKNOWN,FAIL,FAIL,UNKNOWN,PASS,FAIL,WATCH,UNKNOWN,PASS,4,0,4,0,POSSIBLY_STRUCTURAL,HIGH_RISK,DETERIORATING_BUSINESS,READY,6492.239403955916,-771.81,50.0,FAIL,AVOID,"Phát hiện rủi ro tài chính nghiêm trọng (PROFIT_CASH_DIVERGENCE, INVENTORY_BUILDUP, WEAK_PROFITABILITY_ROE, UNSTABLE_EARNINGS_HISTORY)."
SKG,NORMAL_ENTERPRISE,2011,2025,15,READY,UNKNOWN,PASS,PASS,UNKNOWN,PASS,PASS,WATCH,UNKNOWN,PASS,0,0,0,0,NO_DETERIORATION,CLEAR,AVERAGE_BUSINESS,READY,11308.270676691729,34.3843085106383,30.0,PASS,BUY,Doanh nghiệp đạt chuẩn chất lượng BCTC và mức giá hiện tại (MOS 34.4%) đạt/vượt Biên an toàn yêu cầu (30.0%).
SKH,NORMAL_ENTERPRISE,2016,2025,10,READY,UNKNOWN,PASS,PASS,UNKNOWN,PASS,PASS,WATCH,UNKNOWN,PASS,1,0,0,1,POSSIBLY_CYCLICAL,WATCH,AVERAGE_BUSINESS,READY,24329.435543949985,16.56,40.0,FAIL,WAIT_FOR_MOS,Doanh nghiệp có chất lượng tốt (AVERAGE_BUSINESS) nhưng mức giá hiện tại (MOS 16.6%) chưa đạt Biên an toàn yêu cầu (40.0%).
SKN,NORMAL_ENTERPRISE,2016,2025,9,READY,UNKNOWN,PASS,PASS,UNKNOWN,PASS,FAIL,WATCH,UNKNOWN,PASS,2,0,1,1,POSSIBLY_CYCLICAL,HIGH_RISK,WEAK_BUSINESS,READY,21387.498726096637,66.34,40.0,PASS,AVOID,Phát hiện rủi ro tài chính nghiêm trọng (WEAK_PROFITABILITY_ROE).
SKV,NORMAL_ENTERPRISE,2016,2025,10,READY,UNKNOWN,PASS,PASS,UNKNOWN,WATCH,PASS,WATCH,UNKNOWN,PASS,0,0,0,0,NO_DETERIORATION,CLEAR,AVERAGE_BUSINESS,READY,69814.90199568257,67.06,40.0,PASS,BUY,Doanh nghiệp đạt chuẩn chất lượng BCTC và mức giá hiện tại (MOS 67.1%) đạt/vượt Biên an toàn yêu cầu (40.0%).
SLS,NORMAL_ENTERPRISE,2016,2025,10,READY,UNKNOWN,PASS,PASS,UNKNOWN,PASS,PASS,PASS,UNKNOWN,PASS,0,0,0,0,NO_DETERIORATION,CLEAR,AVERAGE_BUSINESS,READY,414655.58754677157,64.30772804109237,30.0,PASS,BUY,Doanh nghiệp đạt chuẩn chất lượng BCTC và mức giá hiện tại (MOS 64.3%) đạt/vượt Biên an toàn yêu cầu (30.0%).
SMA,NORMAL_ENTERPRISE,2016,2025,10,READY,UNKNOWN,WATCH,WATCH,UNKNOWN,PASS,FAIL,PASS,UNKNOWN,PASS,2,0,1,1,POSSIBLY_CYCLICAL,HIGH_RISK,WEAK_BUSINESS,READY,11426.063182405354,45.74,50.0,FAIL,AVOID,Phát hiện rủi ro tài chính nghiêm trọng (WEAK_PROFITABILITY_ROE).
SMB,NORMAL_ENTERPRISE,2016,2025,10,READY,UNKNOWN,PASS,PASS,UNKNOWN,PASS,PASS,PASS,UNKNOWN,PASS,0,0,0,0,NO_DETERIORATION,CLEAR,AVERAGE_BUSINESS,READY,121542.08712371194,66.84276125768638,25.0,PASS,BUY,Doanh nghiệp đạt chuẩn chất lượng BCTC và mức giá hiện tại (MOS 66.8%) đạt/vượt Biên an toàn yêu cầu (25.0%).
SMC,NORMAL_ENTERPRISE,2011,2025,15,READY,UNKNOWN,FAIL,FAIL,UNKNOWN,FAIL,WATCH,PASS,UNKNOWN,PASS,3,0,3,0,POSSIBLY_STRUCTURAL,HIGH_RISK,DETERIORATING_BUSINESS,READY,39922.99422391398,74.95,35.0,PASS,AVOID,"Phát hiện rủi ro tài chính nghiêm trọng (PROFIT_CASH_DIVERGENCE, UNSTABLE_EARNINGS_HISTORY, EXCESSIVE_DEBT_LEVERAGE)."
SMN,NORMAL_ENTERPRISE,2016,2025,10,READY,UNKNOWN,FAIL,FAIL,UNKNOWN,WATCH,WATCH,WATCH,UNKNOWN,PASS,1,0,1,0,POSSIBLY_STRUCTURAL,HIGH_RISK,DETERIORATING_BUSINESS,READY,2943.0768803165306,-117.46,40.0,FAIL,AVOID,Phát hiện rủi ro tài chính nghiêm trọng (PROFIT_CASH_DIVERGENCE).
SMT,NORMAL_ENTERPRISE,2016,2025,10,READY,UNKNOWN,FAIL,FAIL,UNKNOWN,FAIL,FAIL,WATCH,UNKNOWN,PASS,4,0,4,0,POSSIBLY_STRUCTURAL,HIGH_RISK,DETERIORATING_BUSINESS,INCOMPLETE,,,0.0,UNKNOWN,AVOID,"Phát hiện rủi ro tài chính nghiêm trọng (PROFIT_CASH_DIVERGENCE, WEAK_PROFITABILITY_ROE, UNSTABLE_EARNINGS_HISTORY, EXCESSIVE_DEBT_LEVERAGE)."
SNC,NORMAL_ENTERPRISE,2016,2025,10,READY,UNKNOWN,FAIL,FAIL,UNKNOWN,WATCH,WATCH,PASS,UNKNOWN,PASS,1,0,1,0,POSSIBLY_STRUCTURAL,HIGH_RISK,DETERIORATING_BUSINESS,READY,50795.309474479516,57.08,40.0,PASS,AVOID,Phát hiện rủi ro tài chính nghiêm trọng (PROFIT_CASH_DIVERGENCE).
SNZ,NORMAL_ENTERPRISE,2016,2025,10,READY,UNKNOWN,PASS,PASS,UNKNOWN,WATCH,WATCH,PASS,UNKNOWN,PASS,0,0,0,0,NO_DETERIORATION,CLEAR,AVERAGE_BUSINESS,READY,89752.86696547575,73.59,38.0,PASS,BUY,Doanh nghiệp đạt chuẩn chất lượng BCTC và mức giá hiện tại (MOS 73.6%) đạt/vượt Biên an toàn yêu cầu (38.0%).
SP2,NORMAL_ENTERPRISE,2016,2025,10,READY,UNKNOWN,PASS,PASS,UNKNOWN,FAIL,FAIL,WATCH,UNKNOWN,PASS,3,0,3,0,POSSIBLY_STRUCTURAL,HIGH_RISK,DETERIORATING_BUSINESS,READY,23052.107965997122,-19.29,50.0,FAIL,AVOID,"Phát hiện rủi ro tài chính nghiêm trọng (WEAK_PROFITABILITY_ROE, UNSTABLE_EARNINGS_HISTORY, EXCESSIVE_DEBT_LEVERAGE)."
SPB,NORMAL_ENTERPRISE,2016,2025,10,READY,UNKNOWN,FAIL,FAIL,UNKNOWN,FAIL,FAIL,WATCH,UNKNOWN,PASS,4,0,3,1,POSSIBLY_STRUCTURAL,HIGH_RISK,DETERIORATING_BUSINESS,READY,22111.135901039757,32.16,40.0,FAIL,AVOID,"Phát hiện rủi ro tài chính nghiêm trọng (PROFIT_CASH_DIVERGENCE, WEAK_PROFITABILITY_ROE, EXCESSIVE_DEBT_LEVERAGE)."
SPC,NORMAL_ENTERPRISE,2016,2025,10,READY,UNKNOWN,FAIL,FAIL,UNKNOWN,FAIL,PASS,WATCH,UNKNOWN,PASS,3,0,3,0,POSSIBLY_STRUCTURAL,HIGH_RISK,DETERIORATING_BUSINESS,READY,22618.586478064437,55.79,50.0,PASS,AVOID,"Phát hiện rủi ro tài chính nghiêm trọng (PROFIT_CASH_DIVERGENCE, UNSTABLE_EARNINGS_HISTORY, EXCESSIVE_DEBT_LEVERAGE)."
SPD,NORMAL_ENTERPRISE,2016,2025,10,READY,UNKNOWN,FAIL,FAIL,UNKNOWN,FAIL,FAIL,WATCH,UNKNOWN,PASS,3,0,3,0,POSSIBLY_STRUCTURAL,HIGH_RISK,DETERIORATING_BUSINESS,READY,82430.98467349746,91.39,46.0,PASS,AVOID,"Phát hiện rủi ro tài chính nghiêm trọng (PROFIT_CASH_DIVERGENCE, WEAK_PROFITABILITY_ROE, EXCESSIVE_DEBT_LEVERAGE)."
SPH,NORMAL_ENTERPRISE,2016,2025,10,READY,UNKNOWN,FAIL,FAIL,UNKNOWN,PASS,FAIL,PASS,UNKNOWN,PASS,3,0,3,0,POSSIBLY_STRUCTURAL,HIGH_RISK,DETERIORATING_BUSINESS,READY,24604.122719446194,72.36,35.0,PASS,AVOID,"Phát hiện rủi ro tài chính nghiêm trọng (PROFIT_CASH_DIVERGENCE, WEAK_PROFITABILITY_ROE, UNSTABLE_EARNINGS_HISTORY)."
SPI,NORMAL_ENTERPRISE,2016,2024,9,READY,UNKNOWN,FAIL,FAIL,UNKNOWN,WATCH,FAIL,WATCH,UNKNOWN,PASS,3,0,3,0,POSSIBLY_STRUCTURAL,HIGH_RISK,DETERIORATING_BUSINESS,INCOMPLETE,,,0.0,UNKNOWN,AVOID,"Phát hiện rủi ro tài chính nghiêm trọng (PROFIT_CASH_DIVERGENCE, WEAK_PROFITABILITY_ROE, UNSTABLE_EARNINGS_HISTORY)."
SPM,NORMAL_ENTERPRISE,2016,2025,10,READY,UNKNOWN,FAIL,FAIL,UNKNOWN,PASS,FAIL,WATCH,UNKNOWN,PASS,2,0,2,0,POSSIBLY_STRUCTURAL,HIGH_RISK,DETERIORATING_BUSINESS,READY,46248.350976402624,82.25,38.0,PASS,AVOID,"Phát hiện rủi ro tài chính nghiêm trọng (PROFIT_CASH_DIVERGENCE, WEAK_PROFITABILITY_ROE)."
SPV,NORMAL_ENTERPRISE,2016,2025,10,READY,UNKNOWN,FAIL,FAIL,UNKNOWN,WATCH,WATCH,WATCH,UNKNOWN,PASS,1,0,1,0,POSSIBLY_STRUCTURAL,HIGH_RISK,DETERIORATING_BUSINESS,READY,44557.28901270133,20.33,50.0,FAIL,AVOID,Phát hiện rủi ro tài chính nghiêm trọng (PROFIT_CASH_DIVERGENCE).
SRA,NORMAL_ENTERPRISE,2016,2025,10,READY,UNKNOWN,FAIL,FAIL,UNKNOWN,PASS,WATCH,WATCH,UNKNOWN,PASS,1,0,1,0,POSSIBLY_STRUCTURAL,HIGH_RISK,DETERIORATING_BUSINESS,READY,8794.122507096377,79.53,46.0,PASS,AVOID,Phát hiện rủi ro tài chính nghiêm trọng (PROFIT_CASH_DIVERGENCE).
SRC,NORMAL_ENTERPRISE,2016,2025,10,READY,UNKNOWN,FAIL,FAIL,UNKNOWN,WATCH,FAIL,WATCH,UNKNOWN,PASS,2,0,2,0,POSSIBLY_STRUCTURAL,HIGH_RISK,DETERIORATING_BUSINESS,READY,9446.047674599564,-283.76,45.0,FAIL,AVOID,"Phát hiện rủi ro tài chính nghiêm trọng (PROFIT_CASH_DIVERGENCE, WEAK_PROFITABILITY_ROE)."
SRF,NORMAL_ENTERPRISE,2016,2025,10,READY,UNKNOWN,FAIL,FAIL,UNKNOWN,FAIL,FAIL,WATCH,UNKNOWN,PASS,3,0,3,0,POSSIBLY_STRUCTURAL,HIGH_RISK,DETERIORATING_BUSINESS,READY,4546.888438691269,-62.31,45.0,FAIL,AVOID,"Phát hiện rủi ro tài chính nghiêm trọng (PROFIT_CASH_DIVERGENCE, WEAK_PROFITABILITY_ROE, EXCESSIVE_DEBT_LEVERAGE)."
SSB,BANK,2011,2025,15,READY,UNKNOWN,NOT_APPLICABLE,NOT_APPLICABLE,UNKNOWN,PASS,FAIL,PASS,UNKNOWN,PASS,1,0,1,0,NO_DETERIORATION,HIGH_RISK,WEAK_BUSINESS,READY,19447.521728554693,5.9,35.0,FAIL,AVOID,Phát hiện rủi ro tài chính nghiêm trọng (WEAK_BANK_ROE).
SSC,NORMAL_ENTERPRISE,2016,2025,10,READY,UNKNOWN,PASS,PASS,UNKNOWN,PASS,WATCH,WATCH,UNKNOWN,PASS,0,0,0,0,NO_DETERIORATION,CLEAR,AVERAGE_BUSINESS,READY,26762.379098344984,19.2896867628044,50.0,FAIL,WAIT_FOR_MOS,Doanh nghiệp có chất lượng tốt (AVERAGE_BUSINESS) nhưng mức giá hiện tại (MOS 19.3%) chưa đạt Biên an toàn yêu cầu (50.0%).
SSG,NORMAL_ENTERPRISE,2016,2025,9,READY,UNKNOWN,FAIL,FAIL,UNKNOWN,PASS,PASS,WATCH,UNKNOWN,PASS,2,0,2,0,POSSIBLY_STRUCTURAL,HIGH_RISK,DETERIORATING_BUSINESS,READY,1294.9538273392734,-332.45,40.0,FAIL,AVOID,"Phát hiện rủi ro tài chính nghiêm trọng (PROFIT_CASH_DIVERGENCE, UNSTABLE_EARNINGS_HISTORY)."
SSH,NORMAL_ENTERPRISE,2019,2025,7,READY,UNKNOWN,FAIL,FAIL,UNKNOWN,WATCH,WATCH,WATCH,UNKNOWN,PASS,1,0,1,0,POSSIBLY_STRUCTURAL,HIGH_RISK,DETERIORATING_BUSINESS,INCOMPLETE,,,0.0,UNKNOWN,AVOID,Phát hiện rủi ro tài chính nghiêm trọng (PROFIT_CASH_DIVERGENCE).
SSI,SECURITIES,2011,2025,15,READY,UNKNOWN,NOT_APPLICABLE,NOT_APPLICABLE,UNKNOWN,PASS,PASS,PASS,UNKNOWN,PASS,0,0,0,0,NO_DETERIORATION,CLEAR,AVERAGE_BUSINESS,READY,20711.938493797017,1.988893960458541,45.0,FAIL,WAIT_FOR_MOS,Doanh nghiệp có chất lượng tốt (AVERAGE_BUSINESS) nhưng mức giá hiện tại (MOS 2.0%) chưa đạt Biên an toàn yêu cầu (45.0%).
SSM,NORMAL_ENTERPRISE,2016,2025,10,READY,UNKNOWN,FAIL,FAIL,UNKNOWN,WATCH,FAIL,WATCH,UNKNOWN,PASS,3,0,3,0,POSSIBLY_STRUCTURAL,HIGH_RISK,DETERIORATING_BUSINESS,INCOMPLETE,,,0.0,UNKNOWN,AVOID,"Phát hiện rủi ro tài chính nghiêm trọng (PROFIT_CASH_DIVERGENCE, WEAK_PROFITABILITY_ROE, UNSTABLE_EARNINGS_HISTORY)."
ST8,NORMAL_ENTERPRISE,2016,2025,10,READY,UNKNOWN,FAIL,FAIL,UNKNOWN,PASS,FAIL,WATCH,UNKNOWN,PASS,3,0,3,0,POSSIBLY_STRUCTURAL,HIGH_RISK,DETERIORATING_BUSINESS,INCOMPLETE,,,0.0,UNKNOWN,AVOID,"Phát hiện rủi ro tài chính nghiêm trọng (PROFIT_CASH_DIVERGENCE, WEAK_PROFITABILITY_ROE, UNSTABLE_EARNINGS_HISTORY)."
STB,BANK,2011,2025,15,READY,UNKNOWN,NOT_APPLICABLE,NOT_APPLICABLE,UNKNOWN,PASS,WATCH,PASS,UNKNOWN,PASS,0,0,0,0,NO_DETERIORATION,CLEAR,WEAK_BUSINESS,READY,39632.41115157124,-95.04238514374468,35.0,FAIL,WAIT_FOR_MOS,"Doanh nghiệp có chất lượng tài chính yếu, không đạt tiêu chí mua dài hạn."
STC,NORMAL_ENTERPRISE,2016,2025,10,READY,UNKNOWN,PASS,PASS,UNKNOWN,PASS,WATCH,WATCH,UNKNOWN,PASS,0,0,0,0,NO_DETERIORATION,CLEAR,AVERAGE_BUSINESS,READY,6815.546459680387,-71.66635234922408,30.0,FAIL,WAIT_FOR_MOS,Doanh nghiệp có chất lượng tốt (AVERAGE_BUSINESS) nhưng mức giá hiện tại (MOS -71.7%) chưa đạt Biên an toàn yêu cầu (30.0%).
STD,NORMAL_ENTERPRISE,2017,2025,9,READY,UNKNOWN,PASS,PASS,UNKNOWN,PASS,FAIL,WATCH,UNKNOWN,PASS,1,0,1,0,NO_DETERIORATION,HIGH_RISK,WEAK_BUSINESS,READY,3561.123025183002,-40.41,40.0,FAIL,AVOID,Phát hiện rủi ro tài chính nghiêm trọng (WEAK_PROFITABILITY_ROE).
STG,NORMAL_ENTERPRISE,2016,2025,10,READY,UNKNOWN,PASS,PASS,UNKNOWN,PASS,FAIL,PASS,UNKNOWN,PASS,1,0,1,0,NO_DETERIORATION,HIGH_RISK,WEAK_BUSINESS,READY,6172.851345817825,-457.27893112647826,33.0,FAIL,AVOID,Phát hiện rủi ro tài chính nghiêm trọng (WEAK_PROFITABILITY_ROE).
STH,NORMAL_ENTERPRISE,2017,2025,9,READY,UNKNOWN,FAIL,FAIL,UNKNOWN,WATCH,FAIL,PASS,UNKNOWN,PASS,4,0,3,1,POSSIBLY_STRUCTURAL,HIGH_RISK,DETERIORATING_BUSINESS,READY,60793.07088849107,59.04,38.0,PASS,AVOID,"Phát hiện rủi ro tài chính nghiêm trọng (PROFIT_CASH_DIVERGENCE, INVENTORY_BUILDUP, WEAK_PROFITABILITY_ROE)."
STK,NORMAL_ENTERPRISE,2016,2025,10,READY,UNKNOWN,PASS,PASS,UNKNOWN,WATCH,WATCH,PASS,UNKNOWN,PASS,1,0,0,1,POSSIBLY_CYCLICAL,WATCH,AVERAGE_BUSINESS,READY,2310.7670009623007,-243.61,45.0,FAIL,WAIT_FOR_MOS,Doanh nghiệp có chất lượng tốt (AVERAGE_BUSINESS) nhưng mức giá hiện tại (MOS -243.6%) chưa đạt Biên an toàn yêu cầu (45.0%).
STP,NORMAL_ENTERPRISE,2016,2025,10,READY,UNKNOWN,FAIL,FAIL,UNKNOWN,PASS,FAIL,PASS,UNKNOWN,PASS,2,0,2,0,POSSIBLY_STRUCTURAL,HIGH_RISK,DETERIORATING_BUSINESS,READY,7865.476592113545,9.732106925104357,50.0,FAIL,AVOID,"Phát hiện rủi ro tài chính nghiêm trọng (PROFIT_CASH_DIVERGENCE, WEAK_PROFITABILITY_ROE)."
STS,NORMAL_ENTERPRISE,2016,2025,10,READY,UNKNOWN,WATCH,WATCH,UNKNOWN,PASS,WATCH,PASS,UNKNOWN,PASS,1,0,0,1,POSSIBLY_CYCLICAL,WATCH,AVERAGE_BUSINESS,READY,134872.01988871017,0.5,35.0,FAIL,WAIT_FOR_MOS,Doanh nghiệp có chất lượng tốt (AVERAGE_BUSINESS) nhưng mức giá hiện tại (MOS 0.5%) chưa đạt Biên an toàn yêu cầu (35.0%).
STT,NORMAL_ENTERPRISE,2016,2025,10,READY,UNKNOWN,FAIL,FAIL,UNKNOWN,PASS,FAIL,WATCH,UNKNOWN,PASS,3,0,3,0,POSSIBLY_STRUCTURAL,HIGH_RISK,DETERIORATING_BUSINESS,READY,1151.550848565521,-12.89,45.0,FAIL,AVOID,"Phát hiện rủi ro tài chính nghiêm trọng (PROFIT_CASH_DIVERGENCE, WEAK_PROFITABILITY_ROE, UNSTABLE_EARNINGS_HISTORY)."
STW,NORMAL_ENTERPRISE,2016,2025,10,READY,UNKNOWN,PASS,PASS,UNKNOWN,PASS,FAIL,PASS,UNKNOWN,PASS,3,0,2,1,POSSIBLY_CYCLICAL,HIGH_RISK,WEAK_BUSINESS,READY,19255.86013254179,-55.8,40.0,FAIL,AVOID,"Phát hiện rủi ro tài chính nghiêm trọng (WEAK_PROFITABILITY_ROE, UNSTABLE_EARNINGS_HISTORY)."
SVC,NORMAL_ENTERPRISE,2016,2025,10,READY,UNKNOWN,FAIL,FAIL,UNKNOWN,FAIL,WATCH,PASS,UNKNOWN,PASS,3,0,2,1,POSSIBLY_STRUCTURAL,HIGH_RISK,DETERIORATING_BUSINESS,READY,34629.25829808668,51.63,35.0,PASS,AVOID,"Phát hiện rủi ro tài chính nghiêm trọng (PROFIT_CASH_DIVERGENCE, EXCESSIVE_DEBT_LEVERAGE)."
SVD,NORMAL_ENTERPRISE,2020,2025,6,READY,UNKNOWN,PASS,PASS,UNKNOWN,PASS,FAIL,WATCH,UNKNOWN,PASS,3,0,2,1,POSSIBLY_CYCLICAL,HIGH_RISK,WEAK_BUSINESS,READY,9383.723386516474,50.77,48.0,PASS,AVOID,"Phát hiện rủi ro tài chính nghiêm trọng (WEAK_PROFITABILITY_ROE, UNSTABLE_EARNINGS_HISTORY)."
SVG,NORMAL_ENTERPRISE,2016,2025,10,READY,UNKNOWN,PASS,PASS,UNKNOWN,PASS,FAIL,WATCH,UNKNOWN,PASS,1,0,1,0,NO_DETERIORATION,HIGH_RISK,WEAK_BUSINESS,READY,3083.2233984268414,-81.63,46.0,FAIL,AVOID,Phát hiện rủi ro tài chính nghiêm trọng (WEAK_PROFITABILITY_ROE).
SVH,NORMAL_ENTERPRISE,2016,2025,10,READY,UNKNOWN,PASS,PASS,UNKNOWN,WATCH,PASS,WATCH,UNKNOWN,PASS,0,0,0,0,NO_DETERIORATION,CLEAR,AVERAGE_BUSINESS,READY,148122.87969087198,95.95,43.0,PASS,BUY,Doanh nghiệp đạt chuẩn chất lượng BCTC và mức giá hiện tại (MOS 96.0%) đạt/vượt Biên an toàn yêu cầu (43.0%).
SVN,NORMAL_ENTERPRISE,2011,2025,15,READY,UNKNOWN,FAIL,FAIL,UNKNOWN,PASS,FAIL,PASS,UNKNOWN,PASS,3,0,3,0,POSSIBLY_STRUCTURAL,HIGH_RISK,DETERIORATING_BUSINESS,READY,667.7532859457309,-409.17,50.0,FAIL,AVOID,"Phát hiện rủi ro tài chính nghiêm trọng (PROFIT_CASH_DIVERGENCE, WEAK_PROFITABILITY_ROE, UNSTABLE_EARNINGS_HISTORY)."
SVT,NORMAL_ENTERPRISE,2016,2025,10,READY,UNKNOWN,FAIL,FAIL,UNKNOWN,PASS,WATCH,PASS,UNKNOWN,PASS,2,0,1,1,POSSIBLY_STRUCTURAL,HIGH_RISK,DETERIORATING_BUSINESS,READY,10105.131022589705,11.73,40.0,FAIL,AVOID,Phát hiện rủi ro tài chính nghiêm trọng (PROFIT_CASH_DIVERGENCE).
SWC,NORMAL_ENTERPRISE,2016,2025,10,READY,UNKNOWN,WATCH,WATCH,UNKNOWN,PASS,WATCH,PASS,UNKNOWN,PASS,1,0,0,1,POSSIBLY_CYCLICAL,WATCH,AVERAGE_BUSINESS,READY,78927.34717882748,70.1,40.0,PASS,BUY,Doanh nghiệp đạt chuẩn chất lượng BCTC và mức giá hiện tại (MOS 70.1%) đạt/vượt Biên an toàn yêu cầu (40.0%).
SZC,NORMAL_ENTERPRISE,2011,2025,15,READY,UNKNOWN,WATCH,WATCH,UNKNOWN,PASS,FAIL,PASS,UNKNOWN,PASS,3,0,2,1,POSSIBLY_STRUCTURAL,HIGH_RISK,DETERIORATING_BUSINESS,READY,12851.304521232149,-40.06,50.0,FAIL,AVOID,"Phát hiện rủi ro tài chính nghiêm trọng (INVENTORY_BUILDUP, WEAK_PROFITABILITY_ROE)."
SZE,NORMAL_ENTERPRISE,2016,2025,10,READY,UNKNOWN,PASS,PASS,UNKNOWN,PASS,FAIL,WATCH,UNKNOWN,PASS,1,0,1,0,NO_DETERIORATION,HIGH_RISK,WEAK_BUSINESS,READY,27194.03037412474,71.32,40.0,PASS,AVOID,Phát hiện rủi ro tài chính nghiêm trọng (WEAK_PROFITABILITY_ROE).
SZG,NORMAL_ENTERPRISE,2020,2025,6,READY,UNKNOWN,PASS,PASS,UNKNOWN,FAIL,PASS,PASS,UNKNOWN,PASS,1,0,1,0,POSSIBLY_STRUCTURAL,HIGH_RISK,DETERIORATING_BUSINESS,READY,75966.52552985144,56.56,40.0,PASS,AVOID,Phát hiện rủi ro tài chính nghiêm trọng (EXCESSIVE_DEBT_LEVERAGE).
SZL,NORMAL_ENTERPRISE,2011,2025,15,READY,UNKNOWN,PASS,PASS,UNKNOWN,PASS,PASS,PASS,UNKNOWN,PASS,0,0,0,0,NO_DETERIORATION,CLEAR,AVERAGE_BUSINESS,READY,35096.33422816424,-44.17,50.0,FAIL,WAIT_FOR_MOS,Doanh nghiệp có chất lượng tốt (AVERAGE_BUSINESS) nhưng mức giá hiện tại (MOS -44.2%) chưa đạt Biên an toàn yêu cầu (50.0%).
TA9,NORMAL_ENTERPRISE,2016,2025,10,READY,UNKNOWN,PASS,PASS,UNKNOWN,FAIL,FAIL,WATCH,UNKNOWN,PASS,2,0,2,0,POSSIBLY_STRUCTURAL,HIGH_RISK,DETERIORATING_BUSINESS,READY,7823.262593920085,-35.49,40.0,FAIL,AVOID,"Phát hiện rủi ro tài chính nghiêm trọng (WEAK_PROFITABILITY_ROE, EXCESSIVE_DEBT_LEVERAGE)."
TAB,NORMAL_ENTERPRISE,2023,2025,3,PARTIAL,UNKNOWN,PASS,PASS,UNKNOWN,PASS,FAIL,PASS,UNKNOWN,PASS,1,0,1,0,NO_DETERIORATION,HIGH_RISK,WEAK_BUSINESS,READY,45242.78576674288,29.27,40.0,FAIL,AVOID,Phát hiện rủi ro tài chính nghiêm trọng (WEAK_PROFITABILITY_ROE).
TAH,NORMAL_ENTERPRISE,2024,2025,2,INSUFFICIENT,UNKNOWN,PASS,PASS,UNKNOWN,PASS,PASS,PASS,UNKNOWN,PASS,0,0,0,0,NO_DETERIORATION,CLEAR,INSUFFICIENT_DATA,READY,41546.63245848417,46.57,46.0,PASS,REVIEW_BUSINESS,Chưa đủ dữ liệu tài chính lịch sử (dưới 3-5 năm) để hoàn thành đánh giá BCTC.
TAL,NORMAL_ENTERPRISE,2022,2025,4,PARTIAL,UNKNOWN,FAIL,FAIL,UNKNOWN,PASS,WATCH,PASS,UNKNOWN,PASS,3,0,2,1,POSSIBLY_STRUCTURAL,HIGH_RISK,DETERIORATING_BUSINESS,READY,15344.571212118813,-44.35,50.0,FAIL,AVOID,"Phát hiện rủi ro tài chính nghiêm trọng (PROFIT_CASH_DIVERGENCE, INVENTORY_BUILDUP)."
TAR,NORMAL_ENTERPRISE,2016,2025,10,READY,UNKNOWN,FAIL,FAIL,UNKNOWN,WATCH,FAIL,WATCH,UNKNOWN,PASS,3,0,3,0,POSSIBLY_STRUCTURAL,HIGH_RISK,DETERIORATING_BUSINESS,READY,49508.098903001475,95.15,50.0,PASS,AVOID,"Phát hiện rủi ro tài chính nghiêm trọng (PROFIT_CASH_DIVERGENCE, WEAK_PROFITABILITY_ROE, UNSTABLE_EARNINGS_HISTORY)."
TAW,NORMAL_ENTERPRISE,2016,2025,9,READY,UNKNOWN,FAIL,FAIL,UNKNOWN,FAIL,WATCH,PASS,UNKNOWN,PASS,2,0,2,0,POSSIBLY_STRUCTURAL,HIGH_RISK,DETERIORATING_BUSINESS,READY,20227.93431834298,-5.3,35.0,FAIL,AVOID,"Phát hiện rủi ro tài chính nghiêm trọng (PROFIT_CASH_DIVERGENCE, EXCESSIVE_DEBT_LEVERAGE)."
TBC,NORMAL_ENTERPRISE,2016,2025,10,READY,UNKNOWN,PASS,PASS,UNKNOWN,PASS,PASS,PASS,UNKNOWN,PASS,0,0,0,0,NO_DETERIORATION,CLEAR,AVERAGE_BUSINESS,READY,40118.39733128349,20.485358035164968,30.0,FAIL,WAIT_FOR_MOS,Doanh nghiệp có chất lượng tốt (AVERAGE_BUSINESS) nhưng mức giá hiện tại (MOS 20.5%) chưa đạt Biên an toàn yêu cầu (30.0%).
TBD,NORMAL_ENTERPRISE,2016,2025,10,READY,UNKNOWN,FAIL,FAIL,UNKNOWN,FAIL,PASS,PASS,UNKNOWN,PASS,3,0,2,1,POSSIBLY_STRUCTURAL,HIGH_RISK,DETERIORATING_BUSINESS,READY,63238.77832726487,-54.34,35.0,FAIL,AVOID,"Phát hiện rủi ro tài chính nghiêm trọng (PROFIT_CASH_DIVERGENCE, EXCESSIVE_DEBT_LEVERAGE)."
TBR,NORMAL_ENTERPRISE,2017,2025,9,READY,UNKNOWN,FAIL,FAIL,UNKNOWN,PASS,FAIL,WATCH,UNKNOWN,PASS,2,0,2,0,POSSIBLY_STRUCTURAL,HIGH_RISK,DETERIORATING_BUSINESS,READY,2398.062643220877,-191.9,35.0,FAIL,AVOID,"Phát hiện rủi ro tài chính nghiêm trọng (PROFIT_CASH_DIVERGENCE, WEAK_PROFITABILITY_ROE)."
TBW,NORMAL_ENTERPRISE,2021,2025,5,READY,UNKNOWN,PASS,PASS,UNKNOWN,PASS,PASS,PASS,UNKNOWN,PASS,0,0,0,0,NO_DETERIORATION,CLEAR,AVERAGE_BUSINESS,READY,65059.060503938395,82.48,35.0,PASS,BUY,Doanh nghiệp đạt chuẩn chất lượng BCTC và mức giá hiện tại (MOS 82.5%) đạt/vượt Biên an toàn yêu cầu (35.0%).
TCB,BANK,2011,2025,15,READY,UNKNOWN,NOT_APPLICABLE,NOT_APPLICABLE,UNKNOWN,PASS,PASS,PASS,UNKNOWN,PASS,0,0,0,0,NO_DETERIORATION,CLEAR,POTENTIAL_COMPOUNDER,READY,35416.109978621316,10.775068128388142,30.0,FAIL,WAIT_FOR_MOS,Doanh nghiệp có chất lượng tốt (POTENTIAL_COMPOUNDER) nhưng mức giá hiện tại (MOS 10.8%) chưa đạt Biên an toàn yêu cầu (30.0%).
TCD,NORMAL_ENTERPRISE,2016,2025,10,READY,UNKNOWN,FAIL,FAIL,UNKNOWN,FAIL,PASS,WATCH,UNKNOWN,PASS,3,0,3,0,POSSIBLY_STRUCTURAL,HIGH_RISK,DETERIORATING_BUSINESS,READY,4895.0692726424695,79.57,50.0,PASS,AVOID,"Phát hiện rủi ro tài chính nghiêm trọng (PROFIT_CASH_DIVERGENCE, UNSTABLE_EARNINGS_HISTORY, EXCESSIVE_DEBT_LEVERAGE)."
TCH,NORMAL_ENTERPRISE,2013,2025,13,READY,UNKNOWN,FAIL,FAIL,UNKNOWN,PASS,FAIL,PASS,UNKNOWN,WATCH,3,0,2,1,POSSIBLY_STRUCTURAL,HIGH_RISK,DETERIORATING_BUSINESS,READY,33023.38123441673,64.57,50.0,PASS,AVOID,"Phát hiện rủi ro tài chính nghiêm trọng (PROFIT_CASH_DIVERGENCE, WEAK_PROFITABILITY_ROE)."
TCI,NORMAL_ENTERPRISE,2011,2025,15,READY,UNKNOWN,FAIL,FAIL,UNKNOWN,WATCH,FAIL,WATCH,UNKNOWN,PASS,2,0,2,0,POSSIBLY_STRUCTURAL,HIGH_RISK,DETERIORATING_BUSINESS,READY,76428.67225523977,87.44,45.0,PASS,AVOID,"Phát hiện rủi ro tài chính nghiêm trọng (PROFIT_CASH_DIVERGENCE, WEAK_PROFITABILITY_ROE)."
TCJ,NORMAL_ENTERPRISE,2016,2024,9,READY,UNKNOWN,FAIL,FAIL,UNKNOWN,PASS,PASS,WATCH,UNKNOWN,PASS,2,0,2,0,POSSIBLY_STRUCTURAL,HIGH_RISK,DETERIORATING_BUSINESS,INCOMPLETE,,,0.0,UNKNOWN,AVOID,"Phát hiện rủi ro tài chính nghiêm trọng (PROFIT_CASH_DIVERGENCE, UNSTABLE_EARNINGS_HISTORY)."
TCK,NORMAL_ENTERPRISE,2016,2025,10,READY,UNKNOWN,FAIL,FAIL,UNKNOWN,PASS,FAIL,WATCH,UNKNOWN,PASS,3,0,3,0,POSSIBLY_STRUCTURAL,HIGH_RISK,DETERIORATING_BUSINESS,READY,8094.583370669771,62.94,45.0,PASS,AVOID,"Phát hiện rủi ro tài chính nghiêm trọng (PROFIT_CASH_DIVERGENCE, WEAK_PROFITABILITY_ROE, UNSTABLE_EARNINGS_HISTORY)."
TCL,NORMAL_ENTERPRISE,2016,2025,10,READY,UNKNOWN,PASS,PASS,UNKNOWN,PASS,PASS,PASS,UNKNOWN,PASS,0,0,0,0,NO_DETERIORATION,CLEAR,AVERAGE_BUSINESS,READY,158178.45634547257,81.69788688747144,25.0,PASS,BUY,Doanh nghiệp đạt chuẩn chất lượng BCTC và mức giá hiện tại (MOS 81.7%) đạt/vượt Biên an toàn yêu cầu (25.0%).
TCM,NORMAL_ENTERPRISE,2011,2025,15,READY,UNKNOWN,PASS,PASS,UNKNOWN,PASS,PASS,PASS,UNKNOWN,PASS,0,0,0,0,NO_DETERIORATION,CLEAR,AVERAGE_BUSINESS,READY,25795.620429092676,35.64799092299297,40.0,FAIL,WAIT_FOR_MOS,Doanh nghiệp có chất lượng tốt (AVERAGE_BUSINESS) nhưng mức giá hiện tại (MOS 35.6%) chưa đạt Biên an toàn yêu cầu (40.0%).
TCO,NORMAL_ENTERPRISE,2011,2025,15,READY,UNKNOWN,FAIL,FAIL,UNKNOWN,FAIL,WATCH,PASS,UNKNOWN,WATCH,3,0,2,1,POSSIBLY_STRUCTURAL,HIGH_RISK,DETERIORATING_BUSINESS,READY,7760.122958296723,-34.02,35.0,FAIL,AVOID,"Phát hiện rủi ro tài chính nghiêm trọng (PROFIT_CASH_DIVERGENCE, EXCESSIVE_DEBT_LEVERAGE)."
TCR,NORMAL_ENTERPRISE,2016,2025,10,READY,UNKNOWN,FAIL,FAIL,UNKNOWN,FAIL,FAIL,WATCH,UNKNOWN,PASS,4,0,4,0,POSSIBLY_STRUCTURAL,HIGH_RISK,DETERIORATING_BUSINESS,READY,2679.65662779999,19.77,50.0,FAIL,AVOID,"Phát hiện rủi ro tài chính nghiêm trọng (PROFIT_CASH_DIVERGENCE, WEAK_PROFITABILITY_ROE, UNSTABLE_EARNINGS_HISTORY, EXCESSIVE_DEBT_LEVERAGE)."
TCT,NORMAL_ENTERPRISE,2016,2025,10,READY,UNKNOWN,WATCH,WATCH,UNKNOWN,PASS,FAIL,WATCH,UNKNOWN,PASS,2,0,1,1,POSSIBLY_CYCLICAL,HIGH_RISK,WEAK_BUSINESS,READY,9105.144098479266,-93.85,30.0,FAIL,AVOID,Phát hiện rủi ro tài chính nghiêm trọng (WEAK_PROFITABILITY_ROE).
TCW,NORMAL_ENTERPRISE,2016,2025,10,READY,UNKNOWN,PASS,PASS,UNKNOWN,WATCH,PASS,PASS,UNKNOWN,PASS,0,0,0,0,NO_DETERIORATION,CLEAR,AVERAGE_BUSINESS,READY,104296.3766271605,71.62,30.0,PASS,BUY,Doanh nghiệp đạt chuẩn chất lượng BCTC và mức giá hiện tại (MOS 71.6%) đạt/vượt Biên an toàn yêu cầu (30.0%).
TCX,NORMAL_ENTERPRISE,2011,2025,15,READY,UNKNOWN,FAIL,FAIL,UNKNOWN,PASS,PASS,PASS,UNKNOWN,PASS,1,0,1,0,POSSIBLY_STRUCTURAL,HIGH_RISK,DETERIORATING_BUSINESS,READY,25660.530869155584,-48.47705292721312,50.0,FAIL,AVOID,Phát hiện rủi ro tài chính nghiêm trọng (PROFIT_CASH_DIVERGENCE).
TD6,NORMAL_ENTERPRISE,2024,2025,2,INSUFFICIENT,UNKNOWN,PASS,PASS,UNKNOWN,WATCH,FAIL,WATCH,UNKNOWN,PASS,1,0,1,0,NO_DETERIORATION,HIGH_RISK,INSUFFICIENT_DATA,READY,6034.660125392826,0.57,50.0,FAIL,AVOID,Phát hiện rủi ro tài chính nghiêm trọng (WEAK_PROFITABILITY_ROE).
TDB,NORMAL_ENTERPRISE,2016,2025,10,READY,UNKNOWN,PASS,PASS,UNKNOWN,PASS,PASS,WATCH,UNKNOWN,PASS,0,0,0,0,NO_DETERIORATION,CLEAR,AVERAGE_BUSINESS,READY,52113.99549048296,23.63,40.0,FAIL,WAIT_FOR_MOS,Doanh nghiệp có chất lượng tốt (AVERAGE_BUSINESS) nhưng mức giá hiện tại (MOS 23.6%) chưa đạt Biên an toàn yêu cầu (40.0%).
TDC,NORMAL_ENTERPRISE,2011,2025,15,READY,UNKNOWN,FAIL,FAIL,UNKNOWN,PASS,WATCH,WATCH,UNKNOWN,PASS,1,0,1,0,POSSIBLY_STRUCTURAL,HIGH_RISK,DETERIORATING_BUSINESS,READY,11621.160526511685,40.37,50.0,FAIL,AVOID,Phát hiện rủi ro tài chính nghiêm trọng (PROFIT_CASH_DIVERGENCE).
TDF,NORMAL_ENTERPRISE,2016,2025,9,READY,UNKNOWN,PASS,PASS,UNKNOWN,WATCH,WATCH,WATCH,UNKNOWN,PASS,1,0,0,1,POSSIBLY_CYCLICAL,WATCH,AVERAGE_BUSINESS,READY,11654.58444605346,38.22,50.0,FAIL,WAIT_FOR_MOS,Doanh nghiệp có chất lượng tốt (AVERAGE_BUSINESS) nhưng mức giá hiện tại (MOS 38.2%) chưa đạt Biên an toàn yêu cầu (50.0%).
TDG,NORMAL_ENTERPRISE,2016,2025,10,READY,UNKNOWN,FAIL,FAIL,UNKNOWN,FAIL,FAIL,WATCH,UNKNOWN,PASS,4,0,3,1,POSSIBLY_STRUCTURAL,HIGH_RISK,DETERIORATING_BUSINESS,READY,81871.04776153258,97.29,46.0,PASS,AVOID,"Phát hiện rủi ro tài chính nghiêm trọng (PROFIT_CASH_DIVERGENCE, WEAK_PROFITABILITY_ROE, EXCESSIVE_DEBT_LEVERAGE)."
TDH,NORMAL_ENTERPRISE,2011,2025,15,READY,UNKNOWN,FAIL,FAIL,UNKNOWN,PASS,FAIL,PASS,UNKNOWN,WATCH,5,0,4,1,POSSIBLY_STRUCTURAL,HIGH_RISK,DETERIORATING_BUSINESS,READY,3270.4435972620254,5.21,50.0,FAIL,AVOID,"Phát hiện rủi ro tài chính nghiêm trọng (PROFIT_CASH_DIVERGENCE, INVENTORY_BUILDUP, WEAK_PROFITABILITY_ROE, UNSTABLE_EARNINGS_HISTORY)."
TDM,NORMAL_ENTERPRISE,2014,2025,12,READY,UNKNOWN,PASS,PASS,UNKNOWN,PASS,WATCH,PASS,UNKNOWN,PASS,1,0,0,1,POSSIBLY_CYCLICAL,WATCH,AVERAGE_BUSINESS,INCOMPLETE,-2508.150850182301,,0.0,UNKNOWN,WAIT_FOR_MOS,Doanh nghiệp chất lượng ổn định nhưng chưa có định giá chuẩn để xác định Biên an toàn.
TDP,NORMAL_ENTERPRISE,2016,2025,10,READY,UNKNOWN,FAIL,FAIL,UNKNOWN,FAIL,WATCH,PASS,UNKNOWN,PASS,3,0,2,1,POSSIBLY_STRUCTURAL,HIGH_RISK,DETERIORATING_BUSINESS,READY,7880.246001037713,-328.92,50.0,FAIL,AVOID,"Phát hiện rủi ro tài chính nghiêm trọng (PROFIT_CASH_DIVERGENCE, EXCESSIVE_DEBT_LEVERAGE)."
TDS,NORMAL_ENTERPRISE,2016,2025,10,READY,UNKNOWN,PASS,PASS,UNKNOWN,WATCH,WATCH,WATCH,UNKNOWN,PASS,0,0,0,0,NO_DETERIORATION,CLEAR,AVERAGE_BUSINESS,READY,24413.063958035484,65.59,43.0,PASS,BUY,Doanh nghiệp đạt chuẩn chất lượng BCTC và mức giá hiện tại (MOS 65.6%) đạt/vượt Biên an toàn yêu cầu (43.0%).
TDT,NORMAL_ENTERPRISE,2016,2025,10,READY,UNKNOWN,FAIL,FAIL,UNKNOWN,WATCH,FAIL,PASS,UNKNOWN,PASS,3,0,2,1,POSSIBLY_STRUCTURAL,HIGH_RISK,DETERIORATING_BUSINESS,READY,5689.127693331536,-17.77,50.0,FAIL,AVOID,"Phát hiện rủi ro tài chính nghiêm trọng (PROFIT_CASH_DIVERGENCE, WEAK_PROFITABILITY_ROE)."
TDW,NORMAL_ENTERPRISE,2016,2025,10,READY,UNKNOWN,PASS,PASS,UNKNOWN,FAIL,PASS,PASS,UNKNOWN,PASS,1,0,1,0,POSSIBLY_STRUCTURAL,HIGH_RISK,DETERIORATING_BUSINESS,READY,21890.765237164545,-114.70240757142116,33.0,FAIL,AVOID,Phát hiện rủi ro tài chính nghiêm trọng (EXCESSIVE_DEBT_LEVERAGE).
TED,NORMAL_ENTERPRISE,2021,2025,5,READY,UNKNOWN,PASS,PASS,UNKNOWN,FAIL,PASS,PASS,UNKNOWN,PASS,1,0,1,0,POSSIBLY_STRUCTURAL,HIGH_RISK,DETERIORATING_BUSINESS,READY,675844.9597446538,90.16,43.0,PASS,AVOID,Phát hiện rủi ro tài chính nghiêm trọng (EXCESSIVE_DEBT_LEVERAGE).
TEG,NORMAL_ENTERPRISE,2016,2025,10,READY,UNKNOWN,FAIL,FAIL,UNKNOWN,PASS,FAIL,WATCH,UNKNOWN,PASS,3,0,2,1,POSSIBLY_STRUCTURAL,HIGH_RISK,DETERIORATING_BUSINESS,READY,3465.8053189008588,-71.68,50.0,FAIL,AVOID,"Phát hiện rủi ro tài chính nghiêm trọng (PROFIT_CASH_DIVERGENCE, WEAK_PROFITABILITY_ROE)."
TET,NORMAL_ENTERPRISE,2016,2025,10,READY,UNKNOWN,WATCH,WATCH,UNKNOWN,PASS,FAIL,PASS,UNKNOWN,PASS,2,0,1,1,POSSIBLY_CYCLICAL,HIGH_RISK,WEAK_BUSINESS,READY,11359.24409946731,-340.17,45.0,FAIL,AVOID,Phát hiện rủi ro tài chính nghiêm trọng (WEAK_PROFITABILITY_ROE).
TFC,NORMAL_ENTERPRISE,2016,2025,10,READY,UNKNOWN,FAIL,FAIL,UNKNOWN,WATCH,FAIL,WATCH,UNKNOWN,PASS,3,0,3,0,POSSIBLY_STRUCTURAL,HIGH_RISK,DETERIORATING_BUSINESS,READY,24648.640724440775,-64.30926334952638,50.0,FAIL,AVOID,"Phát hiện rủi ro tài chính nghiêm trọng (PROFIT_CASH_DIVERGENCE, WEAK_PROFITABILITY_ROE, UNSTABLE_EARNINGS_HISTORY)."
TGG,NORMAL_ENTERPRISE,2016,2025,10,READY,UNKNOWN,FAIL,FAIL,UNKNOWN,PASS,FAIL,WATCH,UNKNOWN,PASS,3,0,3,0,POSSIBLY_STRUCTURAL,HIGH_RISK,DETERIORATING_BUSINESS,READY,31336.994470471265,92.66,43.0,PASS,AVOID,"Phát hiện rủi ro tài chính nghiêm trọng (PROFIT_CASH_DIVERGENCE, WEAK_PROFITABILITY_ROE, UNSTABLE_EARNINGS_HISTORY)."
TGP,NORMAL_ENTERPRISE,2016,2025,10,READY,UNKNOWN,FAIL,FAIL,UNKNOWN,PASS,FAIL,WATCH,UNKNOWN,PASS,2,0,2,0,POSSIBLY_STRUCTURAL,HIGH_RISK,DETERIORATING_BUSINESS,READY,3459.800302051494,-87.87,40.0,FAIL,AVOID,"Phát hiện rủi ro tài chính nghiêm trọng (PROFIT_CASH_DIVERGENCE, WEAK_PROFITABILITY_ROE)."
TH1,NORMAL_ENTERPRISE,2016,2025,10,READY,UNKNOWN,FAIL,FAIL,UNKNOWN,FAIL,WATCH,WATCH,UNKNOWN,PASS,3,0,3,0,POSSIBLY_STRUCTURAL,HIGH_RISK,DETERIORATING_BUSINESS,READY,55635.053322724336,89.04,45.0,PASS,AVOID,"Phát hiện rủi ro tài chính nghiêm trọng (PROFIT_CASH_DIVERGENCE, UNSTABLE_EARNINGS_HISTORY, EXCESSIVE_DEBT_LEVERAGE)."
THB,NORMAL_ENTERPRISE,2016,2025,10,READY,UNKNOWN,PASS,PASS,UNKNOWN,WATCH,FAIL,WATCH,UNKNOWN,PASS,1,0,1,0,NO_DETERIORATION,HIGH_RISK,WEAK_BUSINESS,READY,3975.7354348135586,-128.89,30.0,FAIL,AVOID,Phát hiện rủi ro tài chính nghiêm trọng (WEAK_PROFITABILITY_ROE).
THD,NORMAL_ENTERPRISE,2018,2025,8,READY,UNKNOWN,FAIL,FAIL,UNKNOWN,PASS,FAIL,PASS,UNKNOWN,PASS,3,0,2,1,POSSIBLY_STRUCTURAL,HIGH_RISK,DETERIORATING_BUSINESS,READY,1691.890521993397,-7465.5,45.0,FAIL,AVOID,"Phát hiện rủi ro tài chính nghiêm trọng (PROFIT_CASH_DIVERGENCE, WEAK_PROFITABILITY_ROE)."
THG,NORMAL_ENTERPRISE,2011,2025,15,READY,UNKNOWN,PASS,PASS,UNKNOWN,PASS,PASS,PASS,UNKNOWN,PASS,0,0,0,0,NO_DETERIORATION,CLEAR,POTENTIAL_COMPOUNDER,READY,33626.88576397651,14.6516266732453,45.0,FAIL,WAIT_FOR_MOS,Doanh nghiệp có chất lượng tốt (POTENTIAL_COMPOUNDER) nhưng mức giá hiện tại (MOS 14.7%) chưa đạt Biên an toàn yêu cầu (45.0%).
THM,NORMAL_ENTERPRISE,2022,2025,4,PARTIAL,UNKNOWN,PASS,PASS,UNKNOWN,PASS,FAIL,WATCH,UNKNOWN,PASS,1,0,1,0,NO_DETERIORATION,HIGH_RISK,WEAK_BUSINESS,READY,2912.4766923607444,-212.45,35.0,FAIL,AVOID,Phát hiện rủi ro tài chính nghiêm trọng (WEAK_PROFITABILITY_ROE).
THN,NORMAL_ENTERPRISE,2016,2025,10,READY,UNKNOWN,PASS,PASS,UNKNOWN,PASS,WATCH,PASS,UNKNOWN,PASS,0,0,0,0,NO_DETERIORATION,CLEAR,AVERAGE_BUSINESS,READY,71470.08654842354,92.16,38.0,PASS,BUY,Doanh nghiệp đạt chuẩn chất lượng BCTC và mức giá hiện tại (MOS 92.2%) đạt/vượt Biên an toàn yêu cầu (38.0%).
THP,NORMAL_ENTERPRISE,2019,2025,7,READY,UNKNOWN,FAIL,FAIL,UNKNOWN,FAIL,FAIL,PASS,UNKNOWN,PASS,4,0,3,1,POSSIBLY_STRUCTURAL,HIGH_RISK,DETERIORATING_BUSINESS,READY,36512.22294096359,73.98,40.0,PASS,AVOID,"Phát hiện rủi ro tài chính nghiêm trọng (PROFIT_CASH_DIVERGENCE, WEAK_PROFITABILITY_ROE, EXCESSIVE_DEBT_LEVERAGE)."
THS,NORMAL_ENTERPRISE,2016,2025,10,READY,UNKNOWN,FAIL,FAIL,UNKNOWN,FAIL,FAIL,WATCH,UNKNOWN,PASS,3,0,3,0,POSSIBLY_STRUCTURAL,HIGH_RISK,DETERIORATING_BUSINESS,READY,2158.256378898789,-326.27,40.0,FAIL,AVOID,"Phát hiện rủi ro tài chính nghiêm trọng (PROFIT_CASH_DIVERGENCE, WEAK_PROFITABILITY_ROE, EXCESSIVE_DEBT_LEVERAGE)."
THT,NORMAL_ENTERPRISE,2016,2025,10,READY,UNKNOWN,PASS,PASS,UNKNOWN,FAIL,WATCH,PASS,UNKNOWN,PASS,1,0,1,0,POSSIBLY_STRUCTURAL,HIGH_RISK,DETERIORATING_BUSINESS,READY,35237.75859769582,80.13,50.0,PASS,AVOID,Phát hiện rủi ro tài chính nghiêm trọng (EXCESSIVE_DEBT_LEVERAGE).
THU,NORMAL_ENTERPRISE,2016,2025,10,READY,UNKNOWN,FAIL,FAIL,UNKNOWN,FAIL,FAIL,WATCH,UNKNOWN,PASS,3,0,3,0,POSSIBLY_STRUCTURAL,HIGH_RISK,DETERIORATING_BUSINESS,READY,54937.435099241906,79.98,41.0,PASS,AVOID,"Phát hiện rủi ro tài chính nghiêm trọng (PROFIT_CASH_DIVERGENCE, WEAK_PROFITABILITY_ROE, EXCESSIVE_DEBT_LEVERAGE)."
THW,NORMAL_ENTERPRISE,2016,2025,10,READY,UNKNOWN,FAIL,FAIL,UNKNOWN,WATCH,WATCH,PASS,UNKNOWN,PASS,1,0,1,0,POSSIBLY_STRUCTURAL,HIGH_RISK,DETERIORATING_BUSINESS,READY,14244.492100732008,-24.96,35.0,FAIL,AVOID,Phát hiện rủi ro tài chính nghiêm trọng (PROFIT_CASH_DIVERGENCE).
TIE,NORMAL_ENTERPRISE,2016,2025,10,READY,UNKNOWN,FAIL,FAIL,UNKNOWN,PASS,FAIL,WATCH,UNKNOWN,PASS,3,0,3,0,POSSIBLY_STRUCTURAL,HIGH_RISK,DETERIORATING_BUSINESS,INCOMPLETE,,,0.0,UNKNOWN,AVOID,"Phát hiện rủi ro tài chính nghiêm trọng (PROFIT_CASH_DIVERGENCE, WEAK_PROFITABILITY_ROE, UNSTABLE_EARNINGS_HISTORY)."
TIG,NORMAL_ENTERPRISE,2011,2025,15,READY,UNKNOWN,FAIL,FAIL,UNKNOWN,PASS,FAIL,WATCH,UNKNOWN,WATCH,3,0,2,1,POSSIBLY_STRUCTURAL,HIGH_RISK,DETERIORATING_BUSINESS,READY,34356.7164348103,83.12,50.0,PASS,AVOID,"Phát hiện rủi ro tài chính nghiêm trọng (PROFIT_CASH_DIVERGENCE, WEAK_PROFITABILITY_ROE)."
TIN,NORMAL_ENTERPRISE,2011,2025,15,READY,UNKNOWN,PASS,PASS,UNKNOWN,FAIL,FAIL,PASS,UNKNOWN,PASS,3,0,3,0,POSSIBLY_STRUCTURAL,HIGH_RISK,DETERIORATING_BUSINESS,READY,342680.7293147885,70.38,50.0,PASS,AVOID,"Phát hiện rủi ro tài chính nghiêm trọng (WEAK_PROFITABILITY_ROE, UNSTABLE_EARNINGS_HISTORY, EXCESSIVE_DEBT_LEVERAGE)."
TIP,NORMAL_ENTERPRISE,2011,2025,15,READY,UNKNOWN,FAIL,FAIL,UNKNOWN,PASS,WATCH,PASS,UNKNOWN,WATCH,2,0,1,1,POSSIBLY_STRUCTURAL,HIGH_RISK,DETERIORATING_BUSINESS,READY,18101.396007239193,11.06,50.0,FAIL,AVOID,Phát hiện rủi ro tài chính nghiêm trọng (PROFIT_CASH_DIVERGENCE).
TIS,NORMAL_ENTERPRISE,2016,2025,10,READY,UNKNOWN,PASS,PASS,UNKNOWN,FAIL,FAIL,WATCH,UNKNOWN,PASS,3,0,3,0,POSSIBLY_STRUCTURAL,HIGH_RISK,DETERIORATING_BUSINESS,READY,8445.351047864826,50.27,50.0,PASS,AVOID,"Phát hiện rủi ro tài chính nghiêm trọng (WEAK_PROFITABILITY_ROE, UNSTABLE_EARNINGS_HISTORY, EXCESSIVE_DEBT_LEVERAGE)."
TIX,NORMAL_ENTERPRISE,2016,2025,10,READY,UNKNOWN,WATCH,WATCH,UNKNOWN,PASS,WATCH,PASS,UNKNOWN,PASS,1,0,0,1,POSSIBLY_CYCLICAL,WATCH,AVERAGE_BUSINESS,READY,49234.796665943846,20.79,50.0,FAIL,WAIT_FOR_MOS,Doanh nghiệp có chất lượng tốt (AVERAGE_BUSINESS) nhưng mức giá hiện tại (MOS 20.8%) chưa đạt Biên an toàn yêu cầu (50.0%).
TJC,NORMAL_ENTERPRISE,2016,2025,10,READY,UNKNOWN,FAIL,FAIL,UNKNOWN,PASS,FAIL,WATCH,UNKNOWN,PASS,3,0,3,0,POSSIBLY_STRUCTURAL,HIGH_RISK,DETERIORATING_BUSINESS,READY,3764.400660869981,-136.43,35.0,FAIL,AVOID,"Phát hiện rủi ro tài chính nghiêm trọng (PROFIT_CASH_DIVERGENCE, WEAK_PROFITABILITY_ROE, UNSTABLE_EARNINGS_HISTORY)."
TKA,NORMAL_ENTERPRISE,2017,2025,9,READY,UNKNOWN,FAIL,FAIL,UNKNOWN,PASS,PASS,WATCH,UNKNOWN,PASS,1,0,1,0,POSSIBLY_STRUCTURAL,HIGH_RISK,DETERIORATING_BUSINESS,READY,17038.866149200967,82.39,40.0,PASS,AVOID,Phát hiện rủi ro tài chính nghiêm trọng (PROFIT_CASH_DIVERGENCE).
TKU,NORMAL_ENTERPRISE,2016,2025,10,READY,UNKNOWN,PASS,PASS,UNKNOWN,PASS,WATCH,WATCH,UNKNOWN,PASS,0,0,0,0,NO_DETERIORATION,CLEAR,AVERAGE_BUSINESS,READY,8835.50585817841,-23.37,50.0,FAIL,WAIT_FOR_MOS,Doanh nghiệp có chất lượng tốt (AVERAGE_BUSINESS) nhưng mức giá hiện tại (MOS -23.4%) chưa đạt Biên an toàn yêu cầu (50.0%).
TL4,NORMAL_ENTERPRISE,2016,2025,10,READY,UNKNOWN,FAIL,FAIL,UNKNOWN,FAIL,FAIL,WATCH,UNKNOWN,PASS,4,0,4,0,POSSIBLY_STRUCTURAL,HIGH_RISK,DETERIORATING_BUSINESS,READY,2023.3653552176147,-354.69,40.0,FAIL,AVOID,"Phát hiện rủi ro tài chính nghiêm trọng (PROFIT_CASH_DIVERGENCE, WEAK_PROFITABILITY_ROE, UNSTABLE_EARNINGS_HISTORY, EXCESSIVE_DEBT_LEVERAGE)."
TLD,NORMAL_ENTERPRISE,2014,2025,12,READY,UNKNOWN,FAIL,FAIL,UNKNOWN,PASS,FAIL,WATCH,UNKNOWN,PASS,2,0,2,0,POSSIBLY_STRUCTURAL,HIGH_RISK,DETERIORATING_BUSINESS,READY,40423.27728564533,79.71,40.0,PASS,AVOID,"Phát hiện rủi ro tài chính nghiêm trọng (PROFIT_CASH_DIVERGENCE, WEAK_PROFITABILITY_ROE)."
TLG,NORMAL_ENTERPRISE,2011,2025,15,READY,UNKNOWN,WATCH,WATCH,UNKNOWN,PASS,PASS,PASS,UNKNOWN,PASS,1,0,0,1,POSSIBLY_CYCLICAL,WATCH,POTENTIAL_COMPOUNDER,READY,27237.628341773954,-82.83530186665506,30.0,FAIL,WAIT_FOR_MOS,Doanh nghiệp có chất lượng tốt (POTENTIAL_COMPOUNDER) nhưng mức giá hiện tại (MOS -82.8%) chưa đạt Biên an toàn yêu cầu (30.0%).
TLH,NORMAL_ENTERPRISE,2011,2025,15,READY,UNKNOWN,FAIL,FAIL,UNKNOWN,WATCH,FAIL,WATCH,UNKNOWN,PASS,3,0,3,0,POSSIBLY_STRUCTURAL,HIGH_RISK,DETERIORATING_BUSINESS,READY,79565.28413749766,95.4,40.0,PASS,AVOID,"Phát hiện rủi ro tài chính nghiêm trọng (PROFIT_CASH_DIVERGENCE, WEAK_PROFITABILITY_ROE, UNSTABLE_EARNINGS_HISTORY)."
TLP,NORMAL_ENTERPRISE,2016,2025,10,READY,UNKNOWN,FAIL,FAIL,UNKNOWN,FAIL,FAIL,WATCH,UNKNOWN,PASS,3,0,3,0,POSSIBLY_STRUCTURAL,HIGH_RISK,DETERIORATING_BUSINESS,READY,3968.0537819990413,-73.89,35.0,FAIL,AVOID,"Phát hiện rủi ro tài chính nghiêm trọng (PROFIT_CASH_DIVERGENCE, WEAK_PROFITABILITY_ROE, EXCESSIVE_DEBT_LEVERAGE)."
TMB,NORMAL_ENTERPRISE,2016,2025,10,READY,UNKNOWN,PASS,PASS,UNKNOWN,FAIL,PASS,PASS,UNKNOWN,PASS,2,0,1,1,POSSIBLY_STRUCTURAL,HIGH_RISK,DETERIORATING_BUSINESS,READY,165262.1998473967,71.26,45.0,PASS,AVOID,Phát hiện rủi ro tài chính nghiêm trọng (EXCESSIVE_DEBT_LEVERAGE).
TMC,NORMAL_ENTERPRISE,2016,2025,10,READY,UNKNOWN,FAIL,FAIL,UNKNOWN,WATCH,FAIL,WATCH,UNKNOWN,PASS,2,0,2,0,POSSIBLY_STRUCTURAL,HIGH_RISK,DETERIORATING_BUSINESS,READY,41772.7041077185,83.24,38.0,PASS,AVOID,"Phát hiện rủi ro tài chính nghiêm trọng (PROFIT_CASH_DIVERGENCE, WEAK_PROFITABILITY_ROE)."
TMG,NORMAL_ENTERPRISE,2016,2025,10,READY,UNKNOWN,PASS,PASS,UNKNOWN,WATCH,PASS,WATCH,UNKNOWN,PASS,0,0,0,0,NO_DETERIORATION,CLEAR,AVERAGE_BUSINESS,READY,55395.24705840225,1.98,35.0,FAIL,WAIT_FOR_MOS,Doanh nghiệp có chất lượng tốt (AVERAGE_BUSINESS) nhưng mức giá hiện tại (MOS 2.0%) chưa đạt Biên an toàn yêu cầu (35.0%).
TMP,NORMAL_ENTERPRISE,2016,2025,10,READY,UNKNOWN,PASS,PASS,UNKNOWN,PASS,PASS,PASS,UNKNOWN,PASS,0,0,0,0,NO_DETERIORATION,CLEAR,COMPOUNDER,READY,50285.05892224945,-4.404769776993361,30.0,FAIL,WAIT_FOR_MOS,Doanh nghiệp có chất lượng tốt (COMPOUNDER) nhưng mức giá hiện tại (MOS -4.4%) chưa đạt Biên an toàn yêu cầu (30.0%).
TMS,NORMAL_ENTERPRISE,2016,2025,10,READY,UNKNOWN,WATCH,WATCH,UNKNOWN,PASS,WATCH,PASS,UNKNOWN,PASS,2,0,0,2,POSSIBLY_CYCLICAL,WATCH,AVERAGE_BUSINESS,READY,8337.269177789769,-309.61,41.0,FAIL,WAIT_FOR_MOS,Doanh nghiệp có chất lượng tốt (AVERAGE_BUSINESS) nhưng mức giá hiện tại (MOS -309.6%) chưa đạt Biên an toàn yêu cầu (41.0%).
TMT,NORMAL_ENTERPRISE,2016,2025,10,READY,UNKNOWN,FAIL,FAIL,UNKNOWN,FAIL,FAIL,WATCH,UNKNOWN,PASS,3,0,3,0,POSSIBLY_STRUCTURAL,HIGH_RISK,DETERIORATING_BUSINESS,READY,14581.249530361792,26.28,45.0,FAIL,AVOID,"Phát hiện rủi ro tài chính nghiêm trọng (PROFIT_CASH_DIVERGENCE, WEAK_PROFITABILITY_ROE, EXCESSIVE_DEBT_LEVERAGE)."
TMW,NORMAL_ENTERPRISE,2016,2025,10,READY,UNKNOWN,FAIL,FAIL,UNKNOWN,PASS,FAIL,PASS,UNKNOWN,PASS,3,0,3,0,POSSIBLY_STRUCTURAL,HIGH_RISK,DETERIORATING_BUSINESS,READY,6888.052273081242,-219.39,40.0,FAIL,AVOID,"Phát hiện rủi ro tài chính nghiêm trọng (PROFIT_CASH_DIVERGENCE, WEAK_PROFITABILITY_ROE, UNSTABLE_EARNINGS_HISTORY)."
TMX,NORMAL_ENTERPRISE,2016,2025,10,READY,UNKNOWN,FAIL,FAIL,UNKNOWN,PASS,FAIL,WATCH,UNKNOWN,PASS,2,0,2,0,POSSIBLY_STRUCTURAL,HIGH_RISK,DETERIORATING_BUSINESS,READY,8633.025515595156,2.7,50.0,FAIL,AVOID,"Phát hiện rủi ro tài chính nghiêm trọng (PROFIT_CASH_DIVERGENCE, WEAK_PROFITABILITY_ROE)."
TN1,NORMAL_ENTERPRISE,2017,2025,9,READY,UNKNOWN,FAIL,FAIL,UNKNOWN,PASS,PASS,PASS,UNKNOWN,PASS,2,0,1,1,POSSIBLY_STRUCTURAL,HIGH_RISK,DETERIORATING_BUSINESS,READY,11836.280658396237,-4.34,50.0,FAIL,AVOID,Phát hiện rủi ro tài chính nghiêm trọng (PROFIT_CASH_DIVERGENCE).
TNA,NORMAL_ENTERPRISE,2016,2025,10,READY,UNKNOWN,FAIL,FAIL,UNKNOWN,FAIL,FAIL,WATCH,UNKNOWN,PASS,4,0,4,0,POSSIBLY_STRUCTURAL,HIGH_RISK,DETERIORATING_BUSINESS,READY,4699.429212118331,21.27,50.0,FAIL,AVOID,"Phát hiện rủi ro tài chính nghiêm trọng (PROFIT_CASH_DIVERGENCE, WEAK_PROFITABILITY_ROE, UNSTABLE_EARNINGS_HISTORY, EXCESSIVE_DEBT_LEVERAGE)."
TNB,NORMAL_ENTERPRISE,2016,2025,10,READY,UNKNOWN,FAIL,FAIL,UNKNOWN,WATCH,FAIL,WATCH,UNKNOWN,PASS,3,0,2,1,POSSIBLY_STRUCTURAL,HIGH_RISK,DETERIORATING_BUSINESS,READY,3523.68388391639,-197.98,40.0,FAIL,AVOID,"Phát hiện rủi ro tài chính nghiêm trọng (PROFIT_CASH_DIVERGENCE, WEAK_PROFITABILITY_ROE)."
TNC,NORMAL_ENTERPRISE,2016,2025,10,READY,UNKNOWN,FAIL,FAIL,UNKNOWN,PASS,WATCH,PASS,UNKNOWN,PASS,1,0,1,0,POSSIBLY_STRUCTURAL,HIGH_RISK,DETERIORATING_BUSINESS,READY,12206.37651037673,-128.16,50.0,FAIL,AVOID,Phát hiện rủi ro tài chính nghiêm trọng (PROFIT_CASH_DIVERGENCE).
TNG,NORMAL_ENTERPRISE,2011,2025,15,READY,UNKNOWN,PASS,PASS,UNKNOWN,FAIL,PASS,PASS,UNKNOWN,PASS,1,0,1,0,POSSIBLY_STRUCTURAL,HIGH_RISK,DETERIORATING_BUSINESS,READY,31422.754505877117,48.7632441739353,50.0,FAIL,AVOID,Phát hiện rủi ro tài chính nghiêm trọng (EXCESSIVE_DEBT_LEVERAGE).
TNH,NORMAL_ENTERPRISE,2015,2025,11,READY,UNKNOWN,FAIL,FAIL,UNKNOWN,PASS,PASS,WATCH,UNKNOWN,PASS,2,0,1,1,POSSIBLY_STRUCTURAL,HIGH_RISK,DETERIORATING_BUSINESS,INCOMPLETE,,,0.0,UNKNOWN,AVOID,Phát hiện rủi ro tài chính nghiêm trọng (PROFIT_CASH_DIVERGENCE).
TNI,NORMAL_ENTERPRISE,2014,2025,12,READY,UNKNOWN,FAIL,FAIL,UNKNOWN,PASS,FAIL,WATCH,UNKNOWN,PASS,3,0,3,0,POSSIBLY_STRUCTURAL,HIGH_RISK,DETERIORATING_BUSINESS,READY,8620.453741480427,38.52,35.0,PASS,AVOID,"Phát hiện rủi ro tài chính nghiêm trọng (PROFIT_CASH_DIVERGENCE, WEAK_PROFITABILITY_ROE, UNSTABLE_EARNINGS_HISTORY)."
TNP,NORMAL_ENTERPRISE,2016,2025,10,READY,UNKNOWN,PASS,PASS,UNKNOWN,PASS,WATCH,PASS,UNKNOWN,PASS,0,0,0,0,NO_DETERIORATION,CLEAR,AVERAGE_BUSINESS,READY,31005.93671094035,32.92,40.0,FAIL,WAIT_FOR_MOS,Doanh nghiệp có chất lượng tốt (AVERAGE_BUSINESS) nhưng mức giá hiện tại (MOS 32.9%) chưa đạt Biên an toàn yêu cầu (40.0%).
TNS,NORMAL_ENTERPRISE,2016,2025,10,READY,UNKNOWN,PASS,PASS,UNKNOWN,FAIL,PASS,WATCH,UNKNOWN,PASS,2,0,2,0,POSSIBLY_STRUCTURAL,HIGH_RISK,DETERIORATING_BUSINESS,READY,16250.359948719375,79.08,45.0,PASS,AVOID,"Phát hiện rủi ro tài chính nghiêm trọng (UNSTABLE_EARNINGS_HISTORY, EXCESSIVE_DEBT_LEVERAGE)."
TNT,NORMAL_ENTERPRISE,2011,2025,15,READY,UNKNOWN,FAIL,FAIL,UNKNOWN,PASS,FAIL,PASS,UNKNOWN,WATCH,4,0,3,1,POSSIBLY_STRUCTURAL,HIGH_RISK,DETERIORATING_BUSINESS,READY,513.6620996432547,-1876.01,50.0,FAIL,AVOID,"Phát hiện rủi ro tài chính nghiêm trọng (PROFIT_CASH_DIVERGENCE, WEAK_PROFITABILITY_ROE, UNSTABLE_EARNINGS_HISTORY)."
TNW,NORMAL_ENTERPRISE,2016,2025,10,READY,UNKNOWN,PASS,PASS,UNKNOWN,FAIL,FAIL,PASS,UNKNOWN,PASS,3,0,3,0,POSSIBLY_STRUCTURAL,HIGH_RISK,DETERIORATING_BUSINESS,READY,60700.96065652844,77.1,41.0,PASS,AVOID,"Phát hiện rủi ro tài chính nghiêm trọng (WEAK_PROFITABILITY_ROE, UNSTABLE_EARNINGS_HISTORY, EXCESSIVE_DEBT_LEVERAGE)."
TOP,NORMAL_ENTERPRISE,2016,2025,9,READY,UNKNOWN,FAIL,FAIL,UNKNOWN,PASS,FAIL,WATCH,UNKNOWN,PASS,3,0,3,0,POSSIBLY_STRUCTURAL,HIGH_RISK,DETERIORATING_BUSINESS,INCOMPLETE,,,0.0,UNKNOWN,AVOID,"Phát hiện rủi ro tài chính nghiêm trọng (PROFIT_CASH_DIVERGENCE, WEAK_PROFITABILITY_ROE, UNSTABLE_EARNINGS_HISTORY)."
TOS,NORMAL_ENTERPRISE,2019,2025,7,READY,UNKNOWN,WATCH,WATCH,UNKNOWN,WATCH,PASS,PASS,UNKNOWN,PASS,3,0,0,3,POSSIBLY_CYCLICAL,WATCH,COMPOUNDER,READY,274202.343318038,67.18,35.0,PASS,BUY,Doanh nghiệp đạt chuẩn chất lượng BCTC và mức giá hiện tại (MOS 67.2%) đạt/vượt Biên an toàn yêu cầu (35.0%).
TOT,NORMAL_ENTERPRISE,2016,2025,10,READY,UNKNOWN,PASS,PASS,UNKNOWN,WATCH,WATCH,WATCH,UNKNOWN,PASS,0,0,0,0,NO_DETERIORATION,CLEAR,AVERAGE_BUSINESS,READY,34870.921836027126,59.27839227545406,41.0,PASS,BUY,Doanh nghiệp đạt chuẩn chất lượng BCTC và mức giá hiện tại (MOS 59.3%) đạt/vượt Biên an toàn yêu cầu (41.0%).
TOW,NORMAL_ENTERPRISE,2017,2025,9,READY,UNKNOWN,PASS,PASS,UNKNOWN,PASS,WATCH,PASS,UNKNOWN,PASS,1,0,0,1,POSSIBLY_CYCLICAL,WATCH,AVERAGE_BUSINESS,READY,82581.64260474547,60.16,35.0,PASS,BUY,Doanh nghiệp đạt chuẩn chất lượng BCTC và mức giá hiện tại (MOS 60.2%) đạt/vượt Biên an toàn yêu cầu (35.0%).
TPB,BANK,2011,2025,15,READY,UNKNOWN,NOT_APPLICABLE,NOT_APPLICABLE,UNKNOWN,PASS,PASS,WATCH,UNKNOWN,PASS,0,0,0,0,NO_DETERIORATION,CLEAR,AVERAGE_BUSINESS,READY,24140.647802474523,41.385168634333155,30.0,PASS,BUY,Doanh nghiệp đạt chuẩn chất lượng BCTC và mức giá hiện tại (MOS 41.4%) đạt/vượt Biên an toàn yêu cầu (30.0%).
TPC,NORMAL_ENTERPRISE,2016,2025,10,READY,UNKNOWN,FAIL,FAIL,UNKNOWN,PASS,FAIL,WATCH,UNKNOWN,PASS,2,0,2,0,POSSIBLY_STRUCTURAL,HIGH_RISK,DETERIORATING_BUSINESS,READY,12584.066941496829,-6.48,50.0,FAIL,AVOID,"Phát hiện rủi ro tài chính nghiêm trọng (PROFIT_CASH_DIVERGENCE, WEAK_PROFITABILITY_ROE)."
TPP,NORMAL_ENTERPRISE,2016,2025,10,READY,UNKNOWN,FAIL,FAIL,UNKNOWN,FAIL,FAIL,PASS,UNKNOWN,PASS,4,0,3,1,POSSIBLY_STRUCTURAL,HIGH_RISK,DETERIORATING_BUSINESS,READY,2150.676034094421,-388.22,50.0,FAIL,AVOID,"Phát hiện rủi ro tài chính nghiêm trọng (PROFIT_CASH_DIVERGENCE, WEAK_PROFITABILITY_ROE, EXCESSIVE_DEBT_LEVERAGE)."
TPS,NORMAL_ENTERPRISE,2016,2025,10,READY,UNKNOWN,WATCH,WATCH,UNKNOWN,PASS,PASS,PASS,UNKNOWN,PASS,2,0,0,2,POSSIBLY_CYCLICAL,WATCH,POTENTIAL_COMPOUNDER,READY,143086.2291634804,59.47,40.0,PASS,BUY,Doanh nghiệp đạt chuẩn chất lượng BCTC và mức giá hiện tại (MOS 59.5%) đạt/vượt Biên an toàn yêu cầu (40.0%).
TQW,NORMAL_ENTERPRISE,2018,2025,8,READY,UNKNOWN,WATCH,WATCH,UNKNOWN,PASS,FAIL,PASS,UNKNOWN,PASS,2,0,1,1,POSSIBLY_CYCLICAL,HIGH_RISK,WEAK_BUSINESS,READY,11640.034403049649,39.86,35.0,PASS,AVOID,Phát hiện rủi ro tài chính nghiêm trọng (WEAK_PROFITABILITY_ROE).
TRA,NORMAL_ENTERPRISE,2016,2025,10,READY,UNKNOWN,PASS,PASS,UNKNOWN,PASS,PASS,WATCH,UNKNOWN,PASS,0,0,0,0,NO_DETERIORATION,CLEAR,AVERAGE_BUSINESS,READY,65001.059168976106,42.924006971093796,35.0,PASS,BUY,Doanh nghiệp đạt chuẩn chất lượng BCTC và mức giá hiện tại (MOS 42.9%) đạt/vượt Biên an toàn yêu cầu (35.0%).
TRC,NORMAL_ENTERPRISE,2011,2025,15,READY,UNKNOWN,WATCH,WATCH,UNKNOWN,PASS,FAIL,WATCH,UNKNOWN,PASS,2,0,1,1,POSSIBLY_CYCLICAL,HIGH_RISK,WEAK_BUSINESS,READY,22694.083465977154,-260.44636974493426,50.0,FAIL,AVOID,Phát hiện rủi ro tài chính nghiêm trọng (WEAK_PROFITABILITY_ROE).
TRS,NORMAL_ENTERPRISE,2016,2025,10,READY,UNKNOWN,WATCH,WATCH,UNKNOWN,WATCH,WATCH,PASS,UNKNOWN,PASS,2,0,0,2,POSSIBLY_CYCLICAL,WATCH,AVERAGE_BUSINESS,READY,90896.86958591071,61.05,50.0,PASS,BUY,Doanh nghiệp đạt chuẩn chất lượng BCTC và mức giá hiện tại (MOS 61.0%) đạt/vượt Biên an toàn yêu cầu (50.0%).
TRT,NORMAL_ENTERPRISE,2016,2025,10,READY,UNKNOWN,PASS,PASS,UNKNOWN,FAIL,WATCH,PASS,UNKNOWN,PASS,3,0,2,1,POSSIBLY_STRUCTURAL,HIGH_RISK,DETERIORATING_BUSINESS,READY,55883.380636437665,91.05,50.0,PASS,AVOID,"Phát hiện rủi ro tài chính nghiêm trọng (UNSTABLE_EARNINGS_HISTORY, EXCESSIVE_DEBT_LEVERAGE)."
TRV,NORMAL_ENTERPRISE,2024,2025,2,INSUFFICIENT,UNKNOWN,PASS,PASS,UNKNOWN,FAIL,FAIL,PASS,UNKNOWN,PASS,2,0,2,0,POSSIBLY_STRUCTURAL,HIGH_RISK,INSUFFICIENT_DATA,READY,32877.167768144136,66.54,46.0,PASS,AVOID,"Phát hiện rủi ro tài chính nghiêm trọng (WEAK_PROFITABILITY_ROE, EXCESSIVE_DEBT_LEVERAGE)."
TSA,NORMAL_ENTERPRISE,2022,2025,4,PARTIAL,UNKNOWN,WATCH,WATCH,UNKNOWN,PASS,FAIL,PASS,UNKNOWN,PASS,3,0,1,2,POSSIBLY_CYCLICAL,HIGH_RISK,WEAK_BUSINESS,READY,29929.883838703598,47.711123490020626,45.0,PASS,AVOID,Phát hiện rủi ro tài chính nghiêm trọng (WEAK_PROFITABILITY_ROE).
TSB,NORMAL_ENTERPRISE,2016,2025,10,READY,UNKNOWN,PASS,PASS,UNKNOWN,PASS,FAIL,WATCH,UNKNOWN,PASS,1,0,1,0,NO_DETERIORATION,HIGH_RISK,WEAK_BUSINESS,INCOMPLETE,-4930.170386776372,,0.0,UNKNOWN,AVOID,Phát hiện rủi ro tài chính nghiêm trọng (WEAK_PROFITABILITY_ROE).
TSC,NORMAL_ENTERPRISE,2011,2025,15,READY,UNKNOWN,FAIL,FAIL,UNKNOWN,PASS,FAIL,WATCH,UNKNOWN,WATCH,4,0,3,1,POSSIBLY_STRUCTURAL,HIGH_RISK,DETERIORATING_BUSINESS,READY,38177.70404250721,95.05,40.0,PASS,AVOID,"Phát hiện rủi ro tài chính nghiêm trọng (PROFIT_CASH_DIVERGENCE, WEAK_PROFITABILITY_ROE, UNSTABLE_EARNINGS_HISTORY)."
TSD,NORMAL_ENTERPRISE,2016,2025,10,READY,UNKNOWN,FAIL,FAIL,UNKNOWN,FAIL,FAIL,WATCH,UNKNOWN,PASS,4,0,4,0,POSSIBLY_STRUCTURAL,HIGH_RISK,DETERIORATING_BUSINESS,READY,99182.9422085829,96.57,40.0,PASS,AVOID,"Phát hiện rủi ro tài chính nghiêm trọng (PROFIT_CASH_DIVERGENCE, WEAK_PROFITABILITY_ROE, UNSTABLE_EARNINGS_HISTORY, EXCESSIVE_DEBT_LEVERAGE)."
TSG,NORMAL_ENTERPRISE,2016,2025,10,READY,UNKNOWN,FAIL,FAIL,UNKNOWN,FAIL,PASS,WATCH,UNKNOWN,PASS,2,0,2,0,POSSIBLY_STRUCTURAL,HIGH_RISK,DETERIORATING_BUSINESS,READY,16455.767429742413,45.92,35.0,PASS,AVOID,"Phát hiện rủi ro tài chính nghiêm trọng (PROFIT_CASH_DIVERGENCE, EXCESSIVE_DEBT_LEVERAGE)."
TSJ,NORMAL_ENTERPRISE,2016,2025,10,READY,UNKNOWN,FAIL,FAIL,UNKNOWN,PASS,FAIL,WATCH,UNKNOWN,PASS,2,0,2,0,POSSIBLY_STRUCTURAL,HIGH_RISK,DETERIORATING_BUSINESS,READY,2498.0186811737913,-844.75,35.0,FAIL,AVOID,"Phát hiện rủi ro tài chính nghiêm trọng (PROFIT_CASH_DIVERGENCE, WEAK_PROFITABILITY_ROE)."
TST,NORMAL_ENTERPRISE,2016,2025,10,READY,UNKNOWN,FAIL,FAIL,UNKNOWN,FAIL,FAIL,WATCH,UNKNOWN,PASS,4,0,4,0,POSSIBLY_STRUCTURAL,HIGH_RISK,DETERIORATING_BUSINESS,INCOMPLETE,,,0.0,UNKNOWN,AVOID,"Phát hiện rủi ro tài chính nghiêm trọng (PROFIT_CASH_DIVERGENCE, WEAK_PROFITABILITY_ROE, UNSTABLE_EARNINGS_HISTORY, EXCESSIVE_DEBT_LEVERAGE)."
TT6,NORMAL_ENTERPRISE,2023,2025,3,PARTIAL,UNKNOWN,PASS,PASS,UNKNOWN,WATCH,FAIL,WATCH,UNKNOWN,PASS,1,0,1,0,NO_DETERIORATION,HIGH_RISK,WEAK_BUSINESS,READY,15551.711333144029,23.48,50.0,FAIL,AVOID,Phát hiện rủi ro tài chính nghiêm trọng (WEAK_PROFITABILITY_ROE).
TTA,NORMAL_ENTERPRISE,2017,2025,9,READY,UNKNOWN,PASS,PASS,UNKNOWN,PASS,FAIL,PASS,UNKNOWN,PASS,2,0,1,1,POSSIBLY_CYCLICAL,HIGH_RISK,WEAK_BUSINESS,READY,1247.4436294897378,-801.84,36.0,FAIL,AVOID,Phát hiện rủi ro tài chính nghiêm trọng (WEAK_PROFITABILITY_ROE).
TTB,NORMAL_ENTERPRISE,2016,2025,10,READY,UNKNOWN,FAIL,FAIL,UNKNOWN,WATCH,FAIL,WATCH,UNKNOWN,PASS,3,0,3,0,POSSIBLY_STRUCTURAL,HIGH_RISK,DETERIORATING_BUSINESS,READY,16075.288891108221,88.8,46.0,PASS,AVOID,"Phát hiện rủi ro tài chính nghiêm trọng (PROFIT_CASH_DIVERGENCE, WEAK_PROFITABILITY_ROE, UNSTABLE_EARNINGS_HISTORY)."
TTC,NORMAL_ENTERPRISE,2016,2025,10,READY,UNKNOWN,PASS,PASS,UNKNOWN,PASS,WATCH,WATCH,UNKNOWN,PASS,0,0,0,0,NO_DETERIORATION,CLEAR,AVERAGE_BUSINESS,READY,17266.051031190313,46.72,50.0,FAIL,WAIT_FOR_MOS,Doanh nghiệp có chất lượng tốt (AVERAGE_BUSINESS) nhưng mức giá hiện tại (MOS 46.7%) chưa đạt Biên an toàn yêu cầu (50.0%).
TTD,NORMAL_ENTERPRISE,2016,2025,10,READY,UNKNOWN,PASS,PASS,UNKNOWN,PASS,PASS,PASS,UNKNOWN,PASS,0,0,0,0,NO_DETERIORATION,CLEAR,AVERAGE_BUSINESS,READY,97478.25780561187,2.03,35.0,FAIL,WAIT_FOR_MOS,Doanh nghiệp có chất lượng tốt (AVERAGE_BUSINESS) nhưng mức giá hiện tại (MOS 2.0%) chưa đạt Biên an toàn yêu cầu (35.0%).
TTE,NORMAL_ENTERPRISE,2016,2025,10,READY,UNKNOWN,WATCH,WATCH,UNKNOWN,WATCH,FAIL,PASS,UNKNOWN,PASS,3,0,2,1,POSSIBLY_CYCLICAL,HIGH_RISK,WEAK_BUSINESS,READY,38196.49868928127,11.12,33.0,FAIL,AVOID,"Phát hiện rủi ro tài chính nghiêm trọng (WEAK_PROFITABILITY_ROE, UNSTABLE_EARNINGS_HISTORY)."
TTF,NORMAL_ENTERPRISE,2011,2025,15,READY,UNKNOWN,FAIL,FAIL,UNKNOWN,FAIL,FAIL,WATCH,UNKNOWN,WATCH,5,0,4,1,POSSIBLY_STRUCTURAL,HIGH_RISK,DETERIORATING_BUSINESS,READY,906.6842075103765,-63.23,45.0,FAIL,AVOID,"Phát hiện rủi ro tài chính nghiêm trọng (PROFIT_CASH_DIVERGENCE, WEAK_PROFITABILITY_ROE, UNSTABLE_EARNINGS_HISTORY, EXCESSIVE_DEBT_LEVERAGE)."
TTG,NORMAL_ENTERPRISE,2016,2025,9,READY,UNKNOWN,WATCH,WATCH,UNKNOWN,PASS,FAIL,WATCH,UNKNOWN,PASS,3,0,2,1,POSSIBLY_CYCLICAL,HIGH_RISK,WEAK_BUSINESS,READY,9480.722416996894,-122.56,40.0,FAIL,AVOID,"Phát hiện rủi ro tài chính nghiêm trọng (WEAK_PROFITABILITY_ROE, UNSTABLE_EARNINGS_HISTORY)."
TTH,NORMAL_ENTERPRISE,2014,2025,12,READY,UNKNOWN,FAIL,FAIL,UNKNOWN,PASS,FAIL,WATCH,UNKNOWN,PASS,3,0,3,0,POSSIBLY_STRUCTURAL,HIGH_RISK,DETERIORATING_BUSINESS,READY,4501.176405189988,51.12,40.0,PASS,AVOID,"Phát hiện rủi ro tài chính nghiêm trọng (PROFIT_CASH_DIVERGENCE, WEAK_PROFITABILITY_ROE, UNSTABLE_EARNINGS_HISTORY)."
TTL,NORMAL_ENTERPRISE,2016,2025,10,READY,UNKNOWN,FAIL,FAIL,UNKNOWN,FAIL,FAIL,WATCH,UNKNOWN,PASS,3,0,3,0,POSSIBLY_STRUCTURAL,HIGH_RISK,DETERIORATING_BUSINESS,READY,24508.873510306377,64.09,40.0,PASS,AVOID,"Phát hiện rủi ro tài chính nghiêm trọng (PROFIT_CASH_DIVERGENCE, WEAK_PROFITABILITY_ROE, EXCESSIVE_DEBT_LEVERAGE)."
TTN,NORMAL_ENTERPRISE,2016,2025,10,READY,UNKNOWN,PASS,PASS,UNKNOWN,PASS,WATCH,PASS,UNKNOWN,PASS,1,0,0,1,POSSIBLY_CYCLICAL,WATCH,AVERAGE_BUSINESS,READY,57615.14348781626,79.35,40.0,PASS,BUY,Doanh nghiệp đạt chuẩn chất lượng BCTC và mức giá hiện tại (MOS 79.3%) đạt/vượt Biên an toàn yêu cầu (40.0%).
TTS,NORMAL_ENTERPRISE,2016,2025,10,READY,UNKNOWN,PASS,PASS,UNKNOWN,FAIL,FAIL,WATCH,UNKNOWN,PASS,2,0,2,0,POSSIBLY_STRUCTURAL,HIGH_RISK,DETERIORATING_BUSINESS,READY,20902.79800035835,71.77,50.0,PASS,AVOID,"Phát hiện rủi ro tài chính nghiêm trọng (WEAK_PROFITABILITY_ROE, EXCESSIVE_DEBT_LEVERAGE)."
TTT,NORMAL_ENTERPRISE,2016,2025,10,READY,UNKNOWN,FAIL,FAIL,UNKNOWN,PASS,WATCH,WATCH,UNKNOWN,PASS,1,0,1,0,POSSIBLY_STRUCTURAL,HIGH_RISK,DETERIORATING_BUSINESS,READY,75037.93846810659,58.29,40.0,PASS,AVOID,Phát hiện rủi ro tài chính nghiêm trọng (PROFIT_CASH_DIVERGENCE).
TTZ,NORMAL_ENTERPRISE,2016,2023,8,READY,UNKNOWN,FAIL,FAIL,UNKNOWN,PASS,FAIL,WATCH,UNKNOWN,PASS,3,0,3,0,POSSIBLY_STRUCTURAL,HIGH_RISK,DETERIORATING_BUSINESS,READY,1703.8866149200967,-5.64,35.0,FAIL,AVOID,"Phát hiện rủi ro tài chính nghiêm trọng (PROFIT_CASH_DIVERGENCE, WEAK_PROFITABILITY_ROE, UNSTABLE_EARNINGS_HISTORY)."
TUG,NORMAL_ENTERPRISE,2016,2025,10,READY,UNKNOWN,PASS,PASS,UNKNOWN,PASS,PASS,PASS,UNKNOWN,PASS,1,0,0,1,POSSIBLY_CYCLICAL,WATCH,AVERAGE_BUSINESS,READY,119903.13216104383,81.9,40.0,PASS,BUY,Doanh nghiệp đạt chuẩn chất lượng BCTC và mức giá hiện tại (MOS 81.9%) đạt/vượt Biên an toàn yêu cầu (40.0%).
TV1,NORMAL_ENTERPRISE,2011,2025,15,READY,UNKNOWN,WATCH,WATCH,UNKNOWN,PASS,WATCH,PASS,UNKNOWN,PASS,1,0,0,1,POSSIBLY_CYCLICAL,WATCH,AVERAGE_BUSINESS,READY,66084.9679738941,69.89,35.0,PASS,BUY,Doanh nghiệp đạt chuẩn chất lượng BCTC và mức giá hiện tại (MOS 69.9%) đạt/vượt Biên an toàn yêu cầu (35.0%).
TV2,NORMAL_ENTERPRISE,2011,2025,15,READY,UNKNOWN,FAIL,FAIL,UNKNOWN,PASS,PASS,PASS,UNKNOWN,PASS,1,0,1,0,POSSIBLY_STRUCTURAL,HIGH_RISK,DETERIORATING_BUSINESS,READY,170166.52516295342,84.87,40.0,PASS,AVOID,Phát hiện rủi ro tài chính nghiêm trọng (PROFIT_CASH_DIVERGENCE).
TV3,NORMAL_ENTERPRISE,2016,2025,10,READY,UNKNOWN,FAIL,FAIL,UNKNOWN,PASS,FAIL,WATCH,UNKNOWN,PASS,3,0,2,1,POSSIBLY_STRUCTURAL,HIGH_RISK,DETERIORATING_BUSINESS,READY,3407.7732298401934,-325.53,40.0,FAIL,AVOID,"Phát hiện rủi ro tài chính nghiêm trọng (PROFIT_CASH_DIVERGENCE, WEAK_PROFITABILITY_ROE)."
TV4,NORMAL_ENTERPRISE,2016,2025,10,READY,UNKNOWN,FAIL,FAIL,UNKNOWN,PASS,FAIL,PASS,UNKNOWN,PASS,2,0,2,0,POSSIBLY_STRUCTURAL,HIGH_RISK,DETERIORATING_BUSINESS,READY,11011.071810991907,-21.7,41.0,FAIL,AVOID,"Phát hiện rủi ro tài chính nghiêm trọng (PROFIT_CASH_DIVERGENCE, WEAK_PROFITABILITY_ROE)."
TVA,NORMAL_ENTERPRISE,2016,2025,10,READY,UNKNOWN,PASS,PASS,UNKNOWN,PASS,WATCH,PASS,UNKNOWN,PASS,2,0,1,1,POSSIBLY_CYCLICAL,HIGH_RISK,AVERAGE_BUSINESS,READY,24665.78718741473,47.3,43.0,PASS,AVOID,Phát hiện rủi ro tài chính nghiêm trọng (UNSTABLE_EARNINGS_HISTORY).
TVB,NORMAL_ENTERPRISE,2016,2025,10,READY,UNKNOWN,FAIL,FAIL,UNKNOWN,PASS,WATCH,WATCH,UNKNOWN,PASS,2,0,1,1,POSSIBLY_STRUCTURAL,HIGH_RISK,DETERIORATING_BUSINESS,READY,10020.196362254801,37.13,45.0,FAIL,AVOID,Phát hiện rủi ro tài chính nghiêm trọng (PROFIT_CASH_DIVERGENCE).
TVC,NORMAL_ENTERPRISE,2013,2025,13,READY,UNKNOWN,FAIL,FAIL,UNKNOWN,PASS,FAIL,PASS,UNKNOWN,WATCH,3,0,2,1,POSSIBLY_STRUCTURAL,HIGH_RISK,DETERIORATING_BUSINESS,READY,1593.3255883852103,-370.71,45.0,FAIL,AVOID,"Phát hiện rủi ro tài chính nghiêm trọng (PROFIT_CASH_DIVERGENCE, WEAK_PROFITABILITY_ROE)."
TVD,NORMAL_ENTERPRISE,2011,2025,15,READY,UNKNOWN,PASS,PASS,UNKNOWN,FAIL,WATCH,WATCH,UNKNOWN,PASS,1,0,1,0,POSSIBLY_STRUCTURAL,HIGH_RISK,DETERIORATING_BUSINESS,READY,32020.699742831286,72.83,50.0,PASS,AVOID,Phát hiện rủi ro tài chính nghiêm trọng (EXCESSIVE_DEBT_LEVERAGE).
TVG,NORMAL_ENTERPRISE,2016,2025,10,READY,UNKNOWN,FAIL,FAIL,UNKNOWN,FAIL,FAIL,WATCH,UNKNOWN,PASS,4,0,4,0,POSSIBLY_STRUCTURAL,HIGH_RISK,DETERIORATING_BUSINESS,READY,200717.84323758737,93.17,40.0,PASS,AVOID,"Phát hiện rủi ro tài chính nghiêm trọng (PROFIT_CASH_DIVERGENCE, WEAK_PROFITABILITY_ROE, UNSTABLE_EARNINGS_HISTORY, EXCESSIVE_DEBT_LEVERAGE)."
TVH,NORMAL_ENTERPRISE,2016,2025,10,READY,UNKNOWN,FAIL,FAIL,UNKNOWN,FAIL,PASS,WATCH,UNKNOWN,PASS,2,0,2,0,POSSIBLY_STRUCTURAL,HIGH_RISK,DETERIORATING_BUSINESS,READY,107451.69590889997,-26.1,45.0,FAIL,AVOID,"Phát hiện rủi ro tài chính nghiêm trọng (PROFIT_CASH_DIVERGENCE, EXCESSIVE_DEBT_LEVERAGE)."
TVM,NORMAL_ENTERPRISE,2016,2025,10,READY,UNKNOWN,FAIL,FAIL,UNKNOWN,FAIL,FAIL,WATCH,UNKNOWN,PASS,3,0,3,0,POSSIBLY_STRUCTURAL,HIGH_RISK,DETERIORATING_BUSINESS,READY,59352.050419716696,88.71,45.0,PASS,AVOID,"Phát hiện rủi ro tài chính nghiêm trọng (PROFIT_CASH_DIVERGENCE, WEAK_PROFITABILITY_ROE, EXCESSIVE_DEBT_LEVERAGE)."
TVN,NORMAL_ENTERPRISE,2011,2025,15,READY,UNKNOWN,FAIL,FAIL,UNKNOWN,WATCH,FAIL,WATCH,UNKNOWN,WATCH,4,0,3,1,POSSIBLY_STRUCTURAL,HIGH_RISK,DETERIORATING_BUSINESS,READY,16551.607921432507,44.42,45.0,FAIL,AVOID,"Phát hiện rủi ro tài chính nghiêm trọng (PROFIT_CASH_DIVERGENCE, WEAK_PROFITABILITY_ROE, UNSTABLE_EARNINGS_HISTORY)."
TVS,NORMAL_ENTERPRISE,2011,2025,15,READY,UNKNOWN,FAIL,FAIL,UNKNOWN,WATCH,PASS,WATCH,UNKNOWN,WATCH,2,0,1,1,POSSIBLY_STRUCTURAL,HIGH_RISK,DETERIORATING_BUSINESS,READY,18222.76768235485,19.880447062181368,50.0,FAIL,AVOID,Phát hiện rủi ro tài chính nghiêm trọng (PROFIT_CASH_DIVERGENCE).
TVT,NORMAL_ENTERPRISE,2016,2025,10,READY,UNKNOWN,PASS,PASS,UNKNOWN,WATCH,WATCH,WATCH,UNKNOWN,PASS,0,0,0,0,NO_DETERIORATION,CLEAR,AVERAGE_BUSINESS,READY,115929.19978084925,87.40610646187534,45.0,PASS,BUY,Doanh nghiệp đạt chuẩn chất lượng BCTC và mức giá hiện tại (MOS 87.4%) đạt/vượt Biên an toàn yêu cầu (45.0%).
TXM,NORMAL_ENTERPRISE,2016,2025,10,READY,UNKNOWN,FAIL,FAIL,UNKNOWN,PASS,FAIL,WATCH,UNKNOWN,PASS,3,0,3,0,POSSIBLY_STRUCTURAL,HIGH_RISK,DETERIORATING_BUSINESS,READY,16709.0816430874,74.27,50.0,PASS,AVOID,"Phát hiện rủi ro tài chính nghiêm trọng (PROFIT_CASH_DIVERGENCE, WEAK_PROFITABILITY_ROE, UNSTABLE_EARNINGS_HISTORY)."
TYA,NORMAL_ENTERPRISE,2016,2025,10,READY,UNKNOWN,FAIL,FAIL,UNKNOWN,WATCH,WATCH,PASS,UNKNOWN,PASS,1,0,1,0,POSSIBLY_STRUCTURAL,HIGH_RISK,DETERIORATING_BUSINESS,INCOMPLETE,-9867.37770306519,,0.0,UNKNOWN,AVOID,Phát hiện rủi ro tài chính nghiêm trọng (PROFIT_CASH_DIVERGENCE).
UCT,NORMAL_ENTERPRISE,2016,2025,10,READY,UNKNOWN,UNKNOWN,UNKNOWN,UNKNOWN,PASS,FAIL,WATCH,UNKNOWN,PASS,2,0,2,0,NO_DETERIORATION,HIGH_RISK,WEAK_BUSINESS,INCOMPLETE,,,40.0,UNKNOWN,AVOID,"Phát hiện rủi ro tài chính nghiêm trọng (WEAK_PROFITABILITY_ROE, UNSTABLE_EARNINGS_HISTORY)."
UDC,NORMAL_ENTERPRISE,2016,2025,10,READY,UNKNOWN,FAIL,FAIL,UNKNOWN,FAIL,FAIL,WATCH,UNKNOWN,PASS,4,0,4,0,POSSIBLY_STRUCTURAL,HIGH_RISK,DETERIORATING_BUSINESS,INCOMPLETE,,,0.0,UNKNOWN,AVOID,"Phát hiện rủi ro tài chính nghiêm trọng (PROFIT_CASH_DIVERGENCE, WEAK_PROFITABILITY_ROE, UNSTABLE_EARNINGS_HISTORY, EXCESSIVE_DEBT_LEVERAGE)."
UDJ,NORMAL_ENTERPRISE,2016,2025,10,READY,UNKNOWN,FAIL,FAIL,UNKNOWN,PASS,WATCH,WATCH,UNKNOWN,PASS,1,0,1,0,POSSIBLY_STRUCTURAL,HIGH_RISK,DETERIORATING_BUSINESS,READY,29823.179053874177,77.87,46.0,PASS,AVOID,Phát hiện rủi ro tài chính nghiêm trọng (PROFIT_CASH_DIVERGENCE).
UDL,NORMAL_ENTERPRISE,2016,2025,10,READY,UNKNOWN,FAIL,FAIL,UNKNOWN,PASS,FAIL,PASS,UNKNOWN,PASS,2,0,2,0,POSSIBLY_STRUCTURAL,HIGH_RISK,DETERIORATING_BUSINESS,READY,66709.74262050803,58.03,35.0,PASS,AVOID,"Phát hiện rủi ro tài chính nghiêm trọng (PROFIT_CASH_DIVERGENCE, WEAK_PROFITABILITY_ROE)."
UEM,NORMAL_ENTERPRISE,2016,2025,10,READY,UNKNOWN,FAIL,FAIL,UNKNOWN,FAIL,WATCH,WATCH,UNKNOWN,PASS,2,0,2,0,POSSIBLY_STRUCTURAL,HIGH_RISK,DETERIORATING_BUSINESS,READY,43165.12757797578,79.15,46.0,PASS,AVOID,"Phát hiện rủi ro tài chính nghiêm trọng (PROFIT_CASH_DIVERGENCE, EXCESSIVE_DEBT_LEVERAGE)."
UIC,NORMAL_ENTERPRISE,2016,2025,10,READY,UNKNOWN,PASS,PASS,UNKNOWN,PASS,PASS,PASS,UNKNOWN,PASS,0,0,0,0,NO_DETERIORATION,CLEAR,AVERAGE_BUSINESS,READY,105555.52619763801,46.94735366564532,30.0,PASS,BUY,Doanh nghiệp đạt chuẩn chất lượng BCTC và mức giá hiện tại (MOS 46.9%) đạt/vượt Biên an toàn yêu cầu (30.0%).
ULG,NORMAL_ENTERPRISE,2025,2025,1,INSUFFICIENT,UNKNOWN,UNKNOWN,UNKNOWN,UNKNOWN,PASS,FAIL,WATCH,UNKNOWN,PASS,1,0,1,0,NO_DETERIORATION,HIGH_RISK,INSUFFICIENT_DATA,INCOMPLETE,,,30.0,UNKNOWN,AVOID,Phát hiện rủi ro tài chính nghiêm trọng (WEAK_PROFITABILITY_ROE).
UMC,NORMAL_ENTERPRISE,2016,2025,10,READY,UNKNOWN,FAIL,FAIL,UNKNOWN,PASS,FAIL,WATCH,UNKNOWN,PASS,2,0,2,0,POSSIBLY_STRUCTURAL,HIGH_RISK,DETERIORATING_BUSINESS,READY,136689.57066358998,95.1,35.0,PASS,AVOID,"Phát hiện rủi ro tài chính nghiêm trọng (PROFIT_CASH_DIVERGENCE, WEAK_PROFITABILITY_ROE)."
UNI,NORMAL_ENTERPRISE,2011,2025,15,READY,UNKNOWN,FAIL,FAIL,UNKNOWN,PASS,FAIL,WATCH,UNKNOWN,PASS,4,0,4,0,POSSIBLY_STRUCTURAL,HIGH_RISK,DETERIORATING_BUSINESS,INCOMPLETE,,,0.0,UNKNOWN,AVOID,"Phát hiện rủi ro tài chính nghiêm trọng (PROFIT_CASH_DIVERGENCE, INVENTORY_BUILDUP, WEAK_PROFITABILITY_ROE, UNSTABLE_EARNINGS_HISTORY)."
UPC,NORMAL_ENTERPRISE,2016,2025,10,READY,UNKNOWN,FAIL,FAIL,UNKNOWN,FAIL,PASS,PASS,UNKNOWN,PASS,2,0,2,0,POSSIBLY_STRUCTURAL,HIGH_RISK,DETERIORATING_BUSINESS,READY,162931.28415462057,79.75,43.0,PASS,AVOID,"Phát hiện rủi ro tài chính nghiêm trọng (PROFIT_CASH_DIVERGENCE, EXCESSIVE_DEBT_LEVERAGE)."
UPH,NORMAL_ENTERPRISE,2016,2025,10,READY,UNKNOWN,FAIL,FAIL,UNKNOWN,WATCH,FAIL,WATCH,UNKNOWN,PASS,3,0,3,0,POSSIBLY_STRUCTURAL,HIGH_RISK,DETERIORATING_BUSINESS,READY,5841.896965440331,43.51,50.0,FAIL,AVOID,"Phát hiện rủi ro tài chính nghiêm trọng (PROFIT_CASH_DIVERGENCE, WEAK_PROFITABILITY_ROE, UNSTABLE_EARNINGS_HISTORY)."
UPS,NORMAL_ENTERPRISE,2021,2025,5,READY,UNKNOWN,FAIL,FAIL,UNKNOWN,FAIL,FAIL,PASS,UNKNOWN,PASS,3,0,3,0,POSSIBLY_STRUCTURAL,HIGH_RISK,DETERIORATING_BUSINESS,READY,5775.944872016838,-273.96,40.0,FAIL,AVOID,"Phát hiện rủi ro tài chính nghiêm trọng (PROFIT_CASH_DIVERGENCE, WEAK_PROFITABILITY_ROE, EXCESSIVE_DEBT_LEVERAGE)."
USC,NORMAL_ENTERPRISE,2016,2025,10,READY,UNKNOWN,FAIL,FAIL,UNKNOWN,FAIL,FAIL,WATCH,UNKNOWN,PASS,3,0,3,0,POSSIBLY_STRUCTURAL,HIGH_RISK,DETERIORATING_BUSINESS,READY,7063.384512759673,-35.91,50.0,FAIL,AVOID,"Phát hiện rủi ro tài chính nghiêm trọng (PROFIT_CASH_DIVERGENCE, WEAK_PROFITABILITY_ROE, EXCESSIVE_DEBT_LEVERAGE)."
USD,NORMAL_ENTERPRISE,2016,2025,10,READY,UNKNOWN,FAIL,FAIL,UNKNOWN,FAIL,PASS,PASS,UNKNOWN,PASS,2,0,2,0,POSSIBLY_STRUCTURAL,HIGH_RISK,DETERIORATING_BUSINESS,READY,3224.2777676030505,-414.84,45.0,FAIL,AVOID,"Phát hiện rủi ro tài chính nghiêm trọng (PROFIT_CASH_DIVERGENCE, EXCESSIVE_DEBT_LEVERAGE)."
UTT,NORMAL_ENTERPRISE,2023,2025,3,PARTIAL,UNKNOWN,WATCH,WATCH,UNKNOWN,FAIL,FAIL,WATCH,UNKNOWN,PASS,4,0,3,1,POSSIBLY_STRUCTURAL,HIGH_RISK,DETERIORATING_BUSINESS,INCOMPLETE,,,0.0,UNKNOWN,AVOID,"Phát hiện rủi ro tài chính nghiêm trọng (WEAK_PROFITABILITY_ROE, UNSTABLE_EARNINGS_HISTORY, EXCESSIVE_DEBT_LEVERAGE)."
UXC,NORMAL_ENTERPRISE,2016,2025,10,READY,UNKNOWN,FAIL,FAIL,UNKNOWN,PASS,FAIL,WATCH,UNKNOWN,PASS,3,0,3,0,POSSIBLY_STRUCTURAL,HIGH_RISK,DETERIORATING_BUSINESS,READY,5121.286322810686,76.57,45.0,PASS,AVOID,"Phát hiện rủi ro tài chính nghiêm trọng (PROFIT_CASH_DIVERGENCE, WEAK_PROFITABILITY_ROE, UNSTABLE_EARNINGS_HISTORY)."
V12,NORMAL_ENTERPRISE,2016,2025,10,READY,UNKNOWN,FAIL,FAIL,UNKNOWN,FAIL,FAIL,PASS,UNKNOWN,PASS,4,0,3,1,POSSIBLY_STRUCTURAL,HIGH_RISK,DETERIORATING_BUSINESS,READY,104935.91359473423,89.52,50.0,PASS,AVOID,"Phát hiện rủi ro tài chính nghiêm trọng (PROFIT_CASH_DIVERGENCE, WEAK_PROFITABILITY_ROE, EXCESSIVE_DEBT_LEVERAGE)."
V21,NORMAL_ENTERPRISE,2016,2025,10,READY,UNKNOWN,FAIL,FAIL,UNKNOWN,FAIL,FAIL,WATCH,UNKNOWN,PASS,4,0,4,0,POSSIBLY_STRUCTURAL,HIGH_RISK,DETERIORATING_BUSINESS,READY,2307.2702840768275,-155.71,50.0,FAIL,AVOID,"Phát hiện rủi ro tài chính nghiêm trọng (PROFIT_CASH_DIVERGENCE, WEAK_PROFITABILITY_ROE, UNSTABLE_EARNINGS_HISTORY, EXCESSIVE_DEBT_LEVERAGE)."
V68,NORMAL_ENTERPRISE,0,0,0,INSUFFICIENT,UNKNOWN,UNKNOWN,UNKNOWN,UNKNOWN,UNKNOWN,UNKNOWN,UNKNOWN,UNKNOWN,UNKNOWN,0,0,0,0,NO_DETERIORATION,CLEAR,INSUFFICIENT_DATA,INCOMPLETE,,,30.0,UNKNOWN,REVIEW_BUSINESS,Chưa đủ dữ liệu tài chính lịch sử (dưới 3-5 năm) để hoàn thành đánh giá BCTC.
VAB,NORMAL_ENTERPRISE,2011,2025,15,READY,UNKNOWN,FAIL,FAIL,UNKNOWN,FAIL,FAIL,PASS,UNKNOWN,PASS,3,0,3,0,POSSIBLY_STRUCTURAL,HIGH_RISK,DETERIORATING_BUSINESS,READY,16775.045580658556,46.229654300314024,30.0,PASS,AVOID,"Phát hiện rủi ro tài chính nghiêm trọng (PROFIT_CASH_DIVERGENCE, WEAK_PROFITABILITY_ROE, EXCESSIVE_DEBT_LEVERAGE)."
VAF,NORMAL_ENTERPRISE,2016,2025,10,READY,UNKNOWN,FAIL,FAIL,UNKNOWN,WATCH,FAIL,PASS,UNKNOWN,PASS,2,0,2,0,POSSIBLY_STRUCTURAL,HIGH_RISK,DETERIORATING_BUSINESS,READY,5673.076585171521,-340.68,50.0,FAIL,AVOID,"Phát hiện rủi ro tài chính nghiêm trọng (PROFIT_CASH_DIVERGENCE, WEAK_PROFITABILITY_ROE)."
VAV,NORMAL_ENTERPRISE,2016,2025,10,READY,UNKNOWN,PASS,PASS,UNKNOWN,PASS,PASS,PASS,UNKNOWN,PASS,1,0,0,1,POSSIBLY_CYCLICAL,WATCH,AVERAGE_BUSINESS,READY,19963.8715048138,-55.78,35.0,FAIL,WAIT_FOR_MOS,Doanh nghiệp có chất lượng tốt (AVERAGE_BUSINESS) nhưng mức giá hiện tại (MOS -55.8%) chưa đạt Biên an toàn yêu cầu (35.0%).
VBC,NORMAL_ENTERPRISE,2016,2025,10,READY,UNKNOWN,PASS,PASS,UNKNOWN,WATCH,PASS,WATCH,UNKNOWN,PASS,1,0,0,1,POSSIBLY_CYCLICAL,WATCH,AVERAGE_BUSINESS,READY,23757.04765945735,18.76094927007085,50.0,FAIL,WAIT_FOR_MOS,Doanh nghiệp có chất lượng tốt (AVERAGE_BUSINESS) nhưng mức giá hiện tại (MOS 18.8%) chưa đạt Biên an toàn yêu cầu (50.0%).
VBG,NORMAL_ENTERPRISE,2016,2025,10,READY,UNKNOWN,FAIL,FAIL,UNKNOWN,WATCH,FAIL,WATCH,UNKNOWN,PASS,2,0,2,0,POSSIBLY_STRUCTURAL,HIGH_RISK,DETERIORATING_BUSINESS,READY,31620.96555130784,86.4,38.0,PASS,AVOID,"Phát hiện rủi ro tài chính nghiêm trọng (PROFIT_CASH_DIVERGENCE, WEAK_PROFITABILITY_ROE)."
VBH,NORMAL_ENTERPRISE,2016,2025,10,READY,UNKNOWN,FAIL,FAIL,UNKNOWN,PASS,FAIL,WATCH,UNKNOWN,PASS,3,0,3,0,POSSIBLY_STRUCTURAL,HIGH_RISK,DETERIORATING_BUSINESS,READY,22326.790126539196,46.7,35.0,PASS,AVOID,"Phát hiện rủi ro tài chính nghiêm trọng (PROFIT_CASH_DIVERGENCE, WEAK_PROFITABILITY_ROE, UNSTABLE_EARNINGS_HISTORY)."
VBT,NORMAL_ENTERPRISE,2024,2025,2,INSUFFICIENT,UNKNOWN,FAIL,FAIL,UNKNOWN,PASS,WATCH,WATCH,UNKNOWN,PASS,2,0,2,0,POSSIBLY_STRUCTURAL,HIGH_RISK,INSUFFICIENT_DATA,READY,57577.54242827605,92.88,35.0,PASS,AVOID,"Phát hiện rủi ro tài chính nghiêm trọng (PROFIT_CASH_DIVERGENCE, UNSTABLE_EARNINGS_HISTORY)."
VC1,NORMAL_ENTERPRISE,2016,2025,10,READY,UNKNOWN,FAIL,FAIL,UNKNOWN,FAIL,FAIL,WATCH,UNKNOWN,PASS,3,0,3,0,POSSIBLY_STRUCTURAL,HIGH_RISK,DETERIORATING_BUSINESS,READY,2158.256378898789,-456.0,45.0,FAIL,AVOID,"Phát hiện rủi ro tài chính nghiêm trọng (PROFIT_CASH_DIVERGENCE, WEAK_PROFITABILITY_ROE, EXCESSIVE_DEBT_LEVERAGE)."
VC2,NORMAL_ENTERPRISE,2011,2025,15,READY,UNKNOWN,FAIL,FAIL,UNKNOWN,WATCH,FAIL,WATCH,UNKNOWN,PASS,2,0,2,0,POSSIBLY_STRUCTURAL,HIGH_RISK,DETERIORATING_BUSINESS,READY,21753.853977789382,85.75,50.0,PASS,AVOID,"Phát hiện rủi ro tài chính nghiêm trọng (PROFIT_CASH_DIVERGENCE, WEAK_PROFITABILITY_ROE)."
VC3,NORMAL_ENTERPRISE,2011,2025,15,READY,UNKNOWN,FAIL,FAIL,UNKNOWN,PASS,FAIL,WATCH,UNKNOWN,PASS,2,0,2,0,POSSIBLY_STRUCTURAL,HIGH_RISK,DETERIORATING_BUSINESS,READY,9298.311119234937,-150.58,50.0,FAIL,AVOID,"Phát hiện rủi ro tài chính nghiêm trọng (PROFIT_CASH_DIVERGENCE, WEAK_PROFITABILITY_ROE)."
VC6,NORMAL_ENTERPRISE,2016,2025,10,READY,UNKNOWN,FAIL,FAIL,UNKNOWN,FAIL,FAIL,PASS,UNKNOWN,PASS,3,0,3,0,POSSIBLY_STRUCTURAL,HIGH_RISK,DETERIORATING_BUSINESS,READY,204842.85236775555,90.24,46.0,PASS,AVOID,"Phát hiện rủi ro tài chính nghiêm trọng (PROFIT_CASH_DIVERGENCE, WEAK_PROFITABILITY_ROE, EXCESSIVE_DEBT_LEVERAGE)."
VC7,NORMAL_ENTERPRISE,2011,2025,15,READY,UNKNOWN,FAIL,FAIL,UNKNOWN,PASS,FAIL,PASS,UNKNOWN,PASS,2,0,2,0,POSSIBLY_STRUCTURAL,HIGH_RISK,DETERIORATING_BUSINESS,READY,3072.3578893811223,-131.09,50.0,FAIL,AVOID,"Phát hiện rủi ro tài chính nghiêm trọng (PROFIT_CASH_DIVERGENCE, WEAK_PROFITABILITY_ROE)."
VC9,NORMAL_ENTERPRISE,2016,2025,10,READY,UNKNOWN,FAIL,FAIL,UNKNOWN,FAIL,FAIL,WATCH,UNKNOWN,PASS,4,0,4,0,POSSIBLY_STRUCTURAL,HIGH_RISK,DETERIORATING_BUSINESS,INCOMPLETE,,,0.0,UNKNOWN,AVOID,"Phát hiện rủi ro tài chính nghiêm trọng (PROFIT_CASH_DIVERGENCE, WEAK_PROFITABILITY_ROE, UNSTABLE_EARNINGS_HISTORY, EXCESSIVE_DEBT_LEVERAGE)."
VCA,NORMAL_ENTERPRISE,2016,2025,10,READY,UNKNOWN,FAIL,FAIL,UNKNOWN,PASS,WATCH,WATCH,UNKNOWN,PASS,2,0,2,0,POSSIBLY_STRUCTURAL,HIGH_RISK,DETERIORATING_BUSINESS,READY,53446.61207162014,87.86,50.0,PASS,AVOID,"Phát hiện rủi ro tài chính nghiêm trọng (PROFIT_CASH_DIVERGENCE, UNSTABLE_EARNINGS_HISTORY)."
VCB,BANK,2011,2025,15,READY,UNKNOWN,NOT_APPLICABLE,NOT_APPLICABLE,UNKNOWN,PASS,PASS,PASS,UNKNOWN,PASS,0,0,0,0,NO_DETERIORATION,CLEAR,POTENTIAL_COMPOUNDER,READY,38705.53984188925,-50.36607224119575,30.0,FAIL,WAIT_FOR_MOS,Doanh nghiệp có chất lượng tốt (POTENTIAL_COMPOUNDER) nhưng mức giá hiện tại (MOS -50.4%) chưa đạt Biên an toàn yêu cầu (30.0%).
VCC,NORMAL_ENTERPRISE,2016,2025,10,READY,UNKNOWN,FAIL,FAIL,UNKNOWN,FAIL,FAIL,WATCH,UNKNOWN,PASS,4,0,3,1,POSSIBLY_STRUCTURAL,HIGH_RISK,DETERIORATING_BUSINESS,READY,48739.12890280593,80.1,50.0,PASS,AVOID,"Phát hiện rủi ro tài chính nghiêm trọng (PROFIT_CASH_DIVERGENCE, WEAK_PROFITABILITY_ROE, EXCESSIVE_DEBT_LEVERAGE)."
VCE,NORMAL_ENTERPRISE,2016,2025,10,READY,UNKNOWN,FAIL,FAIL,UNKNOWN,PASS,FAIL,WATCH,UNKNOWN,PASS,3,0,3,0,POSSIBLY_STRUCTURAL,HIGH_RISK,DETERIORATING_BUSINESS,INCOMPLETE,,,0.0,UNKNOWN,AVOID,"Phát hiện rủi ro tài chính nghiêm trọng (PROFIT_CASH_DIVERGENCE, WEAK_PROFITABILITY_ROE, UNSTABLE_EARNINGS_HISTORY)."
VCF,NORMAL_ENTERPRISE,2016,2025,10,READY,UNKNOWN,PASS,PASS,UNKNOWN,PASS,PASS,WATCH,UNKNOWN,PASS,0,0,0,0,NO_DETERIORATION,CLEAR,AVERAGE_BUSINESS,READY,202396.9930197771,-46.741310514914055,20.0,FAIL,WAIT_FOR_MOS,Doanh nghiệp có chất lượng tốt (AVERAGE_BUSINESS) nhưng mức giá hiện tại (MOS -46.7%) chưa đạt Biên an toàn yêu cầu (20.0%).
VCG,NORMAL_ENTERPRISE,2011,2025,15,READY,UNKNOWN,FAIL,FAIL,UNKNOWN,PASS,FAIL,PASS,UNKNOWN,WATCH,3,0,2,1,POSSIBLY_STRUCTURAL,HIGH_RISK,DETERIORATING_BUSINESS,READY,103667.07319975283,85.4823720440138,45.0,PASS,AVOID,"Phát hiện rủi ro tài chính nghiêm trọng (PROFIT_CASH_DIVERGENCE, WEAK_PROFITABILITY_ROE)."
VCI,SECURITIES,2011,2025,15,READY,UNKNOWN,NOT_APPLICABLE,NOT_APPLICABLE,UNKNOWN,PASS,PASS,PASS,UNKNOWN,PASS,0,0,0,0,NO_DETERIORATION,CLEAR,POTENTIAL_COMPOUNDER,READY,24806.49059120425,19.174379276731628,50.0,FAIL,WAIT_FOR_MOS,Doanh nghiệp có chất lượng tốt (POTENTIAL_COMPOUNDER) nhưng mức giá hiện tại (MOS 19.2%) chưa đạt Biên an toàn yêu cầu (50.0%).
VCK,NORMAL_ENTERPRISE,2011,2025,15,READY,UNKNOWN,FAIL,FAIL,UNKNOWN,PASS,FAIL,PASS,UNKNOWN,PASS,2,0,2,0,POSSIBLY_STRUCTURAL,HIGH_RISK,DETERIORATING_BUSINESS,READY,25182.142218058623,-15.16097299777583,50.0,FAIL,AVOID,"Phát hiện rủi ro tài chính nghiêm trọng (PROFIT_CASH_DIVERGENCE, WEAK_PROFITABILITY_ROE)."
VCM,NORMAL_ENTERPRISE,2016,2025,10,READY,UNKNOWN,FAIL,FAIL,UNKNOWN,PASS,WATCH,PASS,UNKNOWN,PASS,2,0,1,1,POSSIBLY_STRUCTURAL,HIGH_RISK,DETERIORATING_BUSINESS,READY,17805.61512591501,67.99,40.0,PASS,AVOID,Phát hiện rủi ro tài chính nghiêm trọng (PROFIT_CASH_DIVERGENCE).
VCP,NORMAL_ENTERPRISE,2016,2025,10,READY,UNKNOWN,PASS,PASS,UNKNOWN,FAIL,PASS,PASS,UNKNOWN,PASS,2,0,1,1,POSSIBLY_STRUCTURAL,HIGH_RISK,DETERIORATING_BUSINESS,READY,82627.71733381606,71.56,50.0,PASS,AVOID,Phát hiện rủi ro tài chính nghiêm trọng (EXCESSIVE_DEBT_LEVERAGE).
VCR,NORMAL_ENTERPRISE,2016,2025,10,READY,UNKNOWN,FAIL,FAIL,UNKNOWN,FAIL,FAIL,WATCH,UNKNOWN,PASS,4,0,4,0,POSSIBLY_STRUCTURAL,HIGH_RISK,DETERIORATING_BUSINESS,READY,121602.33083395462,60.28,38.0,PASS,AVOID,"Phát hiện rủi ro tài chính nghiêm trọng (PROFIT_CASH_DIVERGENCE, WEAK_PROFITABILITY_ROE, UNSTABLE_EARNINGS_HISTORY, EXCESSIVE_DEBT_LEVERAGE)."
VCS,NORMAL_ENTERPRISE,2011,2025,15,READY,UNKNOWN,PASS,PASS,UNKNOWN,PASS,PASS,PASS,UNKNOWN,PASS,0,0,0,0,NO_DETERIORATION,CLEAR,POTENTIAL_COMPOUNDER,READY,73132.60319539628,57.61124499127435,50.0,PASS,BUY,Doanh nghiệp đạt chuẩn chất lượng BCTC và mức giá hiện tại (MOS 57.6%) đạt/vượt Biên an toàn yêu cầu (50.0%).
VCT,NORMAL_ENTERPRISE,2016,2025,9,READY,UNKNOWN,PASS,PASS,UNKNOWN,PASS,FAIL,WATCH,UNKNOWN,PASS,2,0,2,0,NO_DETERIORATION,HIGH_RISK,WEAK_BUSINESS,READY,16749.830524589397,48.66,45.0,PASS,AVOID,"Phát hiện rủi ro tài chính nghiêm trọng (WEAK_PROFITABILITY_ROE, UNSTABLE_EARNINGS_HISTORY)."
VCX,NORMAL_ENTERPRISE,2016,2025,10,READY,UNKNOWN,PASS,PASS,UNKNOWN,WATCH,WATCH,WATCH,UNKNOWN,PASS,0,0,0,0,NO_DETERIORATION,CLEAR,AVERAGE_BUSINESS,READY,46076.07240395585,73.96,43.0,PASS,BUY,Doanh nghiệp đạt chuẩn chất lượng BCTC và mức giá hiện tại (MOS 74.0%) đạt/vượt Biên an toàn yêu cầu (43.0%).
VDB,NORMAL_ENTERPRISE,2018,2025,8,READY,UNKNOWN,PASS,PASS,UNKNOWN,FAIL,PASS,PASS,UNKNOWN,PASS,2,0,1,1,POSSIBLY_STRUCTURAL,HIGH_RISK,DETERIORATING_BUSINESS,READY,28280.60082694965,96.82,45.0,PASS,AVOID,Phát hiện rủi ro tài chính nghiêm trọng (EXCESSIVE_DEBT_LEVERAGE).
VDG,NORMAL_ENTERPRISE,2021,2025,5,READY,UNKNOWN,FAIL,FAIL,UNKNOWN,WATCH,FAIL,WATCH,UNKNOWN,PASS,2,0,2,0,POSSIBLY_STRUCTURAL,HIGH_RISK,DETERIORATING_BUSINESS,READY,7814.376544288719,-83.0,35.0,FAIL,AVOID,"Phát hiện rủi ro tài chính nghiêm trọng (PROFIT_CASH_DIVERGENCE, WEAK_PROFITABILITY_ROE)."
VDL,NORMAL_ENTERPRISE,2016,2025,10,READY,UNKNOWN,PASS,PASS,UNKNOWN,PASS,FAIL,WATCH,UNKNOWN,PASS,2,0,2,0,NO_DETERIORATION,HIGH_RISK,WEAK_BUSINESS,READY,1761.841941958195,-581.11,36.0,FAIL,AVOID,"Phát hiện rủi ro tài chính nghiêm trọng (WEAK_PROFITABILITY_ROE, UNSTABLE_EARNINGS_HISTORY)."
VDN,NORMAL_ENTERPRISE,2016,2025,10,READY,UNKNOWN,PASS,PASS,UNKNOWN,FAIL,WATCH,WATCH,UNKNOWN,PASS,2,0,2,0,POSSIBLY_STRUCTURAL,HIGH_RISK,DETERIORATING_BUSINESS,READY,272479.1874255059,82.71,46.0,PASS,AVOID,"Phát hiện rủi ro tài chính nghiêm trọng (UNSTABLE_EARNINGS_HISTORY, EXCESSIVE_DEBT_LEVERAGE)."
VDP,NORMAL_ENTERPRISE,2016,2025,10,READY,UNKNOWN,FAIL,FAIL,UNKNOWN,PASS,WATCH,WATCH,UNKNOWN,PASS,2,0,1,1,POSSIBLY_STRUCTURAL,HIGH_RISK,DETERIORATING_BUSINESS,READY,132107.55273839744,81.22741699022345,35.0,PASS,AVOID,Phát hiện rủi ro tài chính nghiêm trọng (PROFIT_CASH_DIVERGENCE).
VDS,SECURITIES,2011,2025,15,READY,UNKNOWN,NOT_APPLICABLE,NOT_APPLICABLE,UNKNOWN,PASS,FAIL,WATCH,UNKNOWN,PASS,1,0,1,0,NO_DETERIORATION,HIGH_RISK,WEAK_BUSINESS,READY,13936.641298859045,21.071370324351108,50.0,FAIL,AVOID,Phát hiện rủi ro tài chính nghiêm trọng (WEAK_SECURITIES_ROE).
VDT,NORMAL_ENTERPRISE,2016,2025,10,READY,UNKNOWN,PASS,PASS,UNKNOWN,PASS,WATCH,WATCH,UNKNOWN,PASS,0,0,0,0,NO_DETERIORATION,CLEAR,AVERAGE_BUSINESS,READY,19424.307410089103,52.64,40.0,PASS,BUY,Doanh nghiệp đạt chuẩn chất lượng BCTC và mức giá hiện tại (MOS 52.6%) đạt/vượt Biên an toàn yêu cầu (40.0%).
VE1,NORMAL_ENTERPRISE,2016,2025,10,READY,UNKNOWN,FAIL,FAIL,UNKNOWN,PASS,FAIL,WATCH,UNKNOWN,PASS,3,0,3,0,POSSIBLY_STRUCTURAL,HIGH_RISK,DETERIORATING_BUSINESS,READY,19424.307410089103,85.07,40.0,PASS,AVOID,"Phát hiện rủi ro tài chính nghiêm trọng (PROFIT_CASH_DIVERGENCE, WEAK_PROFITABILITY_ROE, UNSTABLE_EARNINGS_HISTORY)."
VE3,NORMAL_ENTERPRISE,2016,2025,10,READY,UNKNOWN,FAIL,FAIL,UNKNOWN,FAIL,FAIL,PASS,UNKNOWN,PASS,5,0,4,1,POSSIBLY_STRUCTURAL,HIGH_RISK,DETERIORATING_BUSINESS,READY,55426.647976514796,83.22,50.0,PASS,AVOID,"Phát hiện rủi ro tài chính nghiêm trọng (PROFIT_CASH_DIVERGENCE, WEAK_PROFITABILITY_ROE, UNSTABLE_EARNINGS_HISTORY, EXCESSIVE_DEBT_LEVERAGE)."
VE4,NORMAL_ENTERPRISE,2016,2025,10,READY,UNKNOWN,FAIL,FAIL,UNKNOWN,FAIL,FAIL,WATCH,UNKNOWN,PASS,4,0,4,0,POSSIBLY_STRUCTURAL,HIGH_RISK,DETERIORATING_BUSINESS,READY,6474.769136696367,-3915.59,40.0,FAIL,AVOID,"Phát hiện rủi ro tài chính nghiêm trọng (PROFIT_CASH_DIVERGENCE, WEAK_PROFITABILITY_ROE, UNSTABLE_EARNINGS_HISTORY, EXCESSIVE_DEBT_LEVERAGE)."
VE8,NORMAL_ENTERPRISE,2016,2025,10,READY,UNKNOWN,FAIL,FAIL,UNKNOWN,PASS,FAIL,WATCH,UNKNOWN,PASS,3,0,3,0,POSSIBLY_STRUCTURAL,HIGH_RISK,DETERIORATING_BUSINESS,INCOMPLETE,,,0.0,UNKNOWN,AVOID,"Phát hiện rủi ro tài chính nghiêm trọng (PROFIT_CASH_DIVERGENCE, WEAK_PROFITABILITY_ROE, UNSTABLE_EARNINGS_HISTORY)."
VE9,NORMAL_ENTERPRISE,2016,2025,10,READY,UNKNOWN,FAIL,FAIL,UNKNOWN,PASS,FAIL,WATCH,UNKNOWN,PASS,3,0,3,0,POSSIBLY_STRUCTURAL,HIGH_RISK,DETERIORATING_BUSINESS,READY,7251.741433099931,64.15,35.0,PASS,AVOID,"Phát hiện rủi ro tài chính nghiêm trọng (PROFIT_CASH_DIVERGENCE, WEAK_PROFITABILITY_ROE, UNSTABLE_EARNINGS_HISTORY)."
VEA,NORMAL_ENTERPRISE,2011,2025,15,READY,UNKNOWN,FAIL,FAIL,UNKNOWN,PASS,PASS,PASS,UNKNOWN,WATCH,2,0,1,1,POSSIBLY_STRUCTURAL,HIGH_RISK,DETERIORATING_BUSINESS,READY,37816.0,5.1,30.0,FAIL,AVOID,Phát hiện rủi ro tài chính nghiêm trọng (PROFIT_CASH_DIVERGENCE).
VEC,NORMAL_ENTERPRISE,2016,2025,10,READY,UNKNOWN,PASS,PASS,UNKNOWN,PASS,FAIL,PASS,UNKNOWN,PASS,1,0,1,0,NO_DETERIORATION,HIGH_RISK,WEAK_BUSINESS,READY,11678.236570753721,-156.89,35.0,FAIL,AVOID,Phát hiện rủi ro tài chính nghiêm trọng (WEAK_PROFITABILITY_ROE).
VEF,NORMAL_ENTERPRISE,2016,2025,10,READY,UNKNOWN,FAIL,FAIL,UNKNOWN,FAIL,WATCH,PASS,UNKNOWN,PASS,2,0,2,0,POSSIBLY_STRUCTURAL,HIGH_RISK,DETERIORATING_BUSINESS,READY,1130835.1104652085,93.09,43.0,PASS,AVOID,"Phát hiện rủi ro tài chính nghiêm trọng (PROFIT_CASH_DIVERGENCE, EXCESSIVE_DEBT_LEVERAGE)."
VES,NORMAL_ENTERPRISE,2016,2025,10,READY,UNKNOWN,PASS,PASS,UNKNOWN,PASS,FAIL,WATCH,UNKNOWN,PASS,2,0,2,0,NO_DETERIORATION,HIGH_RISK,WEAK_BUSINESS,READY,41188.471833842064,44.4,40.0,PASS,AVOID,"Phát hiện rủi ro tài chính nghiêm trọng (WEAK_PROFITABILITY_ROE, UNSTABLE_EARNINGS_HISTORY)."
VET,NORMAL_ENTERPRISE,2016,2025,10,READY,UNKNOWN,FAIL,FAIL,UNKNOWN,WATCH,PASS,WATCH,UNKNOWN,PASS,1,0,1,0,POSSIBLY_STRUCTURAL,HIGH_RISK,DETERIORATING_BUSINESS,READY,18614.961268002055,19.96,40.0,FAIL,AVOID,Phát hiện rủi ro tài chính nghiêm trọng (PROFIT_CASH_DIVERGENCE).
VFC,NORMAL_ENTERPRISE,2016,2025,10,READY,UNKNOWN,PASS,PASS,UNKNOWN,PASS,FAIL,WATCH,UNKNOWN,PASS,1,0,1,0,NO_DETERIORATION,HIGH_RISK,WEAK_BUSINESS,READY,3046.950181974761,-3234.48,50.0,FAIL,AVOID,Phát hiện rủi ro tài chính nghiêm trọng (WEAK_PROFITABILITY_ROE).
VFG,NORMAL_ENTERPRISE,2016,2025,10,READY,UNKNOWN,FAIL,FAIL,UNKNOWN,PASS,PASS,PASS,UNKNOWN,PASS,2,0,1,1,POSSIBLY_STRUCTURAL,HIGH_RISK,DETERIORATING_BUSINESS,READY,57400.93007546291,23.61,40.0,FAIL,AVOID,Phát hiện rủi ro tài chính nghiêm trọng (PROFIT_CASH_DIVERGENCE).
VFR,NORMAL_ENTERPRISE,2016,2025,10,READY,UNKNOWN,FAIL,FAIL,UNKNOWN,PASS,FAIL,WATCH,UNKNOWN,PASS,3,0,3,0,POSSIBLY_STRUCTURAL,HIGH_RISK,DETERIORATING_BUSINESS,READY,18714.061385334557,41.76,40.0,PASS,AVOID,"Phát hiện rủi ro tài chính nghiêm trọng (PROFIT_CASH_DIVERGENCE, WEAK_PROFITABILITY_ROE, UNSTABLE_EARNINGS_HISTORY)."
VFS,NORMAL_ENTERPRISE,2011,2025,15,READY,UNKNOWN,FAIL,FAIL,UNKNOWN,FAIL,FAIL,WATCH,UNKNOWN,PASS,3,0,3,0,POSSIBLY_STRUCTURAL,HIGH_RISK,DETERIORATING_BUSINESS,READY,14930.055575551825,31.68,50.0,FAIL,AVOID,"Phát hiện rủi ro tài chính nghiêm trọng (PROFIT_CASH_DIVERGENCE, WEAK_PROFITABILITY_ROE, EXCESSIVE_DEBT_LEVERAGE)."
VGC,NORMAL_ENTERPRISE,2011,2025,15,READY,UNKNOWN,PASS,PASS,UNKNOWN,PASS,WATCH,PASS,UNKNOWN,WATCH,1,0,0,1,POSSIBLY_CYCLICAL,WATCH,AVERAGE_BUSINESS,READY,37501.10824117129,-9.33,50.0,FAIL,WAIT_FOR_MOS,Doanh nghiệp có chất lượng tốt (AVERAGE_BUSINESS) nhưng mức giá hiện tại (MOS -9.3%) chưa đạt Biên an toàn yêu cầu (50.0%).
VGG,NORMAL_ENTERPRISE,2016,2025,10,READY,UNKNOWN,WATCH,WATCH,UNKNOWN,WATCH,PASS,WATCH,UNKNOWN,PASS,1,0,0,1,POSSIBLY_CYCLICAL,WATCH,AVERAGE_BUSINESS,READY,87170.01456603655,56.41,45.0,PASS,BUY,Doanh nghiệp đạt chuẩn chất lượng BCTC và mức giá hiện tại (MOS 56.4%) đạt/vượt Biên an toàn yêu cầu (45.0%).
VGI,NORMAL_ENTERPRISE,2011,2025,15,READY,UNKNOWN,PASS,PASS,UNKNOWN,PASS,FAIL,PASS,UNKNOWN,WATCH,3,0,2,1,POSSIBLY_CYCLICAL,HIGH_RISK,WEAK_BUSINESS,READY,118820.41946577615,29.305080408174693,35.0,FAIL,AVOID,"Phát hiện rủi ro tài chính nghiêm trọng (WEAK_PROFITABILITY_ROE, UNSTABLE_EARNINGS_HISTORY)."
VGL,NORMAL_ENTERPRISE,2016,2025,10,READY,UNKNOWN,PASS,PASS,UNKNOWN,PASS,WATCH,WATCH,UNKNOWN,PASS,0,0,0,0,NO_DETERIORATION,CLEAR,AVERAGE_BUSINESS,READY,13924.234702572832,-47.23,40.0,FAIL,WAIT_FOR_MOS,Doanh nghiệp có chất lượng tốt (AVERAGE_BUSINESS) nhưng mức giá hiện tại (MOS -47.2%) chưa đạt Biên an toàn yêu cầu (40.0%).
VGP,NORMAL_ENTERPRISE,2016,2025,10,READY,UNKNOWN,FAIL,FAIL,UNKNOWN,FAIL,FAIL,PASS,UNKNOWN,PASS,3,0,3,0,POSSIBLY_STRUCTURAL,HIGH_RISK,DETERIORATING_BUSINESS,READY,986989.4506522912,97.16,45.0,PASS,AVOID,"Phát hiện rủi ro tài chính nghiêm trọng (PROFIT_CASH_DIVERGENCE, WEAK_PROFITABILITY_ROE, EXCESSIVE_DEBT_LEVERAGE)."
VGR,NORMAL_ENTERPRISE,2015,2025,11,READY,UNKNOWN,PASS,PASS,UNKNOWN,PASS,PASS,WATCH,UNKNOWN,PASS,0,0,0,0,NO_DETERIORATION,CLEAR,AVERAGE_BUSINESS,READY,159034.40977388094,24.67,35.0,FAIL,WAIT_FOR_MOS,Doanh nghiệp có chất lượng tốt (AVERAGE_BUSINESS) nhưng mức giá hiện tại (MOS 24.7%) chưa đạt Biên an toàn yêu cầu (35.0%).
VGS,NORMAL_ENTERPRISE,2011,2025,15,READY,UNKNOWN,FAIL,FAIL,UNKNOWN,PASS,WATCH,PASS,UNKNOWN,PASS,1,0,1,0,POSSIBLY_STRUCTURAL,HIGH_RISK,DETERIORATING_BUSINESS,READY,29545.90620108866,43.13933075648571,50.0,FAIL,AVOID,Phát hiện rủi ro tài chính nghiêm trọng (PROFIT_CASH_DIVERGENCE).
VGT,NORMAL_ENTERPRISE,2011,2025,15,READY,UNKNOWN,PASS,PASS,UNKNOWN,PASS,FAIL,WATCH,UNKNOWN,WATCH,2,0,1,1,POSSIBLY_CYCLICAL,HIGH_RISK,WEAK_BUSINESS,READY,1827.5352479907042,-501.9,46.0,FAIL,AVOID,Phát hiện rủi ro tài chính nghiêm trọng (WEAK_PROFITABILITY_ROE).
VGV,NORMAL_ENTERPRISE,2016,2025,10,READY,UNKNOWN,FAIL,FAIL,UNKNOWN,FAIL,FAIL,WATCH,UNKNOWN,PASS,3,0,3,0,POSSIBLY_STRUCTURAL,HIGH_RISK,DETERIORATING_BUSINESS,READY,73584.05759098452,30.83,41.0,FAIL,AVOID,"Phát hiện rủi ro tài chính nghiêm trọng (PROFIT_CASH_DIVERGENCE, WEAK_PROFITABILITY_ROE, EXCESSIVE_DEBT_LEVERAGE)."
VHC,NORMAL_ENTERPRISE,2011,2025,15,READY,UNKNOWN,PASS,PASS,UNKNOWN,PASS,PASS,PASS,UNKNOWN,WATCH,1,0,0,1,POSSIBLY_CYCLICAL,WATCH,AVERAGE_BUSINESS,READY,40417.87758627817,-24.202464349693727,50.0,FAIL,WAIT_FOR_MOS,Doanh nghiệp có chất lượng tốt (AVERAGE_BUSINESS) nhưng mức giá hiện tại (MOS -24.2%) chưa đạt Biên an toàn yêu cầu (50.0%).
VHD,NORMAL_ENTERPRISE,2016,2025,10,READY,UNKNOWN,FAIL,FAIL,UNKNOWN,PASS,FAIL,WATCH,UNKNOWN,PASS,3,0,3,0,POSSIBLY_STRUCTURAL,HIGH_RISK,DETERIORATING_BUSINESS,READY,8609.173520193948,72.12,45.0,PASS,AVOID,"Phát hiện rủi ro tài chính nghiêm trọng (PROFIT_CASH_DIVERGENCE, WEAK_PROFITABILITY_ROE, UNSTABLE_EARNINGS_HISTORY)."
VHE,NORMAL_ENTERPRISE,2016,2025,10,READY,UNKNOWN,FAIL,FAIL,UNKNOWN,PASS,FAIL,PASS,UNKNOWN,PASS,3,0,2,1,POSSIBLY_STRUCTURAL,HIGH_RISK,DETERIORATING_BUSINESS,READY,4612.944379080008,39.3,25.0,PASS,AVOID,"Phát hiện rủi ro tài chính nghiêm trọng (PROFIT_CASH_DIVERGENCE, WEAK_PROFITABILITY_ROE)."
VHF,NORMAL_ENTERPRISE,2016,2025,10,READY,UNKNOWN,FAIL,FAIL,UNKNOWN,PASS,FAIL,WATCH,UNKNOWN,PASS,3,0,3,0,POSSIBLY_STRUCTURAL,HIGH_RISK,DETERIORATING_BUSINESS,READY,2513.7441457774703,16.46,40.0,FAIL,AVOID,"Phát hiện rủi ro tài chính nghiêm trọng (PROFIT_CASH_DIVERGENCE, WEAK_PROFITABILITY_ROE, UNSTABLE_EARNINGS_HISTORY)."
VHG,NORMAL_ENTERPRISE,2011,2025,15,READY,UNKNOWN,UNKNOWN,UNKNOWN,UNKNOWN,PASS,FAIL,WATCH,UNKNOWN,WATCH,4,0,3,1,POSSIBLY_STRUCTURAL,HIGH_RISK,DETERIORATING_BUSINESS,INCOMPLETE,,,0.0,UNKNOWN,AVOID,"Phát hiện rủi ro tài chính nghiêm trọng (INVENTORY_BUILDUP, WEAK_PROFITABILITY_ROE, UNSTABLE_EARNINGS_HISTORY)."
VHH,NORMAL_ENTERPRISE,2016,2025,10,READY,UNKNOWN,FAIL,FAIL,UNKNOWN,FAIL,FAIL,WATCH,UNKNOWN,PASS,4,0,4,0,POSSIBLY_STRUCTURAL,HIGH_RISK,DETERIORATING_BUSINESS,INCOMPLETE,,,0.0,UNKNOWN,AVOID,"Phát hiện rủi ro tài chính nghiêm trọng (PROFIT_CASH_DIVERGENCE, WEAK_PROFITABILITY_ROE, UNSTABLE_EARNINGS_HISTORY, EXCESSIVE_DEBT_LEVERAGE)."
VHL,NORMAL_ENTERPRISE,2016,2025,10,READY,UNKNOWN,PASS,PASS,UNKNOWN,PASS,WATCH,WATCH,UNKNOWN,PASS,1,0,1,0,NO_DETERIORATION,HIGH_RISK,AVERAGE_BUSINESS,READY,40920.54094392104,75.56,50.0,PASS,AVOID,Phát hiện rủi ro tài chính nghiêm trọng (UNSTABLE_EARNINGS_HISTORY).
VHM,NORMAL_ENTERPRISE,2011,2025,15,READY,UNKNOWN,WATCH,WATCH,UNKNOWN,PASS,PASS,PASS,UNKNOWN,PASS,1,0,0,1,POSSIBLY_CYCLICAL,WATCH,POTENTIAL_COMPOUNDER,READY,48716.25636801605,-47.79,50.0,FAIL,WAIT_FOR_MOS,Doanh nghiệp có chất lượng tốt (POTENTIAL_COMPOUNDER) nhưng mức giá hiện tại (MOS -47.8%) chưa đạt Biên an toàn yêu cầu (50.0%).
VIB,BANK,2011,2025,15,READY,UNKNOWN,NOT_APPLICABLE,NOT_APPLICABLE,UNKNOWN,PASS,PASS,PASS,UNKNOWN,PASS,0,0,0,0,NO_DETERIORATION,CLEAR,POTENTIAL_COMPOUNDER,READY,19776.804290928074,33.00232026830553,30.0,PASS,BUY,Doanh nghiệp đạt chuẩn chất lượng BCTC và mức giá hiện tại (MOS 33.0%) đạt/vượt Biên an toàn yêu cầu (30.0%).
VIC,NORMAL_ENTERPRISE,2011,2025,15,READY,UNKNOWN,FAIL,FAIL,UNKNOWN,FAIL,FAIL,PASS,UNKNOWN,WATCH,4,0,3,1,POSSIBLY_STRUCTURAL,HIGH_RISK,DETERIORATING_BUSINESS,INCOMPLETE,0.0,,0.0,UNKNOWN,AVOID,"Phát hiện rủi ro tài chính nghiêm trọng (PROFIT_CASH_DIVERGENCE, WEAK_PROFITABILITY_ROE, EXCESSIVE_DEBT_LEVERAGE)."
VID,NORMAL_ENTERPRISE,2016,2025,10,READY,UNKNOWN,FAIL,FAIL,UNKNOWN,PASS,FAIL,WATCH,UNKNOWN,PASS,2,0,2,0,POSSIBLY_STRUCTURAL,HIGH_RISK,DETERIORATING_BUSINESS,READY,158.69532197785213,-2767.13,40.0,FAIL,AVOID,"Phát hiện rủi ro tài chính nghiêm trọng (PROFIT_CASH_DIVERGENCE, WEAK_PROFITABILITY_ROE)."
VIE,NORMAL_ENTERPRISE,2016,2025,10,READY,UNKNOWN,FAIL,FAIL,UNKNOWN,FAIL,FAIL,WATCH,UNKNOWN,PASS,4,0,4,0,POSSIBLY_STRUCTURAL,HIGH_RISK,DETERIORATING_BUSINESS,READY,27402.07425992688,78.1,50.0,PASS,AVOID,"Phát hiện rủi ro tài chính nghiêm trọng (PROFIT_CASH_DIVERGENCE, WEAK_PROFITABILITY_ROE, UNSTABLE_EARNINGS_HISTORY, EXCESSIVE_DEBT_LEVERAGE)."
VIF,NORMAL_ENTERPRISE,2016,2025,10,READY,UNKNOWN,FAIL,FAIL,UNKNOWN,PASS,FAIL,WATCH,UNKNOWN,PASS,2,0,2,0,POSSIBLY_STRUCTURAL,HIGH_RISK,DETERIORATING_BUSINESS,READY,887.9683387469304,-1544.2,50.0,FAIL,AVOID,"Phát hiện rủi ro tài chính nghiêm trọng (PROFIT_CASH_DIVERGENCE, WEAK_PROFITABILITY_ROE)."
VIG,NORMAL_ENTERPRISE,2016,2025,10,READY,UNKNOWN,FAIL,FAIL,UNKNOWN,PASS,FAIL,WATCH,UNKNOWN,PASS,3,0,3,0,POSSIBLY_STRUCTURAL,HIGH_RISK,DETERIORATING_BUSINESS,READY,12726.743991483807,69.36,50.0,PASS,AVOID,"Phát hiện rủi ro tài chính nghiêm trọng (PROFIT_CASH_DIVERGENCE, WEAK_PROFITABILITY_ROE, UNSTABLE_EARNINGS_HISTORY)."
VIM,NORMAL_ENTERPRISE,2016,2025,10,READY,UNKNOWN,FAIL,FAIL,UNKNOWN,WATCH,PASS,WATCH,UNKNOWN,PASS,1,0,1,0,POSSIBLY_STRUCTURAL,HIGH_RISK,DETERIORATING_BUSINESS,READY,9961.18328722518,3.63,40.0,FAIL,AVOID,Phát hiện rủi ro tài chính nghiêm trọng (PROFIT_CASH_DIVERGENCE).
VIN,NORMAL_ENTERPRISE,2016,2025,10,READY,UNKNOWN,FAIL,FAIL,UNKNOWN,PASS,WATCH,WATCH,UNKNOWN,PASS,1,0,1,0,POSSIBLY_STRUCTURAL,HIGH_RISK,DETERIORATING_BUSINESS,READY,3046.950181974761,-451.37,40.0,FAIL,AVOID,Phát hiện rủi ro tài chính nghiêm trọng (PROFIT_CASH_DIVERGENCE).
VIP,NORMAL_ENTERPRISE,2011,2025,15,READY,UNKNOWN,PASS,PASS,UNKNOWN,PASS,FAIL,WATCH,UNKNOWN,PASS,1,0,1,0,NO_DETERIORATION,HIGH_RISK,WEAK_BUSINESS,READY,38511.65449124251,74.91668398147716,30.0,PASS,AVOID,Phát hiện rủi ro tài chính nghiêm trọng (WEAK_PROFITABILITY_ROE).
VIR,NORMAL_ENTERPRISE,2016,2025,10,READY,UNKNOWN,FAIL,FAIL,UNKNOWN,FAIL,FAIL,WATCH,UNKNOWN,PASS,4,0,4,0,POSSIBLY_STRUCTURAL,HIGH_RISK,DETERIORATING_BUSINESS,INCOMPLETE,,,0.0,UNKNOWN,AVOID,"Phát hiện rủi ro tài chính nghiêm trọng (PROFIT_CASH_DIVERGENCE, WEAK_PROFITABILITY_ROE, UNSTABLE_EARNINGS_HISTORY, EXCESSIVE_DEBT_LEVERAGE)."
VIT,NORMAL_ENTERPRISE,2016,2025,10,READY,UNKNOWN,FAIL,FAIL,UNKNOWN,FAIL,PASS,WATCH,UNKNOWN,PASS,3,0,2,1,POSSIBLY_STRUCTURAL,HIGH_RISK,DETERIORATING_BUSINESS,READY,25004.56868906934,-5.98,50.0,FAIL,AVOID,"Phát hiện rủi ro tài chính nghiêm trọng (PROFIT_CASH_DIVERGENCE, EXCESSIVE_DEBT_LEVERAGE)."
VIW,NORMAL_ENTERPRISE,2011,2025,15,READY,UNKNOWN,FAIL,FAIL,UNKNOWN,PASS,FAIL,WATCH,UNKNOWN,WATCH,4,0,3,1,POSSIBLY_STRUCTURAL,HIGH_RISK,DETERIORATING_BUSINESS,READY,34146.711702292974,30.59,35.0,FAIL,AVOID,"Phát hiện rủi ro tài chính nghiêm trọng (PROFIT_CASH_DIVERGENCE, WEAK_PROFITABILITY_ROE, UNSTABLE_EARNINGS_HISTORY)."
VIX,SECURITIES,2011,2025,15,READY,UNKNOWN,NOT_APPLICABLE,NOT_APPLICABLE,UNKNOWN,PASS,PASS,PASS,UNKNOWN,PASS,0,0,0,0,NO_DETERIORATION,CLEAR,WEAK_BUSINESS,READY,29397.752224474705,54.92852685189689,50.0,PASS,WAIT_FOR_MOS,"Doanh nghiệp có chất lượng tài chính yếu, không đạt tiêu chí mua dài hạn."
VJC,NORMAL_ENTERPRISE,2013,2025,13,READY,UNKNOWN,FAIL,FAIL,UNKNOWN,FAIL,FAIL,PASS,UNKNOWN,PASS,3,0,3,0,POSSIBLY_STRUCTURAL,HIGH_RISK,DETERIORATING_BUSINESS,READY,5659.332865259058,-2103.44,50.0,FAIL,AVOID,"Phát hiện rủi ro tài chính nghiêm trọng (PROFIT_CASH_DIVERGENCE, WEAK_PROFITABILITY_ROE, EXCESSIVE_DEBT_LEVERAGE)."
VKC,NORMAL_ENTERPRISE,2016,2025,10,READY,UNKNOWN,FAIL,FAIL,UNKNOWN,PASS,FAIL,WATCH,UNKNOWN,PASS,3,0,3,0,POSSIBLY_STRUCTURAL,HIGH_RISK,DETERIORATING_BUSINESS,READY,647.4769136696367,-85.33,50.0,FAIL,AVOID,"Phát hiện rủi ro tài chính nghiêm trọng (PROFIT_CASH_DIVERGENCE, WEAK_PROFITABILITY_ROE, UNSTABLE_EARNINGS_HISTORY)."
VLA,NORMAL_ENTERPRISE,2016,2025,10,READY,UNKNOWN,FAIL,FAIL,UNKNOWN,PASS,FAIL,WATCH,UNKNOWN,PASS,4,0,3,1,POSSIBLY_STRUCTURAL,HIGH_RISK,DETERIORATING_BUSINESS,READY,1618.6922841740918,-381.87,40.0,FAIL,AVOID,"Phát hiện rủi ro tài chính nghiêm trọng (PROFIT_CASH_DIVERGENCE, WEAK_PROFITABILITY_ROE, UNSTABLE_EARNINGS_HISTORY)."
VLB,NORMAL_ENTERPRISE,2011,2025,15,READY,UNKNOWN,PASS,PASS,UNKNOWN,PASS,PASS,PASS,UNKNOWN,PASS,0,0,0,0,NO_DETERIORATION,CLEAR,POTENTIAL_COMPOUNDER,READY,98349.4328776444,51.7,30.0,PASS,BUY,Doanh nghiệp đạt chuẩn chất lượng BCTC và mức giá hiện tại (MOS 51.7%) đạt/vượt Biên an toàn yêu cầu (30.0%).
VLC,NORMAL_ENTERPRISE,2013,2025,13,READY,UNKNOWN,FAIL,FAIL,UNKNOWN,PASS,FAIL,WATCH,UNKNOWN,WATCH,3,0,2,1,POSSIBLY_STRUCTURAL,HIGH_RISK,DETERIORATING_BUSINESS,READY,14.687859732794507,-80238.46,40.0,FAIL,AVOID,"Phát hiện rủi ro tài chính nghiêm trọng (PROFIT_CASH_DIVERGENCE, WEAK_PROFITABILITY_ROE)."
VLG,NORMAL_ENTERPRISE,2016,2025,10,READY,UNKNOWN,FAIL,FAIL,UNKNOWN,PASS,FAIL,WATCH,UNKNOWN,PASS,2,0,2,0,POSSIBLY_STRUCTURAL,HIGH_RISK,DETERIORATING_BUSINESS,READY,6727.02875235795,-10.0,35.0,FAIL,AVOID,"Phát hiện rủi ro tài chính nghiêm trọng (PROFIT_CASH_DIVERGENCE, WEAK_PROFITABILITY_ROE)."
VLP,NORMAL_ENTERPRISE,2016,2025,10,READY,UNKNOWN,FAIL,FAIL,UNKNOWN,PASS,PASS,WATCH,UNKNOWN,PASS,1,0,1,0,POSSIBLY_STRUCTURAL,HIGH_RISK,DETERIORATING_BUSINESS,READY,5549.802117168315,83.78,40.0,PASS,AVOID,Phát hiện rủi ro tài chính nghiêm trọng (PROFIT_CASH_DIVERGENCE).
VLS,NORMAL_ENTERPRISE,2023,2025,3,PARTIAL,UNKNOWN,FAIL,FAIL,UNKNOWN,FAIL,FAIL,PASS,UNKNOWN,PASS,4,0,4,0,POSSIBLY_STRUCTURAL,HIGH_RISK,DETERIORATING_BUSINESS,READY,7894.152543132108,-27.94,40.0,FAIL,AVOID,"Phát hiện rủi ro tài chính nghiêm trọng (PROFIT_CASH_DIVERGENCE, WEAK_PROFITABILITY_ROE, UNSTABLE_EARNINGS_HISTORY, EXCESSIVE_DEBT_LEVERAGE)."
VLW,NORMAL_ENTERPRISE,2017,2025,9,READY,UNKNOWN,PASS,PASS,UNKNOWN,PASS,PASS,PASS,UNKNOWN,PASS,0,0,0,0,NO_DETERIORATION,CLEAR,AVERAGE_BUSINESS,READY,16363.256658283271,-82.73,43.0,FAIL,WAIT_FOR_MOS,Doanh nghiệp có chất lượng tốt (AVERAGE_BUSINESS) nhưng mức giá hiện tại (MOS -82.7%) chưa đạt Biên an toàn yêu cầu (43.0%).
VMA,NORMAL_ENTERPRISE,2016,2025,10,READY,UNKNOWN,WATCH,WATCH,UNKNOWN,FAIL,WATCH,WATCH,UNKNOWN,PASS,2,0,1,1,POSSIBLY_STRUCTURAL,HIGH_RISK,DETERIORATING_BUSINESS,READY,9592.250572883508,76.02,50.0,PASS,AVOID,Phát hiện rủi ro tài chính nghiêm trọng (EXCESSIVE_DEBT_LEVERAGE).
VMC,NORMAL_ENTERPRISE,2016,2025,10,READY,UNKNOWN,FAIL,FAIL,UNKNOWN,FAIL,FAIL,WATCH,UNKNOWN,PASS,3,0,3,0,POSSIBLY_STRUCTURAL,HIGH_RISK,DETERIORATING_BUSINESS,READY,14594.167884674947,75.33,50.0,PASS,AVOID,"Phát hiện rủi ro tài chính nghiêm trọng (PROFIT_CASH_DIVERGENCE, WEAK_PROFITABILITY_ROE, EXCESSIVE_DEBT_LEVERAGE)."
VMD,NORMAL_ENTERPRISE,2016,2025,10,READY,UNKNOWN,WATCH,WATCH,UNKNOWN,FAIL,FAIL,PASS,UNKNOWN,PASS,3,0,2,1,POSSIBLY_STRUCTURAL,HIGH_RISK,DETERIORATING_BUSINESS,READY,12535.734501722567,-7.69,45.0,FAIL,AVOID,"Phát hiện rủi ro tài chính nghiêm trọng (WEAK_PROFITABILITY_ROE, EXCESSIVE_DEBT_LEVERAGE)."
VMG,NORMAL_ENTERPRISE,2016,2025,10,READY,UNKNOWN,FAIL,FAIL,UNKNOWN,PASS,FAIL,WATCH,UNKNOWN,PASS,3,0,3,0,POSSIBLY_STRUCTURAL,HIGH_RISK,DETERIORATING_BUSINESS,READY,2697.820473623486,11.04,50.0,FAIL,AVOID,"Phát hiện rủi ro tài chính nghiêm trọng (PROFIT_CASH_DIVERGENCE, WEAK_PROFITABILITY_ROE, UNSTABLE_EARNINGS_HISTORY)."
VMK,NORMAL_ENTERPRISE,2022,2025,4,PARTIAL,UNKNOWN,PASS,PASS,UNKNOWN,PASS,FAIL,PASS,UNKNOWN,PASS,2,0,1,1,POSSIBLY_CYCLICAL,HIGH_RISK,WEAK_BUSINESS,READY,10200.777284110583,-110.77,40.0,FAIL,AVOID,Phát hiện rủi ro tài chính nghiêm trọng (WEAK_PROFITABILITY_ROE).
VMS,NORMAL_ENTERPRISE,2016,2025,10,READY,UNKNOWN,WATCH,WATCH,UNKNOWN,PASS,FAIL,PASS,UNKNOWN,PASS,2,0,1,1,POSSIBLY_CYCLICAL,HIGH_RISK,WEAK_BUSINESS,READY,15463.23526456957,-132.81,33.0,FAIL,AVOID,Phát hiện rủi ro tài chính nghiêm trọng (WEAK_PROFITABILITY_ROE).
VMT,NORMAL_ENTERPRISE,2018,2025,8,READY,UNKNOWN,FAIL,FAIL,UNKNOWN,PASS,WATCH,WATCH,UNKNOWN,PASS,3,0,2,1,POSSIBLY_STRUCTURAL,HIGH_RISK,DETERIORATING_BUSINESS,READY,4245.750253571388,-290.98,50.0,FAIL,AVOID,"Phát hiện rủi ro tài chính nghiêm trọng (PROFIT_CASH_DIVERGENCE, UNSTABLE_EARNINGS_HISTORY)."
VNA,NORMAL_ENTERPRISE,2016,2025,10,READY,UNKNOWN,PASS,PASS,UNKNOWN,PASS,WATCH,WATCH,UNKNOWN,PASS,1,0,1,0,NO_DETERIORATION,HIGH_RISK,AVERAGE_BUSINESS,READY,8188.67861405717,-67.3,50.0,FAIL,AVOID,Phát hiện rủi ro tài chính nghiêm trọng (UNSTABLE_EARNINGS_HISTORY).
VNB,NORMAL_ENTERPRISE,2016,2025,10,READY,UNKNOWN,FAIL,FAIL,UNKNOWN,PASS,FAIL,PASS,UNKNOWN,PASS,2,0,2,0,POSSIBLY_STRUCTURAL,HIGH_RISK,DETERIORATING_BUSINESS,READY,15026.185049930942,-13.8,40.0,FAIL,AVOID,"Phát hiện rủi ro tài chính nghiêm trọng (PROFIT_CASH_DIVERGENCE, WEAK_PROFITABILITY_ROE)."
VNC,NORMAL_ENTERPRISE,2016,2025,10,READY,UNKNOWN,PASS,PASS,UNKNOWN,PASS,PASS,PASS,UNKNOWN,PASS,1,0,0,1,POSSIBLY_CYCLICAL,WATCH,AVERAGE_BUSINESS,READY,90603.38601064718,63.03,35.0,PASS,BUY,Doanh nghiệp đạt chuẩn chất lượng BCTC và mức giá hiện tại (MOS 63.0%) đạt/vượt Biên an toàn yêu cầu (35.0%).
VND,SECURITIES,2011,2025,15,READY,UNKNOWN,NOT_APPLICABLE,NOT_APPLICABLE,UNKNOWN,PASS,PASS,WATCH,UNKNOWN,PASS,0,0,0,0,NO_DETERIORATION,CLEAR,WEAK_BUSINESS,READY,17028.969575324878,11.033959318639699,50.0,FAIL,WAIT_FOR_MOS,"Doanh nghiệp có chất lượng tài chính yếu, không đạt tiêu chí mua dài hạn."
VNE,NORMAL_ENTERPRISE,2011,2025,15,READY,UNKNOWN,FAIL,FAIL,UNKNOWN,FAIL,FAIL,PASS,UNKNOWN,WATCH,5,0,4,1,POSSIBLY_STRUCTURAL,HIGH_RISK,DETERIORATING_BUSINESS,READY,25646.85444148724,91.81,45.0,PASS,AVOID,"Phát hiện rủi ro tài chính nghiêm trọng (PROFIT_CASH_DIVERGENCE, WEAK_PROFITABILITY_ROE, UNSTABLE_EARNINGS_HISTORY, EXCESSIVE_DEBT_LEVERAGE)."
VNF,NORMAL_ENTERPRISE,2016,2025,10,READY,UNKNOWN,FAIL,FAIL,UNKNOWN,PASS,WATCH,WATCH,UNKNOWN,PASS,2,0,1,1,POSSIBLY_STRUCTURAL,HIGH_RISK,DETERIORATING_BUSINESS,READY,8170.055692992261,-57.89,41.0,FAIL,AVOID,Phát hiện rủi ro tài chính nghiêm trọng (PROFIT_CASH_DIVERGENCE).
VNG,NORMAL_ENTERPRISE,2016,2025,10,READY,UNKNOWN,FAIL,FAIL,UNKNOWN,FAIL,FAIL,WATCH,UNKNOWN,PASS,4,0,3,1,POSSIBLY_STRUCTURAL,HIGH_RISK,DETERIORATING_BUSINESS,READY,465.81072925873144,-1196.66,40.0,FAIL,AVOID,"Phát hiện rủi ro tài chính nghiêm trọng (PROFIT_CASH_DIVERGENCE, WEAK_PROFITABILITY_ROE, EXCESSIVE_DEBT_LEVERAGE)."
VNH,NORMAL_ENTERPRISE,2016,2025,10,READY,UNKNOWN,FAIL,FAIL,UNKNOWN,PASS,PASS,WATCH,UNKNOWN,PASS,2,0,2,0,POSSIBLY_STRUCTURAL,HIGH_RISK,DETERIORATING_BUSINESS,READY,3237.3845683481836,78.38,40.0,PASS,AVOID,"Phát hiện rủi ro tài chính nghiêm trọng (PROFIT_CASH_DIVERGENCE, UNSTABLE_EARNINGS_HISTORY)."
VNI,NORMAL_ENTERPRISE,2016,2025,10,READY,UNKNOWN,PASS,PASS,UNKNOWN,FAIL,FAIL,WATCH,UNKNOWN,PASS,3,0,3,0,POSSIBLY_STRUCTURAL,HIGH_RISK,DETERIORATING_BUSINESS,READY,19546.47286549847,73.4,45.0,PASS,AVOID,"Phát hiện rủi ro tài chính nghiêm trọng (WEAK_PROFITABILITY_ROE, UNSTABLE_EARNINGS_HISTORY, EXCESSIVE_DEBT_LEVERAGE)."
VNL,NORMAL_ENTERPRISE,2016,2025,10,READY,UNKNOWN,FAIL,FAIL,UNKNOWN,PASS,WATCH,PASS,UNKNOWN,PASS,2,0,1,1,POSSIBLY_STRUCTURAL,HIGH_RISK,DETERIORATING_BUSINESS,READY,34427.874456391044,44.23,38.0,PASS,AVOID,Phát hiện rủi ro tài chính nghiêm trọng (PROFIT_CASH_DIVERGENCE).
VNM,NORMAL_ENTERPRISE,2011,2025,15,READY,UNKNOWN,PASS,PASS,UNKNOWN,PASS,PASS,PASS,UNKNOWN,PASS,0,0,0,0,NO_DETERIORATION,CLEAR,AVERAGE_BUSINESS,READY,42789.239864138865,-39.98846483412634,25.0,FAIL,WAIT_FOR_MOS,Doanh nghiệp có chất lượng tốt (AVERAGE_BUSINESS) nhưng mức giá hiện tại (MOS -40.0%) chưa đạt Biên an toàn yêu cầu (25.0%).
VNP,NORMAL_ENTERPRISE,2011,2025,15,READY,UNKNOWN,FAIL,FAIL,UNKNOWN,PASS,FAIL,PASS,UNKNOWN,PASS,4,0,4,0,POSSIBLY_STRUCTURAL,HIGH_RISK,DETERIORATING_BUSINESS,READY,3337.509864276478,-436.33,40.0,FAIL,AVOID,"Phát hiện rủi ro tài chính nghiêm trọng (PROFIT_CASH_DIVERGENCE, INVENTORY_BUILDUP, WEAK_PROFITABILITY_ROE, UNSTABLE_EARNINGS_HISTORY)."
VNR,NORMAL_ENTERPRISE,2016,2025,10,READY,UNKNOWN,FAIL,FAIL,UNKNOWN,WATCH,WATCH,PASS,UNKNOWN,PASS,1,0,1,0,POSSIBLY_STRUCTURAL,HIGH_RISK,DETERIORATING_BUSINESS,READY,26430.8814446553,33.03288035602312,30.0,PASS,AVOID,Phát hiện rủi ro tài chính nghiêm trọng (PROFIT_CASH_DIVERGENCE).
VNS,NORMAL_ENTERPRISE,2016,2025,10,READY,UNKNOWN,PASS,PASS,UNKNOWN,PASS,FAIL,WATCH,UNKNOWN,PASS,2,0,2,0,NO_DETERIORATION,HIGH_RISK,WEAK_BUSINESS,READY,5340.015782842364,-15.17,38.0,FAIL,AVOID,"Phát hiện rủi ro tài chính nghiêm trọng (WEAK_PROFITABILITY_ROE, UNSTABLE_EARNINGS_HISTORY)."
VNT,NORMAL_ENTERPRISE,2016,2025,10,READY,UNKNOWN,FAIL,FAIL,UNKNOWN,FAIL,FAIL,WATCH,UNKNOWN,PASS,5,0,4,1,POSSIBLY_STRUCTURAL,HIGH_RISK,DETERIORATING_BUSINESS,READY,8529.63598846228,-315.02,35.0,FAIL,AVOID,"Phát hiện rủi ro tài chính nghiêm trọng (PROFIT_CASH_DIVERGENCE, WEAK_PROFITABILITY_ROE, UNSTABLE_EARNINGS_HISTORY, EXCESSIVE_DEBT_LEVERAGE)."
VNX,NORMAL_ENTERPRISE,2016,2025,10,READY,UNKNOWN,FAIL,FAIL,UNKNOWN,PASS,PASS,PASS,UNKNOWN,PASS,2,0,1,1,POSSIBLY_STRUCTURAL,HIGH_RISK,DETERIORATING_BUSINESS,READY,509623.9930827714,99.92,40.0,PASS,AVOID,Phát hiện rủi ro tài chính nghiêm trọng (PROFIT_CASH_DIVERGENCE).
VNY,NORMAL_ENTERPRISE,2016,2025,10,READY,UNKNOWN,PASS,PASS,UNKNOWN,PASS,FAIL,WATCH,UNKNOWN,PASS,2,0,2,0,NO_DETERIORATION,HIGH_RISK,WEAK_BUSINESS,READY,7506.319324196612,25.4,40.0,FAIL,AVOID,"Phát hiện rủi ro tài chính nghiêm trọng (WEAK_PROFITABILITY_ROE, UNSTABLE_EARNINGS_HISTORY)."
VNZ,NORMAL_ENTERPRISE,2021,2025,5,READY,UNKNOWN,UNKNOWN,UNKNOWN,UNKNOWN,FAIL,FAIL,WATCH,UNKNOWN,PASS,3,0,3,0,POSSIBLY_STRUCTURAL,HIGH_RISK,DETERIORATING_BUSINESS,READY,695927.5670734871,14.93,38.0,FAIL,AVOID,"Phát hiện rủi ro tài chính nghiêm trọng (WEAK_PROFITABILITY_ROE, UNSTABLE_EARNINGS_HISTORY, EXCESSIVE_DEBT_LEVERAGE)."
VOS,NORMAL_ENTERPRISE,2011,2025,15,READY,UNKNOWN,PASS,PASS,UNKNOWN,PASS,FAIL,PASS,UNKNOWN,PASS,2,0,2,0,NO_DETERIORATION,HIGH_RISK,WEAK_BUSINESS,READY,16421.63286015709,30.27,50.0,FAIL,AVOID,"Phát hiện rủi ro tài chính nghiêm trọng (WEAK_PROFITABILITY_ROE, UNSTABLE_EARNINGS_HISTORY)."
VPA,NORMAL_ENTERPRISE,2016,2025,10,READY,UNKNOWN,FAIL,FAIL,UNKNOWN,PASS,FAIL,WATCH,UNKNOWN,PASS,3,0,3,0,POSSIBLY_STRUCTURAL,HIGH_RISK,DETERIORATING_BUSINESS,READY,13721.365057899586,85.42,45.0,PASS,AVOID,"Phát hiện rủi ro tài chính nghiêm trọng (PROFIT_CASH_DIVERGENCE, WEAK_PROFITABILITY_ROE, UNSTABLE_EARNINGS_HISTORY)."
VPB,BANK,2011,2025,15,READY,UNKNOWN,NOT_APPLICABLE,NOT_APPLICABLE,UNKNOWN,PASS,WATCH,PASS,UNKNOWN,PASS,0,0,0,0,NO_DETERIORATION,CLEAR,AVERAGE_BUSINESS,READY,31034.057712037193,13.159921754135,30.0,FAIL,WAIT_FOR_MOS,Doanh nghiệp có chất lượng tốt (AVERAGE_BUSINESS) nhưng mức giá hiện tại (MOS 13.2%) chưa đạt Biên an toàn yêu cầu (30.0%).
VPC,NORMAL_ENTERPRISE,2016,2024,9,READY,UNKNOWN,PASS,PASS,UNKNOWN,PASS,FAIL,WATCH,UNKNOWN,PASS,2,0,2,0,NO_DETERIORATION,HIGH_RISK,WEAK_BUSINESS,READY,36191.598097773516,93.09,41.0,PASS,AVOID,"Phát hiện rủi ro tài chính nghiêm trọng (WEAK_PROFITABILITY_ROE, UNSTABLE_EARNINGS_HISTORY)."
VPD,NORMAL_ENTERPRISE,2016,2025,10,READY,UNKNOWN,WATCH,WATCH,UNKNOWN,PASS,WATCH,PASS,UNKNOWN,PASS,1,0,0,1,POSSIBLY_CYCLICAL,WATCH,AVERAGE_BUSINESS,READY,26326.357074773874,22.51,30.0,FAIL,WAIT_FOR_MOS,Doanh nghiệp có chất lượng tốt (AVERAGE_BUSINESS) nhưng mức giá hiện tại (MOS 22.5%) chưa đạt Biên an toàn yêu cầu (30.0%).
VPG,NORMAL_ENTERPRISE,2015,2025,11,READY,UNKNOWN,FAIL,FAIL,UNKNOWN,FAIL,FAIL,WATCH,UNKNOWN,PASS,3,0,3,0,POSSIBLY_STRUCTURAL,HIGH_RISK,DETERIORATING_BUSINESS,READY,128600.33182162381,98.72,43.0,PASS,AVOID,"Phát hiện rủi ro tài chính nghiêm trọng (PROFIT_CASH_DIVERGENCE, WEAK_PROFITABILITY_ROE, EXCESSIVE_DEBT_LEVERAGE)."
VPH,NORMAL_ENTERPRISE,2016,2025,10,READY,UNKNOWN,FAIL,FAIL,UNKNOWN,WATCH,FAIL,WATCH,UNKNOWN,PASS,3,0,3,0,POSSIBLY_STRUCTURAL,HIGH_RISK,DETERIORATING_BUSINESS,READY,9360.531442585925,68.16,50.0,PASS,AVOID,"Phát hiện rủi ro tài chính nghiêm trọng (PROFIT_CASH_DIVERGENCE, WEAK_PROFITABILITY_ROE, UNSTABLE_EARNINGS_HISTORY)."
VPI,NORMAL_ENTERPRISE,2015,2025,11,READY,UNKNOWN,FAIL,FAIL,UNKNOWN,WATCH,WATCH,WATCH,UNKNOWN,PASS,1,0,1,0,POSSIBLY_STRUCTURAL,HIGH_RISK,DETERIORATING_BUSINESS,READY,12904.936891586845,-361.84,50.0,FAIL,AVOID,Phát hiện rủi ro tài chính nghiêm trọng (PROFIT_CASH_DIVERGENCE).
VPL,NORMAL_ENTERPRISE,2005,2025,14,READY,UNKNOWN,FAIL,FAIL,UNKNOWN,PASS,FAIL,WATCH,UNKNOWN,WATCH,5,0,4,1,POSSIBLY_STRUCTURAL,HIGH_RISK,DETERIORATING_BUSINESS,READY,12551.91751635974,-557.27,45.0,FAIL,AVOID,"Phát hiện rủi ro tài chính nghiêm trọng (PROFIT_CASH_DIVERGENCE, INVENTORY_BUILDUP, WEAK_PROFITABILITY_ROE, UNSTABLE_EARNINGS_HISTORY)."
VPR,NORMAL_ENTERPRISE,2016,2025,10,READY,UNKNOWN,FAIL,FAIL,UNKNOWN,PASS,FAIL,WATCH,UNKNOWN,PASS,2,0,2,0,POSSIBLY_STRUCTURAL,HIGH_RISK,DETERIORATING_BUSINESS,READY,33668.79951082111,79.51,40.0,PASS,AVOID,"Phát hiện rủi ro tài chính nghiêm trọng (PROFIT_CASH_DIVERGENCE, WEAK_PROFITABILITY_ROE)."
VPS,NORMAL_ENTERPRISE,2016,2025,10,READY,UNKNOWN,PASS,PASS,UNKNOWN,PASS,FAIL,WATCH,UNKNOWN,PASS,1,0,1,0,NO_DETERIORATION,HIGH_RISK,WEAK_BUSINESS,READY,14919.242848404618,42.69,50.0,FAIL,AVOID,Phát hiện rủi ro tài chính nghiêm trọng (WEAK_PROFITABILITY_ROE).
VPW,NORMAL_ENTERPRISE,2016,2025,10,READY,UNKNOWN,PASS,PASS,UNKNOWN,WATCH,FAIL,PASS,UNKNOWN,PASS,1,0,1,0,NO_DETERIORATION,HIGH_RISK,WEAK_BUSINESS,READY,50703.19692247905,81.66,38.0,PASS,AVOID,Phát hiện rủi ro tài chính nghiêm trọng (WEAK_PROFITABILITY_ROE).
VPX,NORMAL_ENTERPRISE,2011,2025,15,READY,UNKNOWN,FAIL,FAIL,UNKNOWN,WATCH,FAIL,WATCH,UNKNOWN,PASS,3,0,3,0,POSSIBLY_STRUCTURAL,HIGH_RISK,DETERIORATING_BUSINESS,READY,22882.02665784898,-4.89,50.0,FAIL,AVOID,"Phát hiện rủi ro tài chính nghiêm trọng (PROFIT_CASH_DIVERGENCE, WEAK_PROFITABILITY_ROE, UNSTABLE_EARNINGS_HISTORY)."
VQC,NORMAL_ENTERPRISE,2016,2025,10,READY,UNKNOWN,PASS,PASS,UNKNOWN,PASS,WATCH,WATCH,UNKNOWN,PASS,0,0,0,0,NO_DETERIORATION,CLEAR,AVERAGE_BUSINESS,READY,46762.22154280709,73.27,40.0,PASS,BUY,Doanh nghiệp đạt chuẩn chất lượng BCTC và mức giá hiện tại (MOS 73.3%) đạt/vượt Biên an toàn yêu cầu (40.0%).
VRC,NORMAL_ENTERPRISE,2011,2025,15,READY,UNKNOWN,FAIL,FAIL,UNKNOWN,PASS,FAIL,WATCH,UNKNOWN,PASS,3,0,3,0,POSSIBLY_STRUCTURAL,HIGH_RISK,DETERIORATING_BUSINESS,READY,1354.1060392053885,-745.58,50.0,FAIL,AVOID,"Phát hiện rủi ro tài chính nghiêm trọng (PROFIT_CASH_DIVERGENCE, INVENTORY_BUILDUP, WEAK_PROFITABILITY_ROE)."
VRE,NORMAL_ENTERPRISE,2012,2025,14,READY,UNKNOWN,PASS,PASS,UNKNOWN,PASS,FAIL,PASS,UNKNOWN,WATCH,3,0,1,2,POSSIBLY_CYCLICAL,HIGH_RISK,WEAK_BUSINESS,READY,18647.574145236857,-37.28,50.0,FAIL,AVOID,Phát hiện rủi ro tài chính nghiêm trọng (WEAK_PROFITABILITY_ROE).
VRG,NORMAL_ENTERPRISE,2016,2025,10,READY,UNKNOWN,FAIL,FAIL,UNKNOWN,FAIL,FAIL,WATCH,UNKNOWN,PASS,3,0,3,0,POSSIBLY_STRUCTURAL,HIGH_RISK,DETERIORATING_BUSINESS,INCOMPLETE,-6615.717239114688,,0.0,UNKNOWN,AVOID,"Phát hiện rủi ro tài chính nghiêm trọng (PROFIT_CASH_DIVERGENCE, WEAK_PROFITABILITY_ROE, EXCESSIVE_DEBT_LEVERAGE)."
VSA,NORMAL_ENTERPRISE,2016,2025,10,READY,UNKNOWN,FAIL,FAIL,UNKNOWN,WATCH,WATCH,WATCH,UNKNOWN,PASS,1,0,1,0,POSSIBLY_STRUCTURAL,HIGH_RISK,DETERIORATING_BUSINESS,READY,55104.418184649934,67.33,35.0,PASS,AVOID,Phát hiện rủi ro tài chính nghiêm trọng (PROFIT_CASH_DIVERGENCE).
VSC,NORMAL_ENTERPRISE,2011,2025,15,READY,UNKNOWN,PASS,PASS,UNKNOWN,WATCH,WATCH,WATCH,UNKNOWN,PASS,0,0,0,0,NO_DETERIORATION,CLEAR,AVERAGE_BUSINESS,INCOMPLETE,-6008.492060085642,,0.0,UNKNOWN,WAIT_FOR_MOS,Doanh nghiệp chất lượng ổn định nhưng chưa có định giá chuẩn để xác định Biên an toàn.
VSE,NORMAL_ENTERPRISE,2016,2025,10,READY,UNKNOWN,FAIL,FAIL,UNKNOWN,PASS,FAIL,WATCH,UNKNOWN,PASS,2,0,2,0,POSSIBLY_STRUCTURAL,HIGH_RISK,DETERIORATING_BUSINESS,READY,5820.0172015248245,-15.12,46.0,FAIL,AVOID,"Phát hiện rủi ro tài chính nghiêm trọng (PROFIT_CASH_DIVERGENCE, WEAK_PROFITABILITY_ROE)."
VSF,NORMAL_ENTERPRISE,2016,2025,9,READY,UNKNOWN,FAIL,FAIL,UNKNOWN,FAIL,FAIL,WATCH,UNKNOWN,PASS,4,0,4,0,POSSIBLY_STRUCTURAL,HIGH_RISK,DETERIORATING_BUSINESS,READY,28882.07277113934,12.75,46.0,FAIL,AVOID,"Phát hiện rủi ro tài chính nghiêm trọng (PROFIT_CASH_DIVERGENCE, WEAK_PROFITABILITY_ROE, UNSTABLE_EARNINGS_HISTORY, EXCESSIVE_DEBT_LEVERAGE)."
VSG,NORMAL_ENTERPRISE,2016,2025,10,READY,UNKNOWN,UNKNOWN,UNKNOWN,UNKNOWN,PASS,PASS,WATCH,UNKNOWN,PASS,1,0,1,0,NO_DETERIORATION,HIGH_RISK,WEAK_BUSINESS,READY,23449.762734425156,95.31,45.0,PASS,AVOID,Phát hiện rủi ro tài chính nghiêm trọng (UNSTABLE_EARNINGS_HISTORY).
VSH,NORMAL_ENTERPRISE,2016,2025,10,READY,UNKNOWN,PASS,PASS,UNKNOWN,PASS,FAIL,PASS,UNKNOWN,PASS,1,0,1,0,NO_DETERIORATION,HIGH_RISK,WEAK_BUSINESS,READY,39801.02359033715,-3.0124260672379717,33.0,FAIL,AVOID,Phát hiện rủi ro tài chính nghiêm trọng (WEAK_PROFITABILITY_ROE).
VSI,NORMAL_ENTERPRISE,2016,2025,10,READY,UNKNOWN,PASS,PASS,UNKNOWN,FAIL,WATCH,WATCH,UNKNOWN,PASS,1,0,1,0,POSSIBLY_STRUCTURAL,HIGH_RISK,DETERIORATING_BUSINESS,READY,68671.79387405238,73.06026396524611,48.0,PASS,AVOID,Phát hiện rủi ro tài chính nghiêm trọng (EXCESSIVE_DEBT_LEVERAGE).
VSM,NORMAL_ENTERPRISE,2016,2025,10,READY,UNKNOWN,PASS,PASS,UNKNOWN,PASS,PASS,WATCH,UNKNOWN,PASS,1,0,0,1,POSSIBLY_CYCLICAL,WATCH,AVERAGE_BUSINESS,READY,15539.445928071282,-1.033203324442126,35.0,FAIL,WAIT_FOR_MOS,Doanh nghiệp có chất lượng tốt (AVERAGE_BUSINESS) nhưng mức giá hiện tại (MOS -1.0%) chưa đạt Biên an toàn yêu cầu (35.0%).
VSN,NORMAL_ENTERPRISE,2016,2025,10,READY,UNKNOWN,FAIL,FAIL,UNKNOWN,PASS,WATCH,WATCH,UNKNOWN,PASS,1,0,1,0,POSSIBLY_STRUCTURAL,HIGH_RISK,DETERIORATING_BUSINESS,READY,6562.806788740446,-98.09,40.0,FAIL,AVOID,Phát hiện rủi ro tài chính nghiêm trọng (PROFIT_CASH_DIVERGENCE).
VST,NORMAL_ENTERPRISE,2016,2025,10,READY,UNKNOWN,WATCH,WATCH,UNKNOWN,PASS,PASS,WATCH,UNKNOWN,PASS,2,0,1,1,POSSIBLY_CYCLICAL,HIGH_RISK,WEAK_BUSINESS,READY,24833.444386456453,88.32,41.0,PASS,AVOID,Phát hiện rủi ro tài chính nghiêm trọng (UNSTABLE_EARNINGS_HISTORY).
VTA,NORMAL_ENTERPRISE,2016,2025,10,READY,UNKNOWN,PASS,PASS,UNKNOWN,PASS,FAIL,WATCH,UNKNOWN,PASS,2,0,2,0,NO_DETERIORATION,HIGH_RISK,WEAK_BUSINESS,READY,16186.922841740918,88.88,46.0,PASS,AVOID,"Phát hiện rủi ro tài chính nghiêm trọng (WEAK_PROFITABILITY_ROE, UNSTABLE_EARNINGS_HISTORY)."
VTB,NORMAL_ENTERPRISE,2016,2025,10,READY,UNKNOWN,PASS,PASS,UNKNOWN,PASS,FAIL,WATCH,UNKNOWN,PASS,1,0,1,0,NO_DETERIORATION,HIGH_RISK,WEAK_BUSINESS,READY,8957.144544797748,-46.25,33.0,FAIL,AVOID,Phát hiện rủi ro tài chính nghiêm trọng (WEAK_PROFITABILITY_ROE).
VTC,NORMAL_ENTERPRISE,2016,2025,10,READY,UNKNOWN,FAIL,FAIL,UNKNOWN,FAIL,WATCH,WATCH,UNKNOWN,PASS,2,0,2,0,POSSIBLY_STRUCTURAL,HIGH_RISK,DETERIORATING_BUSINESS,READY,7194.18792966263,-36.22,30.0,FAIL,AVOID,"Phát hiện rủi ro tài chính nghiêm trọng (PROFIT_CASH_DIVERGENCE, EXCESSIVE_DEBT_LEVERAGE)."
VTD,NORMAL_ENTERPRISE,2017,2025,9,READY,UNKNOWN,FAIL,FAIL,UNKNOWN,PASS,FAIL,WATCH,UNKNOWN,PASS,3,0,3,0,POSSIBLY_STRUCTURAL,HIGH_RISK,DETERIORATING_BUSINESS,READY,637.6597184359773,-605.71,40.0,FAIL,AVOID,"Phát hiện rủi ro tài chính nghiêm trọng (PROFIT_CASH_DIVERGENCE, WEAK_PROFITABILITY_ROE, UNSTABLE_EARNINGS_HISTORY)."
VTE,NORMAL_ENTERPRISE,2016,2025,10,READY,UNKNOWN,PASS,PASS,UNKNOWN,WATCH,FAIL,WATCH,UNKNOWN,PASS,1,0,1,0,NO_DETERIORATION,HIGH_RISK,WEAK_BUSINESS,READY,21582.56378898789,67.57,43.0,PASS,AVOID,Phát hiện rủi ro tài chính nghiêm trọng (WEAK_PROFITABILITY_ROE).
VTG,NORMAL_ENTERPRISE,2016,2025,10,READY,UNKNOWN,FAIL,FAIL,UNKNOWN,PASS,FAIL,WATCH,UNKNOWN,PASS,3,0,3,0,POSSIBLY_STRUCTURAL,HIGH_RISK,DETERIORATING_BUSINESS,INCOMPLETE,,,0.0,UNKNOWN,AVOID,"Phát hiện rủi ro tài chính nghiêm trọng (PROFIT_CASH_DIVERGENCE, WEAK_PROFITABILITY_ROE, UNSTABLE_EARNINGS_HISTORY)."
VTH,NORMAL_ENTERPRISE,2016,2025,10,READY,UNKNOWN,FAIL,FAIL,UNKNOWN,FAIL,FAIL,PASS,UNKNOWN,PASS,5,0,4,1,POSSIBLY_STRUCTURAL,HIGH_RISK,DETERIORATING_BUSINESS,INCOMPLETE,-64238.243527977895,,0.0,UNKNOWN,AVOID,"Phát hiện rủi ro tài chính nghiêm trọng (PROFIT_CASH_DIVERGENCE, WEAK_PROFITABILITY_ROE, UNSTABLE_EARNINGS_HISTORY, EXCESSIVE_DEBT_LEVERAGE)."
VTI,NORMAL_ENTERPRISE,2016,2025,10,READY,UNKNOWN,PASS,PASS,UNKNOWN,PASS,PASS,WATCH,UNKNOWN,PASS,1,0,1,0,NO_DETERIORATION,HIGH_RISK,WEAK_BUSINESS,READY,12854.52110026628,62.66,35.0,PASS,AVOID,Phát hiện rủi ro tài chính nghiêm trọng (UNSTABLE_EARNINGS_HISTORY).
VTJ,NORMAL_ENTERPRISE,2016,2025,10,READY,UNKNOWN,FAIL,FAIL,UNKNOWN,PASS,FAIL,WATCH,UNKNOWN,PASS,3,0,3,0,POSSIBLY_STRUCTURAL,HIGH_RISK,DETERIORATING_BUSINESS,READY,401.71552559554726,-995.3,50.0,FAIL,AVOID,"Phát hiện rủi ro tài chính nghiêm trọng (PROFIT_CASH_DIVERGENCE, WEAK_PROFITABILITY_ROE, UNSTABLE_EARNINGS_HISTORY)."
VTK,NORMAL_ENTERPRISE,2016,2025,10,READY,UNKNOWN,FAIL,FAIL,UNKNOWN,WATCH,PASS,PASS,UNKNOWN,PASS,2,0,1,1,POSSIBLY_STRUCTURAL,HIGH_RISK,DETERIORATING_BUSINESS,READY,29342.162063512293,-25.42,35.0,FAIL,AVOID,Phát hiện rủi ro tài chính nghiêm trọng (PROFIT_CASH_DIVERGENCE).
VTM,NORMAL_ENTERPRISE,2016,2025,10,READY,UNKNOWN,PASS,PASS,UNKNOWN,FAIL,WATCH,WATCH,UNKNOWN,PASS,1,0,1,0,POSSIBLY_STRUCTURAL,HIGH_RISK,DETERIORATING_BUSINESS,READY,43165.12757797578,49.5,50.0,FAIL,AVOID,Phát hiện rủi ro tài chính nghiêm trọng (EXCESSIVE_DEBT_LEVERAGE).
VTO,NORMAL_ENTERPRISE,2011,2025,15,READY,UNKNOWN,PASS,PASS,UNKNOWN,PASS,FAIL,WATCH,UNKNOWN,PASS,1,0,1,0,NO_DETERIORATION,HIGH_RISK,WEAK_BUSINESS,READY,34521.29727450128,70.16334606982466,35.0,PASS,AVOID,Phát hiện rủi ro tài chính nghiêm trọng (WEAK_PROFITABILITY_ROE).
VTP,NORMAL_ENTERPRISE,2011,2025,15,READY,UNKNOWN,FAIL,FAIL,UNKNOWN,WATCH,PASS,PASS,UNKNOWN,PASS,1,0,1,0,POSSIBLY_STRUCTURAL,HIGH_RISK,DETERIORATING_BUSINESS,READY,89114.75888817612,44.45364536965859,28.0,PASS,AVOID,Phát hiện rủi ro tài chính nghiêm trọng (PROFIT_CASH_DIVERGENCE).
VTQ,NORMAL_ENTERPRISE,2019,2025,7,READY,UNKNOWN,FAIL,FAIL,UNKNOWN,PASS,FAIL,PASS,UNKNOWN,PASS,3,0,3,0,POSSIBLY_STRUCTURAL,HIGH_RISK,DETERIORATING_BUSINESS,READY,9093.053447347393,56.01,41.0,PASS,AVOID,"Phát hiện rủi ro tài chính nghiêm trọng (PROFIT_CASH_DIVERGENCE, WEAK_PROFITABILITY_ROE, UNSTABLE_EARNINGS_HISTORY)."
VTR,NORMAL_ENTERPRISE,2016,2025,10,READY,UNKNOWN,FAIL,FAIL,UNKNOWN,FAIL,PASS,WATCH,UNKNOWN,PASS,4,0,3,1,POSSIBLY_STRUCTURAL,HIGH_RISK,DETERIORATING_BUSINESS,READY,292.0948482720166,-3220.84,40.0,FAIL,AVOID,"Phát hiện rủi ro tài chính nghiêm trọng (PROFIT_CASH_DIVERGENCE, UNSTABLE_EARNINGS_HISTORY, EXCESSIVE_DEBT_LEVERAGE)."
VTV,NORMAL_ENTERPRISE,2011,2025,15,READY,UNKNOWN,FAIL,FAIL,UNKNOWN,PASS,FAIL,WATCH,UNKNOWN,PASS,2,0,2,0,POSSIBLY_STRUCTURAL,HIGH_RISK,DETERIORATING_BUSINESS,READY,136966.27019934624,89.49,40.0,PASS,AVOID,"Phát hiện rủi ro tài chính nghiêm trọng (PROFIT_CASH_DIVERGENCE, WEAK_PROFITABILITY_ROE)."
VTX,NORMAL_ENTERPRISE,2016,2025,10,READY,UNKNOWN,FAIL,FAIL,UNKNOWN,FAIL,FAIL,WATCH,UNKNOWN,PASS,4,0,4,0,POSSIBLY_STRUCTURAL,HIGH_RISK,DETERIORATING_BUSINESS,INCOMPLETE,,,0.0,UNKNOWN,AVOID,"Phát hiện rủi ro tài chính nghiêm trọng (PROFIT_CASH_DIVERGENCE, WEAK_PROFITABILITY_ROE, UNSTABLE_EARNINGS_HISTORY, EXCESSIVE_DEBT_LEVERAGE)."
VUA,NORMAL_ENTERPRISE,2016,2025,10,READY,UNKNOWN,FAIL,FAIL,UNKNOWN,PASS,FAIL,WATCH,UNKNOWN,PASS,3,0,3,0,POSSIBLY_STRUCTURAL,HIGH_RISK,DETERIORATING_BUSINESS,READY,763.9845589022262,-2125.18,40.0,FAIL,AVOID,"Phát hiện rủi ro tài chính nghiêm trọng (PROFIT_CASH_DIVERGENCE, WEAK_PROFITABILITY_ROE, UNSTABLE_EARNINGS_HISTORY)."
VVN,NORMAL_ENTERPRISE,2016,2025,10,READY,UNKNOWN,FAIL,FAIL,UNKNOWN,PASS,PASS,WATCH,UNKNOWN,PASS,2,0,2,0,POSSIBLY_STRUCTURAL,HIGH_RISK,DETERIORATING_BUSINESS,INCOMPLETE,,,0.0,UNKNOWN,AVOID,"Phát hiện rủi ro tài chính nghiêm trọng (PROFIT_CASH_DIVERGENCE, UNSTABLE_EARNINGS_HISTORY)."
VVS,NORMAL_ENTERPRISE,2020,2025,6,READY,UNKNOWN,FAIL,FAIL,UNKNOWN,WATCH,WATCH,PASS,UNKNOWN,PASS,1,0,1,0,POSSIBLY_STRUCTURAL,HIGH_RISK,DETERIORATING_BUSINESS,READY,2648568.156196851,96.74,40.0,PASS,AVOID,Phát hiện rủi ro tài chính nghiêm trọng (PROFIT_CASH_DIVERGENCE).
VWS,NORMAL_ENTERPRISE,2016,2025,9,READY,UNKNOWN,FAIL,FAIL,UNKNOWN,FAIL,FAIL,WATCH,UNKNOWN,PASS,3,0,3,0,POSSIBLY_STRUCTURAL,HIGH_RISK,DETERIORATING_BUSINESS,READY,35970.93964831315,47.18,46.0,PASS,AVOID,"Phát hiện rủi ro tài chính nghiêm trọng (PROFIT_CASH_DIVERGENCE, WEAK_PROFITABILITY_ROE, EXCESSIVE_DEBT_LEVERAGE)."
VXB,NORMAL_ENTERPRISE,2016,2024,9,READY,UNKNOWN,FAIL,FAIL,UNKNOWN,PASS,FAIL,WATCH,UNKNOWN,PASS,3,0,3,0,POSSIBLY_STRUCTURAL,HIGH_RISK,DETERIORATING_BUSINESS,INCOMPLETE,,,0.0,UNKNOWN,AVOID,"Phát hiện rủi ro tài chính nghiêm trọng (PROFIT_CASH_DIVERGENCE, WEAK_PROFITABILITY_ROE, UNSTABLE_EARNINGS_HISTORY)."
VXP,NORMAL_ENTERPRISE,2016,2025,10,READY,UNKNOWN,FAIL,FAIL,UNKNOWN,FAIL,WATCH,WATCH,UNKNOWN,PASS,3,0,3,0,POSSIBLY_STRUCTURAL,HIGH_RISK,DETERIORATING_BUSINESS,READY,13108.197238848488,-133.44,35.0,FAIL,AVOID,"Phát hiện rủi ro tài chính nghiêm trọng (PROFIT_CASH_DIVERGENCE, UNSTABLE_EARNINGS_HISTORY, EXCESSIVE_DEBT_LEVERAGE)."
VXT,NORMAL_ENTERPRISE,2016,2025,10,READY,UNKNOWN,FAIL,FAIL,UNKNOWN,PASS,WATCH,WATCH,UNKNOWN,PASS,2,0,1,1,POSSIBLY_STRUCTURAL,HIGH_RISK,DETERIORATING_BUSINESS,READY,34532.102062380625,-116.9,43.0,FAIL,AVOID,Phát hiện rủi ro tài chính nghiêm trọng (PROFIT_CASH_DIVERGENCE).
WCS,NORMAL_ENTERPRISE,2016,2025,10,READY,UNKNOWN,WATCH,WATCH,UNKNOWN,PASS,PASS,WATCH,UNKNOWN,PASS,1,0,0,1,POSSIBLY_CYCLICAL,WATCH,AVERAGE_BUSINESS,READY,247353.4531856594,-16.392149085506013,35.0,FAIL,WAIT_FOR_MOS,Doanh nghiệp có chất lượng tốt (AVERAGE_BUSINESS) nhưng mức giá hiện tại (MOS -16.4%) chưa đạt Biên an toàn yêu cầu (35.0%).
WSB,NORMAL_ENTERPRISE,2016,2025,10,READY,UNKNOWN,PASS,PASS,UNKNOWN,PASS,PASS,WATCH,UNKNOWN,PASS,0,0,0,0,NO_DETERIORATION,CLEAR,AVERAGE_BUSINESS,READY,78272.79184955364,30.37,40.0,FAIL,WAIT_FOR_MOS,Doanh nghiệp có chất lượng tốt (AVERAGE_BUSINESS) nhưng mức giá hiện tại (MOS 30.4%) chưa đạt Biên an toàn yêu cầu (40.0%).
WSS,NORMAL_ENTERPRISE,2016,2025,10,READY,UNKNOWN,FAIL,FAIL,UNKNOWN,PASS,FAIL,PASS,UNKNOWN,PASS,3,0,3,0,POSSIBLY_STRUCTURAL,HIGH_RISK,DETERIORATING_BUSINESS,READY,12718.922215733108,52.83,45.0,PASS,AVOID,"Phát hiện rủi ro tài chính nghiêm trọng (PROFIT_CASH_DIVERGENCE, WEAK_PROFITABILITY_ROE, UNSTABLE_EARNINGS_HISTORY)."
WTC,NORMAL_ENTERPRISE,2016,2025,10,READY,UNKNOWN,FAIL,FAIL,UNKNOWN,FAIL,PASS,WATCH,UNKNOWN,PASS,3,0,2,1,POSSIBLY_STRUCTURAL,HIGH_RISK,DETERIORATING_BUSINESS,READY,11839.57784995907,23.14,50.0,FAIL,AVOID,"Phát hiện rủi ro tài chính nghiêm trọng (PROFIT_CASH_DIVERGENCE, EXCESSIVE_DEBT_LEVERAGE)."
X20,NORMAL_ENTERPRISE,2017,2025,9,READY,UNKNOWN,PASS,PASS,UNKNOWN,WATCH,FAIL,PASS,UNKNOWN,PASS,2,0,2,0,NO_DETERIORATION,HIGH_RISK,WEAK_BUSINESS,READY,52372.17301440506,79.95,43.0,PASS,AVOID,"Phát hiện rủi ro tài chính nghiêm trọng (WEAK_PROFITABILITY_ROE, UNSTABLE_EARNINGS_HISTORY)."
X77,NORMAL_ENTERPRISE,2016,2016,1,INSUFFICIENT,UNKNOWN,UNKNOWN,UNKNOWN,UNKNOWN,PASS,PASS,WATCH,UNKNOWN,PASS,1,0,1,0,NO_DETERIORATION,HIGH_RISK,INSUFFICIENT_DATA,INCOMPLETE,,,0.0,UNKNOWN,AVOID,Phát hiện rủi ro tài chính nghiêm trọng (UNSTABLE_EARNINGS_HISTORY).
XDH,NORMAL_ENTERPRISE,2016,2025,10,READY,UNKNOWN,FAIL,FAIL,UNKNOWN,PASS,PASS,WATCH,UNKNOWN,PASS,2,0,1,1,POSSIBLY_STRUCTURAL,HIGH_RISK,DETERIORATING_BUSINESS,READY,479.6125286441753,-3277.73,50.0,FAIL,AVOID,Phát hiện rủi ro tài chính nghiêm trọng (PROFIT_CASH_DIVERGENCE).
XHC,NORMAL_ENTERPRISE,2016,2025,10,READY,UNKNOWN,FAIL,FAIL,UNKNOWN,PASS,PASS,WATCH,UNKNOWN,PASS,1,0,1,0,POSSIBLY_STRUCTURAL,HIGH_RISK,DETERIORATING_BUSINESS,READY,26050.91660723111,30.9,40.0,FAIL,AVOID,Phát hiện rủi ro tài chính nghiêm trọng (PROFIT_CASH_DIVERGENCE).
XLV,NORMAL_ENTERPRISE,2016,2025,10,READY,UNKNOWN,FAIL,FAIL,UNKNOWN,FAIL,WATCH,PASS,UNKNOWN,PASS,2,0,2,0,POSSIBLY_STRUCTURAL,HIGH_RISK,DETERIORATING_BUSINESS,READY,106704.41292997703,89.04,41.0,PASS,AVOID,"Phát hiện rủi ro tài chính nghiêm trọng (PROFIT_CASH_DIVERGENCE, EXCESSIVE_DEBT_LEVERAGE)."
XMC,NORMAL_ENTERPRISE,2016,2025,10,READY,UNKNOWN,PASS,PASS,UNKNOWN,FAIL,WATCH,WATCH,UNKNOWN,PASS,2,0,1,1,POSSIBLY_STRUCTURAL,HIGH_RISK,DETERIORATING_BUSINESS,READY,36817.31469886169,73.11,50.0,PASS,AVOID,Phát hiện rủi ro tài chính nghiêm trọng (EXCESSIVE_DEBT_LEVERAGE).
XMD,NORMAL_ENTERPRISE,2016,2025,10,READY,UNKNOWN,FAIL,FAIL,UNKNOWN,FAIL,FAIL,WATCH,UNKNOWN,PASS,4,0,4,0,POSSIBLY_STRUCTURAL,HIGH_RISK,DETERIORATING_BUSINESS,READY,9712.153705044551,44.4,45.0,FAIL,AVOID,"Phát hiện rủi ro tài chính nghiêm trọng (PROFIT_CASH_DIVERGENCE, WEAK_PROFITABILITY_ROE, UNSTABLE_EARNINGS_HISTORY, EXCESSIVE_DEBT_LEVERAGE)."
XMP,NORMAL_ENTERPRISE,2018,2025,8,READY,UNKNOWN,PASS,PASS,UNKNOWN,WATCH,WATCH,WATCH,UNKNOWN,PASS,0,0,0,0,NO_DETERIORATION,CLEAR,AVERAGE_BUSINESS,READY,76347.67683661667,77.08,46.0,PASS,BUY,Doanh nghiệp đạt chuẩn chất lượng BCTC và mức giá hiện tại (MOS 77.1%) đạt/vượt Biên an toàn yêu cầu (46.0%).
XPH,NORMAL_ENTERPRISE,2016,2025,10,READY,UNKNOWN,UNKNOWN,UNKNOWN,UNKNOWN,PASS,FAIL,WATCH,UNKNOWN,PASS,2,0,2,0,NO_DETERIORATION,HIGH_RISK,WEAK_BUSINESS,READY,2834.5867041612823,-362.15,35.0,FAIL,AVOID,"Phát hiện rủi ro tài chính nghiêm trọng (WEAK_PROFITABILITY_ROE, UNSTABLE_EARNINGS_HISTORY)."
YBC,NORMAL_ENTERPRISE,2016,2025,10,READY,UNKNOWN,PASS,PASS,UNKNOWN,FAIL,FAIL,PASS,UNKNOWN,PASS,3,0,2,1,POSSIBLY_STRUCTURAL,HIGH_RISK,DETERIORATING_BUSINESS,READY,4560.77000002903,-75.41,35.0,FAIL,AVOID,"Phát hiện rủi ro tài chính nghiêm trọng (WEAK_PROFITABILITY_ROE, EXCESSIVE_DEBT_LEVERAGE)."
YBM,NORMAL_ENTERPRISE,2016,2025,10,READY,UNKNOWN,FAIL,FAIL,UNKNOWN,FAIL,FAIL,WATCH,UNKNOWN,PASS,3,0,3,0,POSSIBLY_STRUCTURAL,HIGH_RISK,DETERIORATING_BUSINESS,READY,27408.45327006907,61.69,50.0,PASS,AVOID,"Phát hiện rủi ro tài chính nghiêm trọng (PROFIT_CASH_DIVERGENCE, WEAK_PROFITABILITY_ROE, EXCESSIVE_DEBT_LEVERAGE)."
YEG,NORMAL_ENTERPRISE,2012,2025,14,READY,UNKNOWN,FAIL,FAIL,UNKNOWN,PASS,FAIL,PASS,UNKNOWN,WATCH,4,0,3,1,POSSIBLY_STRUCTURAL,HIGH_RISK,DETERIORATING_BUSINESS,READY,4942.840796550646,-42.63,46.0,FAIL,AVOID,"Phát hiện rủi ro tài chính nghiêm trọng (PROFIT_CASH_DIVERGENCE, WEAK_PROFITABILITY_ROE, UNSTABLE_EARNINGS_HISTORY)."
YTC,NORMAL_ENTERPRISE,2016,2025,9,READY,UNKNOWN,PASS,PASS,UNKNOWN,FAIL,PASS,WATCH,UNKNOWN,PASS,2,0,1,1,POSSIBLY_STRUCTURAL,HIGH_RISK,DETERIORATING_BUSINESS,READY,12254.323853791026,-72.18,40.0,FAIL,AVOID,Phát hiện rủi ro tài chính nghiêm trọng (EXCESSIVE_DEBT_LEVERAGE).
